Date,Toyota,Honda,Nikkei,Mon,Tue,Wed,Thr,Jan,Feb,Mar,Apr,May,Jun,Jul,Aug,Sep,Oct,Nov
2015/1/6,-0.028 ,-2.182 ,-3.019 ,0,1,0,0,1,0,0,0,0,0,0,0,0,0,0
2015/1/7,0.015 ,-0.811 ,0.013 ,0,0,1,0,1,0,0,0,0,0,0,0,0,0,0
2015/1/8,0.020 ,1.927 ,1.669 ,0,0,0,1,1,0,0,0,0,0,0,0,0,0,0
2015/1/9,0.007 ,1.145 ,0.178 ,0,0,0,0,1,0,0,0,0,0,0,0,0,0,0
2015/1/13,-0.012 ,-0.027 ,-0.640 ,0,1,0,0,1,0,0,0,0,0,0,0,0,0,0
2015/1/14,-0.016 ,0.495 ,-1.707 ,0,0,1,0,1,0,0,0,0,0,0,0,0,0,0
2015/1/15,0.018 ,1.226 ,1.862 ,0,0,0,1,1,0,0,0,0,0,0,0,0,0,0
2015/1/16,-0.002 ,-0.069 ,-1.429 ,0,0,0,0,1,0,0,0,0,0,0,0,0,0,0
2015/1/19,-0.007 ,0.975 ,0.890 ,1,0,0,0,1,0,0,0,0,0,0,0,0,0,0
2015/1/20,0.026 ,0.607 ,2.069 ,0,1,0,0,1,0,0,0,0,0,0,0,0,0,0
2015/1/21,-0.009 ,-0.261 ,-0.494 ,0,0,1,0,1,0,0,0,0,0,0,0,0,0,0
2015/1/22,0.000 ,0.441 ,0.281 ,0,0,0,1,1,0,0,0,0,0,0,0,0,0,0
2015/1/23,0.013 ,0.890 ,1.054 ,0,0,0,0,1,0,0,0,0,0,0,0,0,0,0
2015/1/26,0.005 ,-1.357 ,-0.247 ,1,0,0,0,1,0,0,0,0,0,0,0,0,0,0
2015/1/27,0.013 ,1.953 ,1.716 ,0,1,0,0,1,0,0,0,0,0,0,0,0,0,0
2015/1/28,-0.001 ,-1.551 ,0.154 ,0,0,1,0,1,0,0,0,0,0,0,0,0,0,0
2015/1/29,-0.011 ,-1.083 ,-1.065 ,0,0,0,1,1,0,0,0,0,0,0,0,0,0,0
2015/1/30,-0.011 ,-0.776 ,0.387 ,0,0,0,0,1,0,0,0,0,0,0,0,0,0,0
2015/2/2,0.002 ,3.310 ,-0.658 ,1,0,0,0,0,1,0,0,0,0,0,0,0,0,0
2015/2/3,-0.014 ,-2.866 ,-1.265 ,0,1,0,0,0,1,0,0,0,0,0,0,0,0,0
2015/2/4,0.024 ,2.657 ,1.978 ,0,0,1,0,0,1,0,0,0,0,0,0,0,0,0
2015/2/5,-0.010 ,1.356 ,-0.985 ,0,0,0,1,0,1,0,0,0,0,0,0,0,0,0
2015/2/6,-0.004 ,1.203 ,0.822 ,0,0,0,0,0,1,0,0,0,0,0,0,0,0,0
2015/2/9,0.010 ,0.965 ,0.359 ,1,0,0,0,0,1,0,0,0,0,0,0,0,0,0
2015/2/10,0.002 ,0.589 ,-0.335 ,0,1,0,0,0,1,0,0,0,0,0,0,0,0,0
2015/2/12,0.018 ,1.211 ,1.853 ,0,0,0,1,0,1,0,0,0,0,0,0,0,0,0
2015/2/13,-0.005 ,-0.193 ,-0.369 ,0,0,0,0,0,1,0,0,0,0,0,0,0,0,0
2015/2/16,0.003 ,1.417 ,0.510 ,1,0,0,0,0,1,0,0,0,0,0,0,0,0,0
2015/2/17,-0.003 ,-0.126 ,-0.098 ,0,1,0,0,0,1,0,0,0,0,0,0,0,0,0
2015/2/18,0.020 ,0.432 ,1.179 ,0,0,1,0,0,1,0,0,0,0,0,0,0,0,0
2015/2/19,0.005 ,0.227 ,0.361 ,0,0,0,1,0,1,0,0,0,0,0,0,0,0,0
2015/2/20,0.010 ,0.165 ,0.370 ,0,0,0,0,0,1,0,0,0,0,0,0,0,0,0
2015/2/23,0.006 ,-0.909 ,0.734 ,1,0,0,0,0,1,0,0,0,0,0,0,0,0,0
2015/2/24,0.009 ,-0.165 ,0.739 ,0,1,0,0,0,1,0,0,0,0,0,0,0,0,0
2015/2/25,-0.009 ,0.510 ,-0.098 ,0,0,1,0,0,1,0,0,0,0,0,0,0,0,0
2015/2/26,0.000 ,1.370 ,1.079 ,0,0,0,1,0,1,0,0,0,0,0,0,0,0,0
2015/2/27,-0.008 ,-1.163 ,0.065 ,0,0,0,0,0,1,0,0,0,0,0,0,0,0,0
2015/3/2,0.008 ,0.190 ,0.154 ,1,0,0,0,0,0,1,0,0,0,0,0,0,0,0
2015/3/3,0.001 ,1.086 ,-0.062 ,0,1,0,0,0,0,1,0,0,0,0,0,0,0,0
2015/3/4,-0.003 ,-0.738 ,-0.593 ,0,0,1,0,0,0,1,0,0,0,0,0,0,0,0
2015/3/5,-0.006 ,0.064 ,0.258 ,0,0,0,1,0,0,1,0,0,0,0,0,0,0,0
2015/3/6,0.016 ,2.402 ,1.169 ,0,0,0,0,0,0,1,0,0,0,0,0,0,0,0
2015/3/9,0.000 ,-0.687 ,-0.951 ,1,0,0,0,0,0,1,0,0,0,0,0,0,0,0
2015/3/10,-0.002 ,1.027 ,-0.668 ,0,1,0,0,0,0,1,0,0,0,0,0,0,0,0
2015/3/11,-0.002 ,-0.869 ,0.313 ,0,0,1,0,0,0,1,0,0,0,0,0,0,0,0
2015/3/12,0.012 ,1.903 ,1.429 ,0,0,0,1,0,0,1,0,0,0,0,0,0,0,0
2015/3/13,0.000 ,0.327 ,1.386 ,0,0,0,0,0,0,1,0,0,0,0,0,0,0,0
2015/3/16,0.003 ,-0.097 ,-0.043 ,1,0,0,0,0,0,1,0,0,0,0,0,0,0,0
2015/3/17,0.007 ,-0.265 ,0.992 ,0,1,0,0,0,0,1,0,0,0,0,0,0,0,0
2015/3/18,0.015 ,0.181 ,0.553 ,0,0,1,0,0,0,1,0,0,0,0,0,0,0,0
2015/3/19,0.003 ,-1.005 ,-0.348 ,0,0,0,1,0,0,1,0,0,0,0,0,0,0,0
2015/3/20,0.013 ,0.697 ,0.430 ,0,0,0,0,0,0,1,0,0,0,0,0,0,0,0
2015/3/23,0.017 ,0.437 ,0.993 ,1,0,0,0,0,0,1,0,0,0,0,0,0,0,0
2015/3/24,-0.006 ,-0.955 ,-0.207 ,0,1,0,0,0,0,1,0,0,0,0,0,0,0,0
2015/3/25,0.001 ,0.366 ,0.166 ,0,0,1,0,0,0,1,0,0,0,0,0,0,0,0
2015/3/26,-0.010 ,-1.448 ,-1.393 ,0,0,0,1,0,0,1,0,0,0,0,0,0,0,0
2015/3/27,0.000 ,-1.641 ,-0.953 ,0,0,0,0,0,0,1,0,0,0,0,0,0,0,0
2015/3/30,-0.006 ,0.277 ,0.652 ,1,0,0,0,0,0,1,0,0,0,0,0,0,0,0
2015/3/31,-0.005 ,-2.303 ,-1.053 ,0,1,0,0,0,0,1,0,0,0,0,0,0,0,0
2015/4/1,-0.018 ,-0.718 ,-0.896 ,0,0,1,0,0,0,0,1,0,0,0,0,0,0,0
2015/4/2,0.017 ,1.691 ,1.460 ,0,0,0,1,0,0,0,1,0,0,0,0,0,0,0
2015/4/3,0.006 ,1.396 ,0.633 ,0,0,0,0,0,0,0,1,0,0,0,0,0,0,0
2015/4/6,-0.011 ,1.013 ,-0.191 ,1,0,0,0,0,0,0,1,0,0,0,0,0,0,0
2015/4/7,0.009 ,0.261 ,1.250 ,0,1,0,0,0,0,0,1,0,0,0,0,0,0,0
2015/4/8,-0.005 ,0.729 ,0.760 ,0,0,1,0,0,0,0,1,0,0,0,0,0,0,0
2015/4/9,-0.001 ,0.687 ,0.747 ,0,0,0,1,0,0,0,1,0,0,0,0,0,0,0
2015/4/10,-0.005 ,1.644 ,-0.151 ,0,0,0,0,0,0,0,1,0,0,0,0,0,0,0
2015/4/13,-0.009 ,-2.540 ,-0.011 ,1,0,0,0,0,0,0,1,0,0,0,0,0,0,0
2015/4/14,0.004 ,1.094 ,0.016 ,0,1,0,0,0,0,0,1,0,0,0,0,0,0,0
2015/4/15,-0.001 ,0.852 ,-0.195 ,0,0,1,0,0,0,0,1,0,0,0,0,0,0,0
2015/4/16,0.004 ,1.677 ,0.081 ,0,0,0,1,0,0,0,1,0,0,0,0,0,0,0
2015/4/17,-0.001 ,0.321 ,-1.171 ,0,0,0,0,0,0,0,1,0,0,0,0,0,0,0
2015/4/20,-0.004 ,-1.194 ,-0.094 ,1,0,0,0,0,0,0,1,0,0,0,0,0,0,0
2015/4/21,0.022 ,1.555 ,1.399 ,0,1,0,0,0,0,0,1,0,0,0,0,0,0,0
2015/4/22,0.002 ,0.295 ,1.129 ,0,0,1,0,0,0,0,1,0,0,0,0,0,0,0
2015/4/23,0.002 ,1.528 ,0.267 ,0,0,0,1,0,0,0,1,0,0,0,0,0,0,0
2015/4/24,-0.008 ,0.602 ,-0.830 ,0,0,0,0,0,0,0,1,0,0,0,0,0,0,0
2015/4/27,-0.009 ,-0.678 ,-0.183 ,1,0,0,0,0,0,0,1,0,0,0,0,0,0,0
2015/4/28,0.021 ,0.324 ,0.378 ,0,1,0,0,0,0,0,1,0,0,0,0,0,0,0
2015/4/30,-0.018 ,-6.674 ,-2.687 ,0,0,0,1,0,0,0,1,0,0,0,0,0,0,0
2015/5/1,-0.005 ,1.435 ,0.060 ,0,0,0,0,0,0,0,0,1,0,0,0,0,0,0
2015/5/7,-0.012 ,-0.256 ,-1.227 ,0,0,0,1,0,0,0,0,1,0,0,0,0,0,0
2015/5/8,0.008 ,2.311 ,0.452 ,0,0,0,0,0,0,0,0,1,0,0,0,0,0,0
2015/5/11,-0.005 ,0.646 ,1.247 ,1,0,0,0,0,0,0,0,1,0,0,0,0,0,0
2015/5/12,0.006 ,-0.938 ,0.020 ,0,1,0,0,0,0,0,0,1,0,0,0,0,0,0
2015/5/13,-0.011 ,0.479 ,0.713 ,0,0,1,0,0,0,0,0,1,0,0,0,0,0,0
2015/5/14,-0.002 ,-0.071 ,-0.984 ,0,0,0,1,0,0,0,0,1,0,0,0,0,0,0
2015/5/15,0.014 ,-0.240 ,0.831 ,0,0,0,0,0,0,0,0,1,0,0,0,0,0,0
2015/5/18,0.007 ,1.402 ,0.797 ,1,0,0,0,0,0,0,0,1,0,0,0,0,0,0
2015/5/19,0.001 ,-1.323 ,0.684 ,0,1,0,0,0,0,0,0,1,0,0,0,0,0,0
2015/5/20,0.005 ,0.072 ,0.850 ,0,0,1,0,0,0,0,0,1,0,0,0,0,0,0
2015/5/21,0.002 ,-0.681 ,0.031 ,0,0,0,1,0,0,0,0,1,0,0,0,0,0,0
2015/5/22,-0.009 ,-0.746 ,0.305 ,0,0,0,0,0,0,0,0,1,0,0,0,0,0,0
2015/5/25,0.014 ,1.369 ,0.737 ,1,0,0,0,0,0,0,0,1,0,0,0,0,0,0
2015/5/26,-0.001 ,0.085 ,0.116 ,0,1,0,0,0,0,0,0,1,0,0,0,0,0,0
2015/5/27,0.005 ,0.633 ,0.172 ,0,0,1,0,0,0,0,0,1,0,0,0,0,0,0
2015/5/28,0.017 ,1.674 ,0.385 ,0,0,0,1,0,0,0,0,1,0,0,0,0,0,0
2015/5/29,-0.004 ,-0.467 ,0.057 ,0,0,0,0,0,0,0,0,1,0,0,0,0,0,0
2015/6/1,-0.010 ,-0.047 ,0.033 ,1,0,0,0,0,0,0,0,0,1,0,0,0,0,0
2015/6/2,-0.001 ,-1.374 ,-0.130 ,0,1,0,0,0,0,0,0,0,1,0,0,0,0,0
2015/6/3,0.000 ,1.798 ,-0.339 ,0,0,1,0,0,0,0,0,0,1,0,0,0,0,0
2015/6/4,0.001 ,-0.374 ,0.072 ,0,0,0,1,0,0,0,0,0,1,0,0,0,0,0
2015/6/5,-0.007 ,-0.751 ,-0.133 ,0,0,0,0,0,0,0,0,0,1,0,0,0,0,0
2015/6/8,-0.013 ,0.189 ,-0.018 ,1,0,0,0,0,0,0,0,0,1,0,0,0,0,0
2015/6/9,-0.017 ,-2.125 ,-1.764 ,0,1,0,0,0,0,0,0,0,1,0,0,0,0,0
2015/6/10,-0.004 ,-0.325 ,-0.249 ,0,0,1,0,0,0,0,0,0,1,0,0,0,0,0
2015/6/11,0.017 ,0.725 ,1.679 ,0,0,0,1,0,0,0,0,0,1,0,0,0,0,0
2015/6/12,0.009 ,-1.453 ,0.118 ,0,0,0,0,0,0,0,0,0,1,0,0,0,0,0
2015/6/15,0.002 ,-0.658 ,-0.095 ,1,0,0,0,0,0,0,0,0,1,0,0,0,0,0
2015/6/16,-0.002 ,-1.153 ,-0.637 ,0,1,0,0,0,0,0,0,0,1,0,0,0,0,0
2015/6/17,-0.010 ,-0.224 ,-0.191 ,0,0,1,0,0,0,0,0,0,1,0,0,0,0,0
2015/6/18,-0.015 ,-1.467 ,-1.130 ,0,0,0,1,0,0,0,0,0,1,0,0,0,0,0
2015/6/19,0.006 ,0.642 ,0.918 ,0,0,0,0,0,0,0,0,0,1,0,0,0,0,0
2015/6/22,0.008 ,2.183 ,1.259 ,1,0,0,0,0,0,0,0,0,1,0,0,0,0,0
2015/6/23,0.021 ,2.063 ,1.866 ,0,1,0,0,0,0,0,0,0,1,0,0,0,0,0
2015/6/24,-0.003 ,-2.310 ,0.282 ,0,0,1,0,0,0,0,0,0,1,0,0,0,0,0
2015/6/26,-0.001 ,-0.554 ,-0.314 ,0,0,0,0,0,0,0,0,0,1,0,0,0,0,0
2015/6/29,-0.022 ,-2.736 ,-2.879 ,1,0,0,0,0,0,0,0,0,1,0,0,0,0,0
2015/6/30,0.006 ,0.866 ,0.625 ,0,1,0,0,0,0,0,0,0,1,0,0,0,0,0
2015/7/1,-0.008 ,-1.527 ,0.462 ,0,0,1,0,0,0,0,0,0,0,1,0,0,0,0
2015/7/2,0.002 ,3.524 ,0.950 ,0,0,0,1,0,0,0,0,0,0,1,0,0,0,0
2015/7/3,0.004 ,0.014 ,0.084 ,0,0,0,0,0,0,0,0,0,0,1,0,0,0,0
2015/7/6,-0.014 ,-1.833 ,-2.082 ,1,0,0,0,0,0,0,0,0,0,1,0,0,0,0
2015/7/7,0.006 ,-0.378 ,1.315 ,0,1,0,0,0,0,0,0,0,0,1,0,0,0,0
2015/7/8,-0.023 ,-2.911 ,-3.136 ,0,0,1,0,0,0,0,0,0,0,1,0,0,0,0
2015/7/9,-0.004 ,-0.079 ,0.597 ,0,0,0,1,0,0,0,0,0,0,1,0,0,0,0
2015/7/10,0.003 ,-0.013 ,-0.381 ,0,0,0,0,0,0,0,0,0,0,1,0,0,0,0
2015/7/13,0.024 ,1.135 ,1.567 ,1,0,0,0,0,0,0,0,0,0,1,0,0,0,0
2015/7/14,0.011 ,1.562 ,1.471 ,0,1,0,0,0,0,0,0,0,0,1,0,0,0,0
2015/7/15,0.009 ,1.550 ,0.383 ,0,0,1,0,0,0,0,0,0,0,1,0,0,0,0
2015/7/16,0.019 ,-0.651 ,0.668 ,0,0,0,1,0,0,0,0,0,0,1,0,0,0,0
2015/7/17,-0.010 ,0.189 ,0.247 ,0,0,0,0,0,0,0,0,0,0,1,0,0,0,0
2015/7/21,0.004 ,-1.018 ,0.925 ,0,1,0,0,0,0,0,0,0,0,1,0,0,0,0
2015/7/22,-0.012 ,-0.622 ,-1.191 ,0,0,1,0,0,0,0,0,0,0,1,0,0,0,0
2015/7/23,0.000 ,0.293 ,0.438 ,0,0,0,1,0,0,0,0,0,0,1,0,0,0,0
2015/7/27,-0.011 ,-0.053 ,-0.946 ,1,0,0,0,0,0,0,0,0,0,1,0,0,0,0
2015/7/28,-0.013 ,-1.117 ,-0.104 ,0,1,0,0,0,0,0,0,0,0,1,0,0,0,0
2015/7/29,0.004 ,-0.116 ,-0.128 ,0,0,1,0,0,0,0,0,0,0,1,0,0,0,0
2015/7/30,0.006 ,1.897 ,1.083 ,0,0,0,1,0,0,0,0,0,0,1,0,0,0,0
2015/7/31,0.011 ,1.532 ,0.304 ,0,0,0,0,0,0,0,0,0,0,1,0,0,0,0
2015/8/3,-0.006 ,8.770 ,-0.180 ,1,0,0,0,0,0,0,0,0,0,0,1,0,0,0
2015/8/4,-0.010 ,-0.151 ,-0.135 ,0,1,0,0,0,0,0,0,0,0,0,1,0,0,0
2015/8/5,-0.024 ,0.810 ,0.457 ,0,0,1,0,0,0,0,0,0,0,0,1,0,0,0
2015/8/6,0.013 ,2.961 ,0.244 ,0,0,0,1,0,0,0,0,0,0,0,1,0,0,0
2015/8/7,0.011 ,-1.460 ,0.291 ,0,0,0,0,0,0,0,0,0,0,0,1,0,0,0
2015/8/10,0.003 ,-0.634 ,0.406 ,1,0,0,0,0,0,0,0,0,0,0,1,0,0,0
2015/8/11,-0.003 ,0.046 ,-0.423 ,0,1,0,0,0,0,0,0,0,0,0,1,0,0,0
2015/8/12,-0.017 ,-2.196 ,-1.583 ,0,0,1,0,0,0,0,0,0,0,0,1,0,0,0
2015/8/13,-0.006 ,0.233 ,0.994 ,0,0,0,1,0,0,0,0,0,0,0,1,0,0,0
2015/8/14,0.000 ,-2.519 ,-0.369 ,0,0,0,0,0,0,0,0,0,0,0,1,0,0,0
2015/8/17,-0.002 ,0.250 ,0.491 ,1,0,0,0,0,0,0,0,0,0,0,1,0,0,0
2015/8/18,0.004 ,0.297 ,-0.319 ,0,1,0,0,0,0,0,0,0,0,0,1,0,0,0
2015/8/19,-0.009 ,-1.208 ,-1.614 ,0,0,1,0,0,0,0,0,0,0,0,1,0,0,0
2015/8/20,-0.021 ,-2.434 ,-0.935 ,0,0,0,1,0,0,0,0,0,0,0,1,0,0,0
2015/8/21,-0.030 ,-2.641 ,-2.983 ,0,0,0,0,0,0,0,0,0,0,0,1,0,0,0
2015/8/24,-0.067 ,-6.524 ,-4.606 ,1,0,0,0,0,0,0,0,0,0,0,1,0,0,0
2015/8/25,-0.038 ,-4.158 ,-3.959 ,0,1,0,0,0,0,0,0,0,0,0,1,0,0,0
2015/8/26,0.029 ,3.423 ,3.202 ,0,0,1,0,0,0,0,0,0,0,0,1,0,0,0
2015/8/27,0.015 ,0.286 ,1.075 ,0,0,0,1,0,0,0,0,0,0,0,1,0,0,0
2015/8/28,0.046 ,4.807 ,3.025 ,0,0,0,0,0,0,0,0,0,0,0,1,0,0,0
2015/8/31,-0.021 ,-0.907 ,-1.285 ,1,0,0,0,0,0,0,0,0,0,0,1,0,0,0
2015/9/1,-0.027 ,-3.779 ,-3.837 ,0,1,0,0,0,0,0,0,0,0,0,0,1,0,0
2015/9/2,0.002 ,-0.570 ,-0.387 ,0,0,1,0,0,0,0,0,0,0,0,0,1,0,0
2015/9/3,0.024 ,0.478 ,0.481 ,0,0,0,1,0,0,0,0,0,0,0,0,1,0,0
2015/9/4,-0.025 ,-1.904 ,-2.146 ,0,0,0,0,0,0,0,0,0,0,0,0,1,0,0
2015/9/7,0.012 ,1.193 ,0.384 ,1,0,0,0,0,0,0,0,0,0,0,0,1,0,0
2015/9/8,-0.005 ,-0.835 ,-2.427 ,0,1,0,0,0,0,0,0,0,0,0,0,1,0,0
2015/9/9,0.063 ,6.591 ,7.709 ,0,0,1,0,0,0,0,0,0,0,0,0,1,0,0
2015/9/10,-0.042 ,-2.969 ,-2.509 ,0,0,0,1,0,0,0,0,0,0,0,0,1,0,0
2015/9/11,-0.014 ,-0.614 ,-0.193 ,0,0,0,0,0,0,0,0,0,0,0,0,1,0,0
2015/9/14,-0.009 ,-1.735 ,-1.634 ,1,0,0,0,0,0,0,0,0,0,0,0,1,0,0
2015/9/15,0.022 ,1.273 ,0.338 ,0,1,0,0,0,0,0,0,0,0,0,0,1,0,0
2015/9/16,0.019 ,3.470 ,0.805 ,0,0,1,0,0,0,0,0,0,0,0,0,1,0,0
2015/9/17,0.006 ,0.614 ,1.434 ,0,0,0,1,0,0,0,0,0,0,0,0,1,0,0
2015/9/18,-0.014 ,-1.415 ,-1.964 ,0,0,0,0,0,0,0,0,0,0,0,0,1,0,0
2015/9/24,-0.019 ,-2.947 ,-2.758 ,0,0,0,1,0,0,0,0,0,0,0,0,1,0,0
2015/9/25,0.013 ,0.488 ,1.757 ,0,0,0,0,0,0,0,0,0,0,0,0,1,0,0
2015/9/28,-0.006 ,-2.295 ,-1.317 ,1,0,0,0,0,0,0,0,0,0,0,0,1,0,0
2015/9/29,-0.047 ,-3.950 ,-4.048 ,0,1,0,0,0,0,0,0,0,0,0,0,1,0,0
2015/9/30,0.037 ,1.783 ,2.701 ,0,0,1,0,0,0,0,0,0,0,0,0,1,0,0
2015/10/1,0.026 ,1.865 ,1.922 ,0,0,0,1,0,0,0,0,0,0,0,0,0,1,0
2015/10/2,0.015 ,0.999 ,0.015 ,0,0,0,0,0,0,0,0,0,0,0,0,0,1,0
2015/10/5,-0.002 ,-0.055 ,1.582 ,1,0,0,0,0,0,0,0,0,0,0,0,0,1,0
2015/10/6,-0.004 ,1.045 ,1.003 ,0,1,0,0,0,0,0,0,0,0,0,0,0,1,0
2015/10/7,0.018 ,5.031 ,0.753 ,0,0,1,0,0,0,0,0,0,0,0,0,0,1,0
2015/10/8,0.000 ,-0.336 ,-0.992 ,0,0,0,1,0,0,0,0,0,0,0,0,0,1,0
2015/10/9,0.021 ,4.052 ,1.640 ,0,0,0,0,0,0,0,0,0,0,0,0,0,1,0
2015/10/13,-0.025 ,-2.746 ,-1.106 ,0,1,0,0,0,0,0,0,0,0,0,0,0,1,0
2015/10/14,-0.018 ,-2.439 ,-1.885 ,0,0,1,0,0,0,0,0,0,0,0,0,0,1,0
2015/10/15,0.009 ,0.685 ,1.151 ,0,0,0,1,0,0,0,0,0,0,0,0,0,1,0
2015/10/16,0.021 ,0.967 ,1.077 ,0,0,0,0,0,0,0,0,0,0,0,0,0,1,0
2015/10/19,-0.006 ,-1.269 ,-0.878 ,1,0,0,0,0,0,0,0,0,0,0,0,0,1,0
2015/10/20,-0.005 ,0.158 ,0.419 ,0,1,0,0,0,0,0,0,0,0,0,0,0,1,0
2015/10/21,0.020 ,3.506 ,1.907 ,0,0,1,0,0,0,0,0,0,0,0,0,0,1,0
2015/10/22,-0.005 ,-1.212 ,-0.638 ,0,0,0,1,0,0,0,0,0,0,0,0,0,1,0
2015/10/23,0.013 ,4.019 ,2.112 ,0,0,0,0,0,0,0,0,0,0,0,0,0,1,0
2015/10/26,0.005 ,0.590 ,0.647 ,1,0,0,0,0,0,0,0,0,0,0,0,0,1,0
2015/10/27,-0.005 ,-1.150 ,-0.898 ,0,1,0,0,0,0,0,0,0,0,0,0,0,1,0
2015/10/28,0.004 ,0.273 ,0.671 ,0,0,1,0,0,0,0,0,0,0,0,0,0,1,0
2015/10/29,-0.012 ,-1.853 ,0.173 ,0,0,0,1,0,0,0,0,0,0,0,0,0,1,0
2015/10/30,0.002 ,1.711 ,0.778 ,0,0,0,0,0,0,0,0,0,0,0,0,0,1,0
2015/11/2,-0.011 ,-2.275 ,-2.095 ,1,0,0,0,0,0,0,0,0,0,0,0,0,0,1
2015/11/4,0.009 ,1.923 ,1.304 ,0,0,1,0,0,0,0,0,0,0,0,0,0,0,1
2015/11/5,0.005 ,-1.787 ,1.001 ,0,0,0,1,0,0,0,0,0,0,0,0,0,0,1
2015/11/6,0.001 ,0.809 ,0.780 ,0,0,0,0,0,0,0,0,0,0,0,0,0,0,1
2015/11/9,0.016 ,1.881 ,1.958 ,1,0,0,0,0,0,0,0,0,0,0,0,0,0,1
2015/11/10,0.001 ,-0.444 ,0.145 ,0,1,0,0,0,0,0,0,0,0,0,0,0,0,1
2015/11/11,-0.004 ,-0.419 ,0.102 ,0,0,1,0,0,0,0,0,0,0,0,0,0,0,1
2015/11/12,-0.001 ,-0.101 ,0.032 ,0,0,0,1,0,0,0,0,0,0,0,0,0,0,1
2015/11/13,-0.008 ,-0.620 ,-0.512 ,0,0,0,0,0,0,0,0,0,0,0,0,0,0,1
2015/11/16,-0.015 ,-1.175 ,-1.037 ,1,0,0,0,0,0,0,0,0,0,0,0,0,0,1
2015/11/17,0.018 ,0.684 ,1.222 ,0,1,0,0,0,0,0,0,0,0,0,0,0,0,1
2015/11/18,0.007 ,0.628 ,0.094 ,0,0,1,0,0,0,0,0,0,0,0,0,0,0,1
2015/11/19,0.003 ,1.698 ,1.072 ,0,0,0,1,0,0,0,0,0,0,0,0,0,0,1
2015/11/20,-0.005 ,-0.884 ,0.101 ,0,0,0,0,0,0,0,0,0,0,0,0,0,0,1
2015/11/24,0.007 ,0.347 ,0.227 ,0,1,0,0,0,0,0,0,0,0,0,0,0,0,1
2015/11/25,-0.005 ,-1.038 ,-0.388 ,0,0,1,0,0,0,0,0,0,0,0,0,0,0,1
2015/11/26,0.011 ,1.447 ,0.488 ,0,0,0,1,0,0,0,0,0,0,0,0,0,0,1
2015/11/27,-0.002 ,-1.303 ,-0.303 ,0,0,0,0,0,0,0,0,0,0,0,0,0,0,1
2015/11/30,-0.002 ,-0.275 ,-0.686 ,1,0,0,0,0,0,0,0,0,0,0,0,0,0,1
2015/12/1,0.014 ,2.549 ,1.342 ,0,1,0,0,0,0,0,0,0,0,0,0,0,0,0
2015/12/2,0.007 ,-0.343 ,-0.371 ,0,0,1,0,0,0,0,0,0,0,0,0,0,0,0
2015/12/3,0.001 ,-0.023 ,0.009 ,0,0,0,1,0,0,0,0,0,0,0,0,0,0,0
2015/12/4,-0.017 ,-2.421 ,-2.184 ,0,0,0,0,0,0,0,0,0,0,0,0,0,0,0
2015/12/7,0.002 ,1.279 ,0.993 ,1,0,0,0,0,0,0,0,0,0,0,0,0,0,0
2015/12/8,-0.013 ,-1.039 ,-1.043 ,0,1,0,0,0,0,0,0,0,0,0,0,0,0,0
2015/12/9,0.007 ,-0.475 ,-0.983 ,0,0,1,0,0,0,0,0,0,0,0,0,0,0,0
2015/12/10,-0.007 ,-2.288 ,-1.319 ,0,0,0,1,0,0,0,0,0,0,0,0,0,0,0
2015/12/11,0.011 ,0.644 ,0.966 ,0,0,0,0,0,0,0,0,0,0,0,0,0,0,0
2015/12/14,-0.029 ,-1.686 ,-1.805 ,1,0,0,0,0,0,0,0,0,0,0,0,0,0,0
2015/12/15,-0.019 ,-1.871 ,-1.681 ,0,1,0,0,0,0,0,0,0,0,0,0,0,0,0
2015/12/16,0.039 ,4.475 ,2.607 ,0,0,1,0,0,0,0,0,0,0,0,0,0,0,0
2015/12/17,0.012 ,1.219 ,1.594 ,0,0,0,1,0,0,0,0,0,0,0,0,0,0,0
2015/12/18,-0.006 ,-1.854 ,-1.895 ,0,0,0,0,0,0,0,0,0,0,0,0,0,0,0
2015/12/21,-0.010 ,-0.664 ,-0.373 ,1,0,0,0,0,0,0,0,0,0,0,0,0,0,0
2015/12/22,0.007 ,-0.334 ,-0.155 ,0,1,0,0,0,0,0,0,0,0,0,0,0,0,0
2015/12/24,-0.012 ,0.128 ,-0.514 ,0,0,0,1,0,0,0,0,0,0,0,0,0,0,0
2015/12/25,-0.008 ,-0.694 ,-0.110 ,0,0,0,0,0,0,0,0,0,0,0,0,0,0,0
2015/12/28,0.000 ,1.016 ,0.556 ,1,0,0,0,0,0,0,0,0,0,0,0,0,0,0
2015/12/29,-0.004 ,0.232 ,0.577 ,0,1,0,0,0,0,0,0,0,0,0,0,0,0,0
2015/12/30,0.005 ,0.670 ,0.271 ,0,0,1,0,0,0,0,0,0,0,0,0,0,0,0
2016/1/4,-0.020 ,-4.578 ,-3.062 ,1,0,0,0,1,0,0,0,0,0,0,0,0,0,0
2016/1/5,-0.015 ,-1.903 ,-0.417 ,0,1,0,0,1,0,0,0,0,0,0,0,0,0,0
2016/1/6,-0.020 ,-0.656 ,-0.994 ,0,0,1,0,1,0,0,0,0,0,0,0,0,0,0
2016/1/7,-0.026 ,-3.080 ,-2.331 ,0,0,0,1,1,0,0,0,0,0,0,0,0,0,0
2016/1/8,-0.005 ,-0.624 ,-0.390 ,0,0,0,0,1,0,0,0,0,0,0,0,0,0,0
2016/1/12,-0.016 ,0.029 ,-2.707 ,0,1,0,0,1,0,0,0,0,0,0,0,0,0,0
2016/1/13,0.029 ,2.940 ,2.884 ,0,0,1,0,1,0,0,0,0,0,0,0,0,0,0
2016/1/14,-0.022 ,-2.939 ,-2.679 ,0,0,0,1,1,0,0,0,0,0,0,0,0,0,0
2016/1/15,-0.006 ,-0.200 ,-0.544 ,0,0,0,0,1,0,0,0,0,0,0,0,0,0,0
2016/1/18,-0.003 ,-2.376 ,-1.117 ,1,0,0,0,1,0,0,0,0,0,0,0,0,0,0
2016/1/19,0.009 ,0.909 ,0.547 ,0,1,0,0,1,0,0,0,0,0,0,0,0,0,0
2016/1/20,-0.034 ,-3.662 ,-3.708 ,0,0,1,0,1,0,0,0,0,0,0,0,0,0,0
2016/1/21,-0.028 ,-4.616 ,-2.430 ,0,0,0,1,1,0,0,0,0,0,0,0,0,0,0
2016/1/22,0.067 ,5.977 ,5.877 ,0,0,0,0,1,0,0,0,0,0,0,0,0,0,0
2016/1/25,0.000 ,-0.090 ,0.899 ,1,0,0,0,1,0,0,0,0,0,0,0,0,0,0
2016/1/26,-0.029 ,-3.195 ,-2.349 ,0,1,0,0,1,0,0,0,0,0,0,0,0,0,0
2016/1/27,0.038 ,2.313 ,2.723 ,0,0,1,0,1,0,0,0,0,0,0,0,0,0,0
2016/1/28,0.000 ,-1.930 ,-0.714 ,0,0,0,1,1,0,0,0,0,0,0,0,0,0,0
2016/1/29,0.046 ,2.737 ,2.798 ,0,0,0,0,1,0,0,0,0,0,0,0,0,0,0
2016/2/1,0.019 ,1.317 ,1.980 ,1,0,0,0,0,1,0,0,0,0,0,0,0,0,0
2016/2/2,-0.005 ,0.118 ,-0.641 ,0,1,0,0,0,1,0,0,0,0,0,0,0,0,0
2016/2/3,-0.055 ,-5.901 ,-3.152 ,0,0,1,0,0,1,0,0,0,0,0,0,0,0,0
2016/2/4,-0.021 ,-0.219 ,-0.851 ,0,0,0,1,0,1,0,0,0,0,0,0,0,0,0
2016/2/5,-0.019 ,-2.013 ,-1.322 ,0,0,0,0,0,1,0,0,0,0,0,0,0,0,0
2016/2/8,-0.011 ,0.354 ,1.098 ,1,0,0,0,0,1,0,0,0,0,0,0,0,0,0
2016/2/9,-0.061 ,-6.743 ,-5.404 ,0,1,0,0,0,1,0,0,0,0,0,0,0,0,0
2016/2/10,-0.004 ,-0.755 ,-2.313 ,0,0,1,0,0,1,0,0,0,0,0,0,0,0,0
2016/2/12,-0.068 ,-5.508 ,-4.842 ,0,0,0,0,0,1,0,0,0,0,0,0,0,0,0
2016/2/15,0.096 ,8.002 ,7.156 ,1,0,0,0,0,1,0,0,0,0,0,0,0,0,0
2016/2/16,-0.001 ,-0.219 ,0.199 ,0,1,0,0,0,1,0,0,0,0,0,0,0,0,0
2016/2/17,-0.028 ,0.305 ,-1.358 ,0,0,1,0,0,1,0,0,0,0,0,0,0,0,0
2016/2/18,0.017 ,2.535 ,2.276 ,0,0,0,1,0,1,0,0,0,0,0,0,0,0,0
2016/2/19,-0.029 ,-2.704 ,-1.418 ,0,0,0,0,0,1,0,0,0,0,0,0,0,0,0
2016/2/22,-0.003 ,-0.881 ,0.901 ,1,0,0,0,0,1,0,0,0,0,0,0,0,0,0
2016/2/23,0.002 ,-0.633 ,-0.366 ,0,1,0,0,0,1,0,0,0,0,0,0,0,0,0
2016/2/24,-0.003 ,-2.012 ,-0.849 ,0,0,1,0,0,1,0,0,0,0,0,0,0,0,0
2016/2/25,-0.007 ,0.702 ,1.411 ,0,0,0,1,0,1,0,0,0,0,0,0,0,0,0
2016/2/26,-0.004 ,0.994 ,0.298 ,0,0,0,0,0,1,0,0,0,0,0,0,0,0,0
2016/2/29,-0.002 ,-0.328 ,-0.999 ,1,0,0,0,0,1,0,0,0,0,0,0,0,0,0
2016/3/1,-0.001 ,0.571 ,0.367 ,0,1,0,0,0,0,1,0,0,0,0,0,0,0,0
2016/3/2,0.035 ,6.286 ,4.110 ,0,0,1,0,0,0,1,0,0,0,0,0,0,0,0
2016/3/3,0.013 ,2.916 ,1.276 ,0,0,0,1,0,0,1,0,0,0,0,0,0,0,0
2016/3/4,0.008 ,0.379 ,0.322 ,0,0,0,0,0,0,1,0,0,0,0,0,0,0,0
2016/3/7,-0.021 ,-0.565 ,-0.608 ,1,0,0,0,0,0,1,0,0,0,0,0,0,0,0
2016/3/8,-0.018 ,-0.945 ,-0.758 ,0,1,0,0,0,0,1,0,0,0,0,0,0,0,0
2016/3/9,-0.002 ,-0.956 ,-0.840 ,0,0,1,0,0,0,1,0,0,0,0,0,0,0,0
2016/3/10,0.030 ,1.607 ,1.263 ,0,0,0,1,0,0,1,0,0,0,0,0,0,0,0
2016/3/11,-0.002 ,-0.316 ,0.513 ,0,0,0,0,0,0,1,0,0,0,0,0,0,0,0
2016/3/14,0.010 ,0.476 ,1.741 ,1,0,0,0,0,0,1,0,0,0,0,0,0,0,0
2016/3/15,-0.018 ,-0.664 ,-0.677 ,0,1,0,0,0,0,1,0,0,0,0,0,0,0,0
2016/3/16,-0.007 ,-2.195 ,-0.833 ,0,0,1,0,0,0,1,0,0,0,0,0,0,0,0
2016/3/17,-0.003 ,0.457 ,-0.224 ,0,0,0,1,0,0,1,0,0,0,0,0,0,0,0
2016/3/18,-0.023 ,-1.005 ,-1.249 ,0,0,0,0,0,0,1,0,0,0,0,0,0,0,0
2016/3/22,0.036 ,1.244 ,1.936 ,0,1,0,0,0,0,1,0,0,0,0,0,0,0,0
2016/3/23,0.001 ,-1.262 ,-0.279 ,0,0,1,0,0,0,1,0,0,0,0,0,0,0,0
2016/3/24,-0.016 ,-1.603 ,-0.639 ,0,0,0,1,0,0,1,0,0,0,0,0,0,0,0
2016/3/25,0.028 ,2.827 ,0.654 ,0,0,0,0,0,0,1,0,0,0,0,0,0,0,0
2016/3/28,0.007 ,0.550 ,0.774 ,1,0,0,0,0,0,1,0,0,0,0,0,0,0,0
2016/3/29,0.007 ,0.550 ,-0.180 ,0,1,0,0,0,0,1,0,0,0,0,0,0,0,0
2016/3/30,-0.025 ,-3.623 ,-1.313 ,0,0,1,0,0,0,1,0,0,0,0,0,0,0,0
2016/3/31,-0.008 ,3.125 ,-0.713 ,0,0,0,1,0,0,1,0,0,0,0,0,0,0,0
2016/4/1,-0.030 ,-4.667 ,-3.547 ,0,0,0,0,0,0,0,1,0,0,0,0,0,0,0
2016/4/4,-0.025 ,-1.105 ,-0.253 ,1,0,0,0,0,0,0,1,0,0,0,0,0,0,0
2016/4/5,-0.033 ,-2.406 ,-2.422 ,0,1,0,0,0,0,0,1,0,0,0,0,0,0,0
2016/4/6,0.003 ,1.020 ,-0.111 ,0,0,1,0,0,0,0,1,0,0,0,0,0,0,0
2016/4/7,-0.006 ,-0.575 ,0.219 ,0,0,0,1,0,0,0,1,0,0,0,0,0,0,0
2016/4/8,0.008 ,1.070 ,0.455 ,0,0,0,0,0,0,0,1,0,0,0,0,0,0,0
2016/4/11,-0.035 ,-2.082 ,-0.445 ,1,0,0,0,0,0,0,1,0,0,0,0,0,0,0
2016/4/12,0.039 ,3.792 ,1.128 ,0,1,0,0,0,0,0,1,0,0,0,0,0,0,0
2016/4/13,0.025 ,2.679 ,2.840 ,0,0,1,0,0,0,0,1,0,0,0,0,0,0,0
2016/4/14,0.033 ,1.928 ,3.234 ,0,0,0,1,0,0,0,1,0,0,0,0,0,0,0
2016/4/15,-0.011 ,-1.010 ,-0.373 ,0,0,0,0,0,0,0,1,0,0,0,0,0,0,0
2016/4/18,-0.048 ,-2.917 ,-3.396 ,1,0,0,0,0,0,0,1,0,0,0,0,0,0,0
2016/4/19,0.039 ,4.464 ,3.677 ,0,1,0,0,0,0,0,1,0,0,0,0,0,0,0
2016/4/20,-0.007 ,-0.909 ,0.190 ,0,0,1,0,0,0,0,1,0,0,0,0,0,0,0
2016/4/21,0.032 ,2.131 ,2.704 ,0,0,0,1,0,0,0,1,0,0,0,0,0,0,0
2016/4/22,0.016 ,1.445 ,1.203 ,0,0,0,0,0,0,0,1,0,0,0,0,0,0,0
2016/4/25,0.012 ,0.853 ,-0.758 ,1,0,0,0,0,0,0,1,0,0,0,0,0,0,0
2016/4/26,-0.007 ,-0.691 ,-0.493 ,0,1,0,0,0,0,0,1,0,0,0,0,0,0,0
2016/4/27,-0.017 ,-1.326 ,-0.362 ,0,0,1,0,0,0,0,1,0,0,0,0,0,0,0
2016/4/28,-0.033 ,-4.179 ,-3.611 ,0,0,0,1,0,0,0,1,0,0,0,0,0,0,0
2016/5/2,-0.037 ,-3.976 ,-3.112 ,1,0,0,0,0,0,0,0,1,0,0,0,0,0,0
2016/5/6,0.007 ,2.697 ,-0.252 ,0,0,0,0,0,0,0,0,1,0,0,0,0,0,0
2016/5/9,0.014 ,1.559 ,0.679 ,1,0,0,0,0,0,0,0,1,0,0,0,0,0,0
2016/5/10,0.022 ,1.602 ,2.153 ,0,1,0,0,0,0,0,0,1,0,0,0,0,0,0
2016/5/11,-0.008 ,-0.164 ,0.083 ,0,0,1,0,0,0,0,0,1,0,0,0,0,0,0
2016/5/12,-0.014 ,-0.591 ,0.406 ,0,0,0,1,0,0,0,0,1,0,0,0,0,0,0
2016/5/13,-0.018 ,-2.168 ,-1.406 ,0,0,0,0,0,0,0,0,1,0,0,0,0,0,0
2016/5/16,0.002 ,-0.389 ,0.330 ,1,0,0,0,0,0,0,0,1,0,0,0,0,0,0
2016/5/17,0.012 ,1.019 ,1.132 ,0,1,0,0,0,0,0,0,1,0,0,0,0,0,0
2016/5/18,0.001 ,-1.244 ,-0.049 ,0,0,1,0,0,0,0,0,1,0,0,0,0,0,0
2016/5/19,-0.008 ,0.393 ,0.012 ,0,0,0,1,0,0,0,0,1,0,0,0,0,0,0
2016/5/20,0.012 ,-0.051 ,0.539 ,0,0,0,0,0,0,0,0,1,0,0,0,0,0,0
2016/5/23,-0.010 ,0.203 ,-0.488 ,1,0,0,0,0,0,0,0,1,0,0,0,0,0,0
2016/5/24,-0.014 ,-1.101 ,-0.936 ,0,1,0,0,0,0,0,0,1,0,0,0,0,0,0
2016/5/25,0.023 ,2.397 ,1.567 ,0,0,1,0,0,0,0,0,1,0,0,0,0,0,0
2016/5/26,0.007 ,1.822 ,0.090 ,0,0,0,1,0,0,0,0,1,0,0,0,0,0,0
2016/5/27,-0.001 ,-0.625 ,0.372 ,0,0,0,0,0,0,0,0,1,0,0,0,0,0,0
2016/5/30,0.016 ,3.139 ,1.385 ,1,0,0,0,0,0,0,0,1,0,0,0,0,0,0
2016/5/31,0.018 ,0.929 ,0.978 ,0,1,0,0,0,0,0,0,1,0,0,0,0,0,0
2016/6/1,-0.005 ,-2.285 ,-1.620 ,0,0,1,0,0,0,0,0,0,1,0,0,0,0,0
2016/6/2,-0.015 ,-4.158 ,-2.319 ,0,0,0,1,0,0,0,0,0,1,0,0,0,0,0
2016/6/3,0.001 ,0.390 ,0.481 ,0,0,0,0,0,0,0,0,0,1,0,0,0,0,0
2016/6/6,-0.001 ,-1.873 ,-0.374 ,1,0,0,0,0,0,0,0,0,1,0,0,0,0,0
2016/6/7,-0.002 ,0.619 ,0.576 ,0,1,0,0,0,0,0,0,0,1,0,0,0,0,0
2016/6/8,0.005 ,0.649 ,0.932 ,0,0,1,0,0,0,0,0,0,1,0,0,0,0,0
2016/6/9,-0.014 ,-1.732 ,-0.966 ,0,0,0,1,0,0,0,0,0,1,0,0,0,0,0
2016/6/10,0.004 ,-0.087 ,-0.402 ,0,0,0,0,0,0,0,0,0,1,0,0,0,0,0
2016/6/13,-0.035 ,-3.961 ,-3.507 ,1,0,0,0,0,0,0,0,0,1,0,0,0,0,0
2016/6/14,-0.006 ,-1.388 ,-1.000 ,0,1,0,0,0,0,0,0,0,1,0,0,0,0,0
2016/6/17,0.027 ,0.482 ,1.072 ,0,0,0,0,0,0,0,0,0,1,0,0,0,0,0
2016/6/20,0.027 ,1.365 ,2.344 ,1,0,0,0,0,0,0,0,0,1,0,0,0,0,0
2016/6/21,0.012 ,0.601 ,1.277 ,0,1,0,0,0,0,0,0,0,1,0,0,0,0,0
2016/6/22,-0.005 ,-2.407 ,-0.639 ,0,0,1,0,0,0,0,0,0,1,0,0,0,0,0
2016/6/23,0.023 ,2.520 ,1.075 ,0,0,0,1,0,0,0,0,0,1,0,0,0,0,0
2016/6/24,-0.087 ,-8.316 ,-7.922 ,0,0,0,0,0,0,0,0,0,1,0,0,0,0,0
2016/6/27,-0.017 ,0.533 ,2.389 ,1,0,0,0,0,0,0,0,0,1,0,0,0,0,0
2016/6/28,-0.034 ,-0.138 ,0.091 ,0,1,0,0,0,0,0,0,0,1,0,0,0,0,0
2016/6/29,0.029 ,1.723 ,1.590 ,0,0,1,0,0,0,0,0,0,1,0,0,0,0,0
2016/6/30,-0.013 ,0.216 ,0.058 ,0,0,0,1,0,0,0,0,0,1,0,0,0,0,0
2016/7/1,0.011 ,-0.215 ,0.684 ,0,0,0,0,0,0,0,0,0,0,1,0,0,0,0
2016/7/4,0.004 ,1.753 ,0.595 ,1,0,0,0,0,0,0,0,0,0,1,0,0,0,0
2016/7/5,0.005 ,-1.109 ,-0.675 ,0,1,0,0,0,0,0,0,0,0,1,0,0,0,0
2016/7/6,-0.017 ,-4.549 ,-1.853 ,0,0,1,0,0,0,0,0,0,0,1,0,0,0,0
2016/7/7,0.002 ,-0.122 ,-0.668 ,0,0,0,1,0,0,0,0,0,0,1,0,0,0,0
2016/7/8,-0.004 ,0.570 ,-1.108 ,0,0,0,0,0,0,0,0,0,0,1,0,0,0,0
2016/7/11,0.049 ,4.038 ,3.984 ,1,0,0,0,0,0,0,0,0,0,1,0,0,0,0
2016/7/12,0.027 ,2.696 ,2.463 ,0,1,0,0,0,0,0,0,0,0,1,0,0,0,0
2016/7/13,0.034 ,3.496 ,0.844 ,0,0,1,0,0,0,0,0,0,0,1,0,0,0,0
2016/7/14,0.004 ,-1.387 ,0.952 ,0,0,0,1,0,0,0,0,0,0,1,0,0,0,0
2016/7/15,0.020 ,3.685 ,0.683 ,0,0,0,0,0,0,0,0,0,0,1,0,0,0,0
2016/7/19,0.004 ,0.874 ,1.367 ,0,1,0,0,0,0,0,0,0,0,1,0,0,0,0
2016/7/20,-0.002 ,-0.956 ,-0.248 ,0,0,1,0,0,0,0,0,0,0,1,0,0,0,0
2016/7/21,0.017 ,4.505 ,0.769 ,0,0,0,1,0,0,0,0,0,0,1,0,0,0,0
2016/7/22,-0.006 ,-2.412 ,-1.088 ,0,0,0,0,0,0,0,0,0,0,1,0,0,0,0
2016/7/25,0.001 ,0.069 ,-0.042 ,1,0,0,0,0,0,0,0,0,0,1,0,0,0,0
2016/7/26,-0.025 ,-1.890 ,-1.427 ,0,1,0,0,0,0,0,0,0,0,1,0,0,0,0
2016/7/27,0.029 ,2.213 ,1.720 ,0,0,1,0,0,0,0,0,0,0,1,0,0,0,0
2016/7/28,-0.001 ,-0.856 ,-1.128 ,0,0,0,1,0,0,0,0,0,0,1,0,0,0,0
2016/7/29,0.006 ,0.105 ,0.561 ,0,0,0,0,0,0,0,0,0,0,1,0,0,0,0
2016/8/1,-0.016 ,0.019 ,0.401 ,1,0,0,0,0,0,0,0,0,0,0,1,0,0,0
2016/8/2,-0.017 ,-2.903 ,-1.469 ,0,1,0,0,0,0,0,0,0,0,0,1,0,0,0
2016/8/3,-0.019 ,3.823 ,-1.881 ,0,0,1,0,0,0,0,0,0,0,0,1,0,0,0
2016/8/4,0.018 ,2.076 ,1.068 ,0,0,0,1,0,0,0,0,0,0,0,1,0,0,0
2016/8/5,0.030 ,-0.701 ,-0.003 ,0,0,0,0,0,0,0,0,0,0,0,1,0,0,0
2016/8/8,0.033 ,3.374 ,2.437 ,1,0,0,0,0,0,0,0,0,0,0,1,0,0,0
2016/8/9,-0.007 ,-0.332 ,0.687 ,0,1,0,0,0,0,0,0,0,0,0,1,0,0,0
2016/8/10,-0.011 ,-1.019 ,-0.178 ,0,0,1,0,0,0,0,0,0,0,0,1,0,0,0
2016/8/12,0.009 ,-0.220 ,1.104 ,0,0,0,0,0,0,0,0,0,0,0,1,0,0,0
2016/8/15,-0.008 ,-0.221 ,-0.298 ,1,0,0,0,0,0,0,0,0,0,0,1,0,0,0
2016/8/16,-0.013 ,-0.661 ,-1.619 ,0,1,0,0,0,0,0,0,0,0,0,1,0,0,0
2016/8/17,0.022 ,3.381 ,0.899 ,0,0,1,0,0,0,0,0,0,0,0,1,0,0,0
2016/8/18,-0.018 ,-1.337 ,-1.550 ,0,0,0,1,0,0,0,0,0,0,0,1,0,0,0
2016/8/19,0.021 ,3.531 ,0.363 ,0,0,0,0,0,0,0,0,0,0,0,1,0,0,0
2016/8/22,0.012 ,1.229 ,0.317 ,1,0,0,0,0,0,0,0,0,0,0,1,0,0,0
2016/8/23,-0.017 ,-2.076 ,-0.607 ,0,1,0,0,0,0,0,0,0,0,0,1,0,0,0
2016/8/24,0.021 ,0.750 ,0.606 ,0,0,1,0,0,0,0,0,0,0,0,1,0,0,0
2016/8/25,-0.001 ,0.065 ,-0.249 ,0,0,0,1,0,0,0,0,0,0,0,1,0,0,0
2016/8/26,-0.034 ,-2.168 ,-1.179 ,0,0,0,0,0,0,0,0,0,0,0,1,0,0,0
2016/8/29,0.040 ,3.704 ,2.303 ,1,0,0,0,0,0,0,0,0,0,0,1,0,0,0
2016/8/30,0.006 ,0.638 ,-0.072 ,0,1,0,0,0,0,0,0,0,0,0,1,0,0,0
2016/8/31,0.008 ,0.443 ,0.969 ,0,0,1,0,0,0,0,0,0,0,0,1,0,0,0
2016/9/1,0.007 ,1.073 ,0.234 ,0,0,0,1,0,0,0,0,0,0,0,0,1,0,0
2016/9/2,-0.003 ,-0.593 ,-0.007 ,0,0,0,0,0,0,0,0,0,0,0,0,1,0,0
2016/9/5,0.000 ,-0.250 ,0.661 ,1,0,0,0,0,0,0,0,0,0,0,0,1,0,0
2016/9/6,-0.005 ,0.062 ,0.260 ,0,1,0,0,0,0,0,0,0,0,0,0,1,0,0
2016/9/7,-0.008 ,-0.315 ,-0.407 ,0,0,1,0,0,0,0,0,0,0,0,0,1,0,0
2016/9/8,0.001 ,-0.063 ,-0.315 ,0,0,0,1,0,0,0,0,0,0,0,0,1,0,0
2016/9/9,-0.003 ,-0.978 ,0.041 ,0,0,0,0,0,0,0,0,0,0,0,0,1,0,0
2016/9/12,-0.013 ,-1.467 ,-1.726 ,1,0,0,0,0,0,0,0,0,0,0,0,1,0,0
2016/9/13,0.003 ,0.681 ,0.337 ,0,1,0,0,0,0,0,0,0,0,0,0,1,0,0
2016/9/14,-0.010 ,-1.286 ,-0.686 ,0,0,1,0,0,0,0,0,0,0,0,0,1,0,0
2016/9/15,-0.013 ,-2.899 ,-1.259 ,0,0,0,1,0,0,0,0,0,0,0,0,1,0,0
2016/9/16,-0.017 ,0.050 ,0.697 ,0,0,0,0,0,0,0,0,0,0,0,0,1,0,0
2016/9/20,0.015 ,-0.755 ,-0.164 ,0,1,0,0,0,0,0,0,0,0,0,0,1,0,0
2016/9/21,0.032 ,4.020 ,1.913 ,0,0,1,0,0,0,0,0,0,0,0,0,1,0,0
2016/9/23,-0.032 ,-2.370 ,-0.319 ,0,0,0,0,0,0,0,0,0,0,0,0,1,0,0
2016/9/26,-0.006 ,-2.145 ,-1.250 ,1,0,0,0,0,0,0,0,0,0,0,0,1,0,0
2016/9/27,0.016 ,1.003 ,0.842 ,0,1,0,0,0,0,0,0,0,0,0,0,1,0,0
2016/9/28,-0.007 ,-1.086 ,-1.310 ,0,0,1,0,0,0,0,0,0,0,0,0,1,0,0
2016/9/29,0.004 ,1.269 ,1.387 ,0,0,0,1,0,0,0,0,0,0,0,0,1,0,0
2016/9/30,-0.020 ,-2.285 ,-1.461 ,0,0,0,0,0,0,0,0,0,0,0,0,1,0,0
2016/10/3,0.002 ,1.490 ,0.905 ,1,0,0,0,0,0,0,0,0,0,0,0,0,1,0
2016/10/4,0.019 ,1.911 ,0.825 ,0,1,0,0,0,0,0,0,0,0,0,0,0,1,0
2016/10/5,0.015 ,2.931 ,0.499 ,0,0,1,0,0,0,0,0,0,0,0,0,0,1,0
2016/10/6,0.007 ,-0.066 ,0.475 ,0,0,0,1,0,0,0,0,0,0,0,0,0,1,0
2016/10/7,-0.004 ,-0.098 ,-0.231 ,0,0,0,0,0,0,0,0,0,0,0,0,0,1,0
2016/10/11,0.001 ,-0.293 ,0.977 ,0,1,0,0,0,0,0,0,0,0,0,0,0,1,0
2016/10/12,-0.010 ,-0.686 ,-1.085 ,0,0,1,0,0,0,0,0,0,0,0,0,0,1,0
2016/10/13,0.002 ,0.329 ,-0.390 ,0,0,0,1,0,0,0,0,0,0,0,0,0,1,0
2016/10/14,0.004 ,0.689 ,0.490 ,0,0,0,0,0,0,0,0,0,0,0,0,0,1,0
2016/10/17,0.006 ,-0.097 ,0.260 ,1,0,0,0,0,0,0,0,0,0,0,0,0,1,0
2016/10/18,-0.007 ,0.717 ,0.376 ,0,1,0,0,0,0,0,0,0,0,0,0,0,1,0
2016/10/19,-0.006 ,-1.068 ,0.208 ,0,0,1,0,0,0,0,0,0,0,0,0,0,1,0
2016/10/20,0.014 ,1.407 ,1.392 ,0,0,0,1,0,0,0,0,0,0,0,0,0,1,0
2016/10/21,-0.011 ,-0.065 ,-0.295 ,0,0,0,0,0,0,0,0,0,0,0,0,0,1,0
2016/10/24,-0.003 ,-0.516 ,0.290 ,1,0,0,0,0,0,0,0,0,0,0,0,0,1,0
2016/10/25,0.014 ,2.109 ,0.759 ,0,1,0,0,0,0,0,0,0,0,0,0,0,1,0
2016/10/26,-0.003 ,-0.063 ,0.153 ,0,0,1,0,0,0,0,0,0,0,0,0,0,1,0
2016/10/27,-0.003 ,-0.382 ,-0.319 ,0,0,0,1,0,0,0,0,0,0,0,0,0,1,0
2016/10/28,0.006 ,0.575 ,0.634 ,0,0,0,0,0,0,0,0,0,0,0,0,0,1,0
2016/10/31,0.006 ,-0.190 ,-0.123 ,1,0,0,0,0,0,0,0,0,0,0,0,0,1,0
2016/11/1,-0.001 ,-2.036 ,0.100 ,0,1,0,0,0,0,0,0,0,0,0,0,0,0,1
2016/11/2,-0.022 ,-3.457 ,-1.764 ,0,0,1,0,0,0,0,0,0,0,0,0,0,0,1
2016/11/4,-0.040 ,-3.514 ,-1.338 ,0,0,0,0,0,0,0,0,0,0,0,0,0,0,1
2016/11/7,0.020 ,2.510 ,1.608 ,1,0,0,0,0,0,0,0,0,0,0,0,0,0,1
2016/11/8,0.014 ,0.918 ,-0.034 ,0,1,0,0,0,0,0,0,0,0,0,0,0,0,1
2016/11/9,-0.065 ,-7.834 ,-5.357 ,0,0,1,0,0,0,0,0,0,0,0,0,0,0,1
2016/11/10,0.060 ,8.957 ,6.725 ,0,0,0,1,0,0,0,0,0,0,0,0,0,0,1
2016/11/11,0.020 ,0.603 ,0.175 ,0,0,0,0,0,0,0,0,0,0,0,0,0,0,1
2016/11/14,0.014 ,2.986 ,1.714 ,1,0,0,0,0,0,0,0,0,0,0,0,0,0,1
2016/11/15,0.004 ,0.324 ,-0.025 ,0,1,0,0,0,0,0,0,0,0,0,0,0,0,1
2016/11/16,0.020 ,1.388 ,1.098 ,0,0,1,0,0,0,0,0,0,0,0,0,0,0,1
2016/11/17,-0.006 ,0.477 ,0.002 ,0,0,0,1,0,0,0,0,0,0,0,0,0,0,1
2016/11/18,0.027 ,0.982 ,0.587 ,0,0,0,0,0,0,0,0,0,0,0,0,0,0,1
2016/11/21,0.007 ,-0.031 ,0.771 ,1,0,0,0,0,0,0,0,0,0,0,0,0,0,1
2016/11/22,-0.011 ,-1.005 ,0.314 ,0,1,0,0,0,0,0,0,0,0,0,0,0,0,1
2016/11/24,0.048 ,3.932 ,0.939 ,0,0,0,1,0,0,0,0,0,0,0,0,0,0,1
2016/11/25,0.015 ,2.044 ,0.261 ,0,0,0,0,0,0,0,0,0,0,0,0,0,0,1
2016/11/28,-0.005 ,-0.598 ,-0.132 ,1,0,0,0,0,0,0,0,0,0,0,0,0,0,1
2016/11/29,-0.002 ,-0.541 ,-0.272 ,0,1,0,0,0,0,0,0,0,0,0,0,0,0,1
2016/11/30,0.001 ,0.757 ,0.008 ,0,0,1,0,0,0,0,0,0,0,0,0,0,0,1
2016/12/1,0.009 ,1.920 ,1.118 ,0,0,0,1,0,0,0,0,0,0,0,0,0,0,0
2016/12/2,-0.003 ,-0.854 ,-0.470 ,0,0,0,0,0,0,0,0,0,0,0,0,0,0,0
2016/12/5,-0.009 ,-1.930 ,-0.820 ,1,0,0,0,0,0,0,0,0,0,0,0,0,0,0
2016/12/6,0.008 ,0.847 ,0.468 ,0,1,0,0,0,0,0,0,0,0,0,0,0,0,0
2016/12/7,0.026 ,1.351 ,0.742 ,0,0,1,0,0,0,0,0,0,0,0,0,0,0,0
2016/12/8,0.018 ,1.837 ,1.453 ,0,0,0,1,0,0,0,0,0,0,0,0,0,0,0
2016/12/9,0.003 ,1.047 ,1.230 ,0,0,0,0,0,0,0,0,0,0,0,0,0,0,0
2016/12/12,0.000 ,-0.201 ,0.835 ,1,0,0,0,0,0,0,0,0,0,0,0,0,0,0
2016/12/13,0.007 ,-0.231 ,0.499 ,0,1,0,0,0,0,0,0,0,0,0,0,0,0,0
2016/12/14,-0.003 ,0.549 ,0.016 ,0,0,1,0,0,0,0,0,0,0,0,0,0,0,0
2016/12/15,0.018 ,1.410 ,0.105 ,0,0,0,1,0,0,0,0,0,0,0,0,0,0,0
2016/12/16,0.000 ,0.964 ,0.661 ,0,0,0,0,0,0,0,0,0,0,0,0,0,0,0
2016/12/19,-0.002 ,-0.758 ,-0.049 ,1,0,0,0,0,0,0,0,0,0,0,0,0,0,0
2016/12/20,-0.002 ,-0.227 ,0.531 ,0,1,0,0,0,0,0,0,0,0,0,0,0,0,0
2016/12/21,-0.001 ,0.058 ,-0.257 ,0,0,1,0,0,0,0,0,0,0,0,0,0,0,0
2016/12/22,-0.004 ,1.219 ,-0.087 ,0,0,0,1,0,0,0,0,0,0,0,0,0,0,0
2016/12/26,-0.014 ,-2.102 ,-0.160 ,1,0,0,0,0,0,0,0,0,0,0,0,0,0,0
2016/12/27,-0.003 ,0.058 ,0.033 ,0,1,0,0,0,0,0,0,0,0,0,0,0,0,0
2016/12/28,0.000 ,0.432 ,-0.007 ,0,0,1,0,0,0,0,0,0,0,0,0,0,0,0
2016/12/29,-0.019 ,-1.346 ,-1.322 ,0,0,0,1,0,0,0,0,0,0,0,0,0,0,0
2016/12/30,0.006 ,-0.813 ,-0.161 ,0,0,0,0,0,0,0,0,0,0,0,0,0,0,0
2017/1/4,0.032 ,4.568 ,2.510 ,0,0,1,0,1,0,0,0,0,0,0,0,0,0,0
2017/1/5,-0.007 ,-0.057 ,-0.375 ,0,0,0,1,1,0,0,0,0,0,0,0,0,0,0
2017/1/6,-0.017 ,-1.905 ,-0.340 ,0,0,0,0,1,0,0,0,0,0,0,0,0,0,0
2017/1/10,-0.010 ,-1.114 ,-0.786 ,0,1,0,0,1,0,0,0,0,0,0,0,0,0,0
2017/1/11,0.007 ,0.260 ,0.328 ,0,0,1,0,1,0,0,0,0,0,0,0,0,0,0
2017/1/12,-0.010 ,-0.404 ,-1.188 ,0,0,0,1,1,0,0,0,0,0,0,0,0,0,0
2017/1/13,0.005 ,-0.317 ,0.797 ,0,0,0,0,1,0,0,0,0,0,0,0,0,0,0
2017/1/16,-0.008 ,-0.030 ,-0.996 ,1,0,0,0,1,0,0,0,0,0,0,0,0,0,0
2017/1/17,-0.016 ,-2.670 ,-1.475 ,0,1,0,0,1,0,0,0,0,0,0,0,0,0,0
2017/1/18,0.003 ,1.491 ,0.430 ,0,0,1,0,1,0,0,0,0,0,0,0,0,0,0
2017/1/19,0.018 ,2.498 ,0.941 ,0,0,0,1,1,0,0,0,0,0,0,0,0,0,0
2017/1/20,-0.008 ,0.114 ,0.344 ,0,0,0,0,1,0,0,0,0,0,0,0,0,0,0
2017/1/23,-0.016 ,-1.717 ,-1.290 ,1,0,0,0,1,0,0,0,0,0,0,0,0,0,0
2017/1/24,-0.017 ,-1.661 ,-0.545 ,0,1,0,0,1,0,0,0,0,0,0,0,0,0,0
2017/1/25,0.019 ,2.221 ,1.434 ,0,0,1,0,1,0,0,0,0,0,0,0,0,0,0
2017/1/26,0.009 ,1.507 ,1.810 ,0,0,0,1,1,0,0,0,0,0,0,0,0,0,0
2017/1/27,-0.009 ,-0.514 ,0.335 ,0,0,0,0,1,0,0,0,0,0,0,0,0,0,0
2017/1/30,0.000 ,0.029 ,-0.506 ,1,0,0,0,1,0,0,0,0,0,0,0,0,0,0
2017/1/31,-0.018 ,-2.813 ,-1.691 ,0,1,0,0,1,0,0,0,0,0,0,0,0,0,0
2017/2/1,-0.006 ,0.828 ,0.561 ,0,0,1,0,0,1,0,0,0,0,0,0,0,0,0
2017/2/2,-0.018 ,0.057 ,-1.219 ,0,0,0,1,0,1,0,0,0,0,0,0,0,0,0
2017/2/3,0.002 ,0.176 ,0.019 ,0,0,0,0,0,1,0,0,0,0,0,0,0,0,0
2017/2/6,0.007 ,2.045 ,0.309 ,1,0,0,0,0,1,0,0,0,0,0,0,0,0,0
2017/2/7,-0.023 ,1.375 ,-0.347 ,0,1,0,0,0,1,0,0,0,0,0,0,0,0,0
2017/2/8,0.006 ,0.932 ,0.512 ,0,0,1,0,0,1,0,0,0,0,0,0,0,0,0
2017/2/9,-0.020 ,-1.959 ,-0.526 ,0,0,0,1,0,1,0,0,0,0,0,0,0,0,0
2017/2/10,0.031 ,2.883 ,2.492 ,0,0,0,0,0,1,0,0,0,0,0,0,0,0,0
2017/2/13,0.007 ,1.248 ,0.414 ,1,0,0,0,0,1,0,0,0,0,0,0,0,0,0
2017/2/14,-0.006 ,-1.369 ,-1.131 ,0,1,0,0,0,1,0,0,0,0,0,0,0,0,0
2017/2/15,0.006 ,0.861 ,1.034 ,0,0,1,0,0,1,0,0,0,0,0,0,0,0,0
2017/2/16,-0.005 ,-0.606 ,-0.465 ,0,0,0,1,0,1,0,0,0,0,0,0,0,0,0
2017/2/17,-0.009 ,-0.638 ,-0.584 ,0,0,0,0,0,1,0,0,0,0,0,0,0,0,0
2017/2/20,0.005 ,-0.334 ,0.086 ,1,0,0,0,0,1,0,0,0,0,0,0,0,0,0
2017/2/21,0.007 ,0.615 ,0.677 ,0,1,0,0,0,1,0,0,0,0,0,0,0,0,0
2017/2/22,0.004 ,0.640 ,-0.008 ,0,0,1,0,0,1,0,0,0,0,0,0,0,0,0
2017/2/23,-0.001 ,-1.355 ,-0.043 ,0,0,0,1,0,1,0,0,0,0,0,0,0,0,0
2017/2/24,-0.008 ,-0.476 ,-0.454 ,0,0,0,0,0,1,0,0,0,0,0,0,0,0,0
2017/2/27,-0.007 ,-1.548 ,-0.913 ,1,0,0,0,0,1,0,0,0,0,0,0,0,0,0
2017/2/28,-0.006 ,-0.258 ,0.060 ,0,1,0,0,0,1,0,0,0,0,0,0,0,0,0
2017/3/1,0.016 ,0.918 ,1.436 ,0,0,1,0,0,0,1,0,0,0,0,0,0,0,0
2017/3/2,0.001 ,0.624 ,0.883 ,0,0,0,1,0,0,1,0,0,0,0,0,0,0,0
2017/3/3,-0.002 ,0.395 ,-0.489 ,0,0,0,0,0,0,1,0,0,0,0,0,0,0,0
2017/3/6,-0.002 ,-0.590 ,-0.462 ,1,0,0,0,0,0,1,0,0,0,0,0,0,0,0
2017/3/7,-0.002 ,0.594 ,-0.181 ,0,1,0,0,0,0,1,0,0,0,0,0,0,0,0
2017/3/8,-0.009 ,-0.562 ,-0.466 ,0,0,1,0,0,0,1,0,0,0,0,0,0,0,0
2017/3/9,0.010 ,0.141 ,0.335 ,0,0,0,1,0,0,1,0,0,0,0,0,0,0,0
2017/3/10,0.013 ,1.497 ,1.481 ,0,0,0,0,0,0,1,0,0,0,0,0,0,0,0
2017/3/13,0.002 ,-1.141 ,0.149 ,1,0,0,0,0,0,1,0,0,0,0,0,0,0,0
2017/3/14,-0.012 ,-0.507 ,-0.124 ,0,1,0,0,0,0,1,0,0,0,0,0,0,0,0
2017/3/15,0.003 ,1.075 ,-0.164 ,0,0,1,0,0,0,1,0,0,0,0,0,0,0,0
2017/3/16,-0.003 ,-0.504 ,0.065 ,0,0,0,1,0,0,1,0,0,0,0,0,0,0,0
2017/3/17,-0.012 ,-0.619 ,-0.350 ,0,0,0,0,0,0,1,0,0,0,0,0,0,0,0
2017/3/21,-0.001 ,0.227 ,-0.337 ,0,1,0,0,0,0,1,0,0,0,0,0,0,0,0
2017/3/22,-0.033 ,-3.642 ,-2.130 ,0,0,1,0,0,0,1,0,0,0,0,0,0,0,0
2017/3/23,0.000 ,0.616 ,0.231 ,0,0,0,1,0,0,1,0,0,0,0,0,0,0,0
2017/3/24,0.011 ,0.174 ,0.929 ,0,0,0,0,0,0,1,0,0,0,0,0,0,0,0
2017/3/27,-0.011 ,-1.453 ,-1.438 ,1,0,0,0,0,0,1,0,0,0,0,0,0,0,0
2017/3/28,0.010 ,0.384 ,1.144 ,0,1,0,0,0,0,1,0,0,0,0,0,0,0,0
2017/3/29,0.003 ,1.686 ,0.076 ,0,0,1,0,0,0,1,0,0,0,0,0,0,0,0
2017/3/30,-0.002 ,-1.193 ,-0.803 ,0,0,0,1,0,0,1,0,0,0,0,0,0,0,0
2017/3/31,-0.011 ,-1.296 ,-0.808 ,0,0,0,0,0,0,1,0,0,0,0,0,0,0,0
2017/4/4,-0.010 ,-2.656 ,-0.911 ,0,1,0,0,0,0,0,1,0,0,0,0,0,0,0
2017/4/5,-0.013 ,-1.594 ,0.271 ,0,0,1,0,0,0,0,1,0,0,0,0,0,0,0
2017/4/6,-0.017 ,-1.931 ,-1.401 ,0,0,0,1,0,0,0,1,0,0,0,0,0,0,0
2017/4/7,0.004 ,0.285 ,0.363 ,0,0,0,0,0,0,0,1,0,0,0,0,0,0,0
2017/4/10,0.011 ,0.792 ,0.714 ,1,0,0,0,0,0,0,1,0,0,0,0,0,0,0
2017/4/12,-0.019 ,-1.602 ,-1.042 ,0,0,1,0,0,0,0,1,0,0,0,0,0,0,0
2017/4/13,-0.012 ,0.126 ,-0.678 ,0,0,0,1,0,0,0,1,0,0,0,0,0,0,0
2017/4/14,0.012 ,-0.573 ,-0.495 ,0,0,0,0,0,0,0,1,0,0,0,0,0,0,0
2017/4/17,-0.007 ,-0.578 ,0.107 ,1,0,0,0,0,0,0,1,0,0,0,0,0,0,0
2017/4/18,0.000 ,-0.032 ,0.345 ,0,1,0,0,0,0,0,1,0,0,0,0,0,0,0
2017/4/19,-0.011 ,-1.195 ,0.074 ,0,0,1,0,0,0,0,1,0,0,0,0,0,0,0
2017/4/20,0.010 ,0.522 ,-0.009 ,0,0,0,1,0,0,0,1,0,0,0,0,0,0,0
2017/4/21,0.018 ,1.235 ,1.032 ,0,0,0,0,0,0,0,1,0,0,0,0,0,0,0
2017/4/24,0.005 ,1.606 ,1.370 ,1,0,0,0,0,0,0,1,0,0,0,0,0,0,0
2017/4/25,0.019 ,0.759 ,1.078 ,0,1,0,0,0,0,0,1,0,0,0,0,0,0,0
2017/4/26,0.026 ,2.101 ,1.101 ,0,0,1,0,0,0,0,1,0,0,0,0,0,0,0
2017/4/27,-0.006 ,-0.338 ,-0.195 ,0,0,0,1,0,0,0,1,0,0,0,0,0,0,0
2017/4/28,-0.013 ,-0.400 ,-0.286 ,0,0,0,0,0,0,0,1,0,0,0,0,0,0,0
2017/5/1,0.001 ,0.402 ,0.593 ,1,0,0,0,0,0,0,0,1,0,0,0,0,0,0
2017/5/2,0.017 ,-0.308 ,0.700 ,0,1,0,0,0,0,0,0,1,0,0,0,0,0,0
2017/5/8,0.015 ,0.804 ,2.314 ,1,0,0,0,0,0,0,0,1,0,0,0,0,0,0
2017/5/9,-0.016 ,-1.717 ,-0.265 ,0,1,0,0,0,0,0,0,1,0,0,0,0,0,0
2017/5/10,-0.009 ,0.780 ,0.288 ,0,0,1,0,0,0,0,0,1,0,0,0,0,0,0
2017/5/11,0.007 ,0.619 ,0.309 ,0,0,0,1,0,0,0,0,1,0,0,0,0,0,0
2017/5/12,-0.012 ,-1.569 ,-0.389 ,0,0,0,0,0,0,0,0,1,0,0,0,0,0,0
2017/5/15,-0.006 ,-0.157 ,-0.071 ,1,0,0,0,0,0,0,0,1,0,0,0,0,0,0
2017/5/16,0.014 ,-0.845 ,0.251 ,0,1,0,0,0,0,0,0,1,0,0,0,0,0,0
2017/5/17,-0.010 ,-1.012 ,-0.527 ,0,0,1,0,0,0,0,0,1,0,0,0,0,0,0
2017/5/18,-0.017 ,-2.232 ,-1.317 ,0,0,0,1,0,0,0,0,1,0,0,0,0,0,0
2017/5/19,0.006 ,-0.489 ,0.189 ,0,0,0,0,0,0,0,0,1,0,0,0,0,0,0
2017/5/22,0.005 ,1.147 ,0.447 ,1,0,0,0,0,0,0,0,1,0,0,0,0,0,0
2017/5/23,0.000 ,-0.517 ,-0.330 ,0,1,0,0,0,0,0,0,1,0,0,0,0,0,0
2017/5/24,0.000 ,2.148 ,0.661 ,0,0,1,0,0,0,0,0,1,0,0,0,0,0,0
2017/5/25,-0.003 ,-1.274 ,0.355 ,0,0,0,1,0,0,0,0,1,0,0,0,0,0,0
2017/5/26,-0.007 ,-1.196 ,-0.637 ,0,0,0,0,0,0,0,0,1,0,0,0,0,0,0
2017/5/29,0.005 ,0.197 ,-0.022 ,1,0,0,0,0,0,0,0,1,0,0,0,0,0,0
2017/5/30,0.002 ,0.293 ,-0.024 ,0,1,0,0,0,0,0,0,1,0,0,0,0,0,0
2017/5/31,-0.008 ,1.433 ,-0.139 ,0,0,1,0,0,0,0,0,1,0,0,0,0,0,0
2017/6/1,0.010 ,-0.161 ,1.066 ,0,0,0,1,0,0,0,0,0,1,0,0,0,0,0
2017/6/2,0.017 ,2.635 ,1.597 ,0,0,0,0,0,0,0,0,0,1,0,0,0,0,0
2017/6/5,-0.020 ,-2.411 ,-0.032 ,1,0,0,0,0,0,0,0,0,1,0,0,0,0,0
2017/6/6,-0.010 ,-0.161 ,-0.947 ,0,1,0,0,0,0,0,0,0,1,0,0,0,0,0
2017/6/7,-0.001 ,-0.450 ,0.024 ,0,0,1,0,0,0,0,0,0,1,0,0,0,0,0
2017/6/8,-0.016 ,-0.969 ,-0.377 ,0,0,0,1,0,0,0,0,0,1,0,0,0,0,0
2017/6/9,0.006 ,0.229 ,0.522 ,0,0,0,0,0,0,0,0,0,1,0,0,0,0,0
2017/6/12,0.007 ,-0.294 ,-0.523 ,1,0,0,0,0,0,0,0,0,1,0,0,0,0,0
2017/6/13,-0.001 ,-0.293 ,-0.049 ,0,1,0,0,0,0,0,0,0,1,0,0,0,0,0
2017/6/14,-0.003 ,0.230 ,-0.077 ,0,0,1,0,0,0,0,0,0,1,0,0,0,0,0
2017/6/15,-0.011 ,-0.229 ,-0.260 ,0,0,0,1,0,0,0,0,0,1,0,0,0,0,0
2017/6/19,-0.001 ,-0.357 ,0.624 ,1,0,0,0,0,0,0,0,0,1,0,0,0,0,0
2017/6/21,0.005 ,0.033 ,-0.453 ,0,0,1,0,0,0,0,0,0,1,0,0,0,0,0
2017/6/22,0.006 ,-0.717 ,-0.140 ,0,0,0,1,0,0,0,0,0,1,0,0,0,0,0
2017/6/23,-0.003 ,0.525 ,0.110 ,0,0,0,0,0,0,0,0,0,1,0,0,0,0,0
2017/6/26,-0.004 ,0.131 ,0.103 ,1,0,0,0,0,0,0,0,0,1,0,0,0,0,0
2017/6/27,0.007 ,0.294 ,0.356 ,0,1,0,0,0,0,0,0,0,1,0,0,0,0,0
2017/6/28,0.005 ,0.754 ,-0.468 ,0,0,1,0,0,0,0,0,0,1,0,0,0,0,0
2017/6/29,0.001 ,0.358 ,0.447 ,0,0,0,1,0,0,0,0,0,1,0,0,0,0,0
2017/6/30,-0.003 ,-0.648 ,-0.924 ,0,0,0,0,0,0,0,0,0,1,0,0,0,0,0
2017/7/3,0.010 ,0.098 ,0.112 ,1,0,0,0,0,0,0,0,0,0,1,0,0,0,0
2017/7/4,0.018 ,1.988 ,-0.117 ,0,1,0,0,0,0,0,0,0,0,1,0,0,0,0
2017/7/5,0.016 ,0.704 ,0.246 ,0,0,1,0,0,0,0,0,0,0,1,0,0,0,0
2017/7/6,-0.003 ,-1.524 ,-0.436 ,0,0,0,1,0,0,0,0,0,0,1,0,0,0,0
2017/7/7,0.004 ,-0.484 ,-0.325 ,0,0,0,0,0,0,0,0,0,0,1,0,0,0,0
2017/7/10,0.005 ,0.550 ,0.762 ,1,0,0,0,0,0,0,0,0,0,1,0,0,0,0
2017/7/12,-0.006 ,-0.032 ,-0.481 ,0,0,1,0,0,0,0,0,0,0,1,0,0,0,0
2017/7/13,-0.002 ,-0.387 ,0.007 ,0,0,0,1,0,0,0,0,0,0,1,0,0,0,0
2017/7/14,0.008 ,1.391 ,0.095 ,0,0,0,0,0,0,0,0,0,0,1,0,0,0,0
2017/7/18,-0.012 ,-1.213 ,-0.591 ,0,1,0,0,0,0,0,0,0,0,1,0,0,0,0
2017/7/19,-0.008 ,-0.161 ,0.105 ,0,0,1,0,0,0,0,0,0,0,1,0,0,0,0
2017/7/20,0.004 ,0.259 ,0.618 ,0,0,0,1,0,0,0,0,0,0,1,0,0,0,0
2017/7/21,-0.004 ,-0.742 ,-0.223 ,0,0,0,0,0,0,0,0,0,0,1,0,0,0,0
2017/7/24,-0.008 ,-1.105 ,-0.617 ,1,0,0,0,0,0,0,0,0,0,1,0,0,0,0
2017/7/25,0.005 ,0.789 ,-0.102 ,0,1,0,0,0,0,0,0,0,0,1,0,0,0,0
2017/7/26,0.013 ,0.489 ,0.476 ,0,0,1,0,0,0,0,0,0,0,1,0,0,0,0
2017/7/27,0.010 ,-0.032 ,0.147 ,0,0,0,1,0,0,0,0,0,0,1,0,0,0,0
2017/7/28,-0.004 ,-0.097 ,-0.597 ,0,0,0,0,0,0,0,0,0,0,1,0,0,0,0
2017/7/31,0.001 ,1.007 ,-0.174 ,1,0,0,0,0,0,0,0,0,0,1,0,0,0,0
2017/8/1,0.011 ,0.612 ,0.304 ,0,1,0,0,0,0,0,0,0,0,0,1,0,0,0
2017/8/3,-0.012 ,-0.902 ,-0.253 ,0,0,0,1,0,0,0,0,0,0,0,1,0,0,0
2017/8/4,-0.001 ,-1.884 ,-0.384 ,0,0,0,0,0,0,0,0,0,0,0,1,0,0,0
2017/8/7,0.020 ,0.064 ,0.519 ,1,0,0,0,0,0,0,0,0,0,0,1,0,0,0
2017/8/8,0.000 ,-0.576 ,-0.299 ,0,1,0,0,0,0,0,0,0,0,0,1,0,0,0
2017/8/9,-0.016 ,-1.190 ,-1.287 ,0,0,1,0,0,0,0,0,0,0,0,1,0,0,0
2017/8/10,0.006 ,0.195 ,-0.045 ,0,0,0,1,0,0,0,0,0,0,0,1,0,0,0
2017/8/14,-0.015 ,-1.526 ,-0.976 ,1,0,0,0,0,0,0,0,0,0,0,1,0,0,0
2017/8/15,0.015 ,0.825 ,1.107 ,0,1,0,0,0,0,0,0,0,0,0,1,0,0,0
2017/8/16,-0.013 ,0.196 ,-0.122 ,0,0,1,0,0,0,0,0,0,0,0,1,0,0,0
2017/8/17,-0.003 ,-0.621 ,-0.135 ,0,0,0,1,0,0,0,0,0,0,0,1,0,0,0
2017/8/18,-0.008 ,-0.755 ,-1.179 ,0,0,0,0,0,0,0,0,0,0,0,1,0,0,0
2017/8/21,0.006 ,-0.365 ,-0.397 ,1,0,0,0,0,0,0,0,0,0,0,1,0,0,0
2017/8/22,-0.004 ,0.432 ,-0.048 ,0,1,0,0,0,0,0,0,0,0,0,1,0,0,0
2017/8/23,0.006 ,0.166 ,0.262 ,0,0,1,0,0,0,0,0,0,0,0,1,0,0,0
2017/8/24,-0.011 ,0.231 ,-0.416 ,0,0,0,1,0,0,0,0,0,0,0,1,0,0,0
2017/8/25,0.008 ,0.626 ,0.511 ,0,0,0,0,0,0,0,0,0,0,0,1,0,0,0
2017/8/28,-0.005 ,-0.261 ,-0.014 ,1,0,0,0,0,0,0,0,0,0,0,1,0,0,0
2017/8/29,-0.006 ,-0.164 ,-0.449 ,0,1,0,0,0,0,0,0,0,0,0,1,0,0,0
2017/8/31,0.005 ,1.348 ,0.716 ,0,0,0,1,0,0,0,0,0,0,0,1,0,0,0
2017/9/1,0.000 ,0.487 ,0.230 ,0,0,0,0,0,0,0,0,0,0,0,0,1,0,0
2017/9/4,-0.002 ,-1.485 ,-0.930 ,1,0,0,0,0,0,0,0,0,0,0,0,1,0,0
2017/9/5,0.008 ,0.229 ,-0.628 ,0,1,0,0,0,0,0,0,0,0,0,0,1,0,0
2017/9/6,-0.009 ,-0.687 ,-0.144 ,0,0,1,0,0,0,0,0,0,0,0,0,1,0,0
2017/9/7,0.011 ,1.417 ,0.199 ,0,0,0,1,0,0,0,0,0,0,0,0,1,0,0
2017/9/8,-0.002 ,-0.292 ,-0.627 ,0,0,0,0,0,0,0,0,0,0,0,0,1,0,0
2017/9/11,0.012 ,1.596 ,1.406 ,1,0,0,0,0,0,0,0,0,0,0,0,1,0,0
2017/9/12,0.010 ,2.212 ,1.181 ,0,1,0,0,0,0,0,0,0,0,0,0,1,0,0
2017/9/13,0.009 ,0.941 ,0.451 ,0,0,1,0,0,0,0,0,0,0,0,0,1,0,0
2017/9/14,0.002 ,-0.062 ,-0.294 ,0,0,0,1,0,0,0,0,0,0,0,0,1,0,0
2017/9/15,0.008 ,0.901 ,0.515 ,0,0,0,0,0,0,0,0,0,0,0,0,1,0,0
2017/9/19,0.038 ,1.510 ,1.958 ,0,1,0,0,0,0,0,0,0,0,0,0,1,0,0
2017/9/20,-0.004 ,0.486 ,0.055 ,0,0,1,0,0,0,0,0,0,0,0,0,1,0,0
2017/9/21,0.005 ,0.634 ,0.182 ,0,0,0,1,0,0,0,0,0,0,0,0,1,0,0
2017/9/22,-0.001 ,0.630 ,-0.251 ,0,0,0,0,0,0,0,0,0,0,0,0,1,0,0
2017/9/25,0.008 ,0.298 ,0.498 ,1,0,0,0,0,0,0,0,0,0,0,0,1,0,0
2017/9/26,0.005 ,-0.060 ,-0.330 ,0,1,0,0,0,0,0,0,0,0,0,0,1,0,0
2017/9/27,0.005 ,0.540 ,-0.311 ,0,0,1,0,0,0,0,0,0,0,0,0,1,0,0
2017/9/28,0.003 ,0.239 ,0.474 ,0,0,0,1,0,0,0,0,0,0,0,0,1,0,0
2017/9/29,-0.009 ,-0.894 ,-0.034 ,0,0,0,0,0,0,0,0,0,0,0,0,1,0,0
2017/10/2,-0.001 ,0.541 ,0.219 ,1,0,0,0,0,0,0,0,0,0,0,0,0,1,0
2017/10/3,0.007 ,1.104 ,1.045 ,0,1,0,0,0,0,0,0,0,0,0,0,0,1,0
2017/10/4,-0.003 ,-0.502 ,0.061 ,0,0,1,0,0,0,0,0,0,0,0,0,0,1,0
2017/10/5,0.008 ,0.534 ,0.009 ,0,0,0,1,0,0,0,0,0,0,0,0,0,1,0
2017/10/6,0.015 ,0.207 ,0.301 ,0,0,0,0,0,0,0,0,0,0,0,0,0,1,0
2017/10/10,0.016 ,0.295 ,0.642 ,0,1,0,0,0,0,0,0,0,0,0,0,0,1,0
2017/10/11,-0.010 ,-0.117 ,0.277 ,0,0,1,0,0,0,0,0,0,0,0,0,0,1,0
2017/10/12,-0.001 ,0.177 ,0.352 ,0,0,0,1,0,0,0,0,0,0,0,0,0,1,0
2017/10/13,-0.004 ,-0.587 ,0.957 ,0,0,0,0,0,0,0,0,0,0,0,0,0,1,0
2017/10/16,-0.002 ,0.383 ,0.474 ,1,0,0,0,0,0,0,0,0,0,0,0,0,1,0
2017/10/17,0.008 ,0.795 ,0.379 ,0,1,0,0,0,0,0,0,0,0,0,0,0,1,0
2017/10/18,0.007 ,0.145 ,0.126 ,0,0,1,0,0,0,0,0,0,0,0,0,0,1,0
2017/10/19,-0.001 ,0.670 ,0.400 ,0,0,0,1,0,0,0,0,0,0,0,0,0,1,0
2017/10/20,0.003 ,-0.781 ,0.043 ,0,0,0,0,0,0,0,0,0,0,0,0,0,1,0
2017/10/23,-0.003 ,1.255 ,1.114 ,1,0,0,0,0,0,0,0,0,0,0,0,0,1,0
2017/10/24,0.007 ,0.633 ,0.500 ,0,1,0,0,0,0,0,0,0,0,0,0,0,1,0
2017/10/25,-0.006 ,-0.143 ,-0.447 ,0,0,1,0,0,0,0,0,0,0,0,0,0,1,0
2017/10/26,0.006 ,0.574 ,0.148 ,0,0,0,1,0,0,0,0,0,0,0,0,0,1,0
2017/10/27,0.006 ,0.799 ,1.236 ,0,0,0,0,0,0,0,0,0,0,0,0,0,1,0
2017/10/30,0.001 ,0.169 ,0.015 ,1,0,0,0,0,0,0,0,0,0,0,0,0,1,0
2017/10/31,-0.012 ,-0.536 ,0.000 ,0,1,0,0,0,0,0,0,0,0,0,0,0,1,0
2017/11/1,0.007 ,1.504 ,1.856 ,0,0,1,0,0,0,0,0,0,0,0,0,0,0,1
2017/11/2,0.017 ,5.202 ,0.531 ,0,0,0,1,0,0,0,0,0,0,0,0,0,0,1
2017/11/6,0.002 ,1.780 ,0.041 ,1,0,0,0,0,0,0,0,0,0,0,0,0,0,1
2017/11/7,0.002 ,0.209 ,1.726 ,0,1,0,0,0,0,0,0,0,0,0,0,0,0,1
2017/11/8,0.010 ,-0.026 ,-0.104 ,0,0,1,0,0,0,0,0,0,0,0,0,0,0,1
2017/11/9,-0.012 ,-1.303 ,-0.197 ,0,0,0,1,0,0,0,0,0,0,0,0,0,0,1
2017/11/10,-0.008 ,-0.476 ,-0.819 ,0,0,0,0,0,0,0,0,0,0,0,0,0,0,1
2017/11/13,0.003 ,-1.219 ,-1.325 ,1,0,0,0,0,0,0,0,0,0,0,0,0,0,1
2017/11/15,-0.024 ,-2.426 ,-1.571 ,0,0,1,0,0,0,0,0,0,0,0,0,0,0,1
2017/11/16,0.000 ,1.105 ,1.465 ,0,0,0,1,0,0,0,0,0,0,0,0,0,0,1
2017/11/17,-0.006 ,0.273 ,0.204 ,0,0,0,0,0,0,0,0,0,0,0,0,0,0,1
2017/11/20,0.002 ,0.463 ,-0.603 ,1,0,0,0,0,0,0,0,0,0,0,0,0,0,1
2017/11/21,0.014 ,0.380 ,0.695 ,0,1,0,0,0,0,0,0,0,0,0,0,0,0,1
2017/11/22,0.007 ,0.378 ,0.476 ,0,0,1,0,0,0,0,0,0,0,0,0,0,0,1
2017/11/24,-0.008 ,-0.727 ,0.123 ,0,0,0,0,0,0,0,0,0,0,0,0,0,0,1
2017/11/27,0.000 ,-0.352 ,-0.243 ,1,0,0,0,0,0,0,0,0,0,0,0,0,0,1
2017/11/28,0.002 ,1.035 ,-0.043 ,0,1,0,0,0,0,0,0,0,0,0,0,0,0,1
2017/11/29,0.002 ,0.215 ,0.493 ,0,0,1,0,0,0,0,0,0,0,0,0,0,0,1
2017/11/30,-0.001 ,0.617 ,0.565 ,0,0,0,1,0,0,0,0,0,0,0,0,0,0,1
2017/12/1,0.001 ,0.829 ,0.414 ,0,0,0,0,0,0,0,0,0,0,0,0,0,0,0
2017/12/4,-0.006 ,0.317 ,-0.490 ,1,0,0,0,0,0,0,0,0,0,0,0,0,0,0
2017/12/5,-0.002 ,-0.528 ,-0.373 ,0,1,0,0,0,0,0,0,0,0,0,0,0,0,0
2017/12/6,-0.017 ,-1.167 ,-1.969 ,0,0,1,0,0,0,0,0,0,0,0,0,0,0,0
2017/12/7,0.008 ,0.886 ,1.447 ,0,0,0,1,0,0,0,0,0,0,0,0,0,0,0
2017/12/8,0.012 ,0.453 ,1.391 ,0,0,0,0,0,0,0,0,0,0,0,0,0,0,0
2017/12/11,0.004 ,0.424 ,0.560 ,1,0,0,0,0,0,0,0,0,0,0,0,0,0,0
2017/12/12,-0.001 ,0.449 ,-0.316 ,0,1,0,0,0,0,0,0,0,0,0,0,0,0,0
2017/12/13,0.006 ,0.735 ,-0.473 ,0,0,1,0,0,0,0,0,0,0,0,0,0,0,0
2017/12/14,0.002 ,-0.338 ,-0.280 ,0,0,0,1,0,0,0,0,0,0,0,0,0,0,0
2017/12/15,-0.018 ,-1.022 ,-0.622 ,0,0,0,0,0,0,0,0,0,0,0,0,0,0,0
2017/12/18,0.028 ,1.270 ,1.545 ,1,0,0,0,0,0,0,0,0,0,0,0,0,0,0
2017/12/19,0.004 ,1.539 ,-0.147 ,0,1,0,0,0,0,0,0,0,0,0,0,0,0,0
2017/12/20,0.008 ,0.027 ,0.104 ,0,0,1,0,0,0,0,0,0,0,0,0,0,0,0
2017/12/21,0.005 ,0.102 ,-0.112 ,0,0,0,1,0,0,0,0,0,0,0,0,0,0,0
2017/12/22,-0.001 ,0.129 ,0.160 ,0,0,0,0,0,0,0,0,0,0,0,0,0,0,0
2017/12/26,-0.004 ,-0.483 ,-0.203 ,0,1,0,0,0,0,0,0,0,0,0,0,0,0,0
2017/12/27,0.003 ,0.231 ,0.081 ,0,0,1,0,0,0,0,0,0,0,0,0,0,0,0
2017/12/28,-0.007 ,-0.744 ,-0.555 ,0,0,0,1,0,0,0,0,0,0,0,0,0,0,0
2017/12/29,-0.001 ,-0.104 ,-0.084 ,0,0,0,0,0,0,0,0,0,0,0,0,0,0,0
2018/1/4,0.028 ,3.210 ,3.257 ,0,0,0,1,1,0,0,0,0,0,0,0,0,0,0
2018/1/5,0.019 ,0.878 ,0.886 ,0,0,0,0,1,0,0,0,0,0,0,0,0,0,0
2018/1/9,-0.001 ,-0.272 ,0.571 ,0,1,0,0,1,0,0,0,0,0,0,0,0,0,0
2018/1/10,0.022 ,2.294 ,-0.259 ,0,0,1,0,1,0,0,0,0,0,0,0,0,0,0
2018/1/11,-0.010 ,-1.854 ,-0.327 ,0,0,0,1,1,0,0,0,0,0,0,0,0,0,0
2018/1/12,-0.007 ,-1.440 ,-0.239 ,0,0,0,0,1,0,0,0,0,0,0,0,0,0,0
2018/1/15,0.010 ,0.327 ,0.258 ,1,0,0,0,1,0,0,0,0,0,0,0,0,0,0
2018/1/16,0.010 ,0.200 ,0.999 ,0,1,0,0,1,0,0,0,0,0,0,0,0,0,0
2018/1/17,0.006 ,0.753 ,-0.348 ,0,0,1,0,1,0,0,0,0,0,0,0,0,0,0
2018/1/18,-0.011 ,-1.045 ,-0.440 ,0,0,0,1,1,0,0,0,0,0,0,0,0,0,0
2018/1/19,0.005 ,0.654 ,0.188 ,0,0,0,0,1,0,0,0,0,0,0,0,0,0,0
2018/1/22,-0.008 ,-0.575 ,0.035 ,1,0,0,0,1,0,0,0,0,0,0,0,0,0,0
2018/1/23,0.008 ,1.810 ,1.292 ,0,1,0,0,1,0,0,0,0,0,0,0,0,0,0
2018/1/24,-0.009 ,-1.432 ,-0.760 ,0,0,1,0,1,0,0,0,0,0,0,0,0,0,0
2018/1/25,-0.010 ,-1.302 ,-1.133 ,0,0,0,1,1,0,0,0,0,0,0,0,0,0,0
2018/1/26,0.002 ,-0.229 ,-0.159 ,0,0,0,0,1,0,0,0,0,0,0,0,0,0,0
2018/1/29,0.005 ,0.356 ,-0.011 ,1,0,0,0,1,0,0,0,0,0,0,0,0,0,0
2018/1/30,-0.002 ,-0.558 ,-1.428 ,0,1,0,0,1,0,0,0,0,0,0,0,0,0,0
2018/1/31,-0.020 ,-2.521 ,-0.832 ,0,0,1,0,1,0,0,0,0,0,0,0,0,0,0
2018/2/1,0.018 ,0.861 ,1.679 ,0,0,0,1,0,1,0,0,0,0,0,0,0,0,0
2018/2/2,0.001 ,0.805 ,-0.901 ,0,0,0,0,0,1,0,0,0,0,0,0,0,0,0
2018/2/5,-0.016 ,2.082 ,-2.545 ,1,0,0,0,0,1,0,0,0,0,0,0,0,0,0
2018/2/6,-0.029 ,-4.055 ,-4.725 ,0,1,0,0,0,1,0,0,0,0,0,0,0,0,0
2018/2/7,0.012 ,0.788 ,0.163 ,0,0,1,0,0,1,0,0,0,0,0,0,0,0,0
2018/2/8,0.024 ,0.859 ,1.134 ,0,0,0,1,0,1,0,0,0,0,0,0,0,0,0
2018/2/9,-0.011 ,-2.013 ,-2.322 ,0,0,0,0,0,1,0,0,0,0,0,0,0,0,0
2018/2/13,-0.025 ,-1.713 ,-0.645 ,0,1,0,0,0,1,0,0,0,0,0,0,0,0,0
2018/2/14,-0.021 ,-1.153 ,-0.426 ,0,0,1,0,0,1,0,0,0,0,0,0,0,0,0
2018/2/15,0.003 ,1.275 ,1.469 ,0,0,0,1,0,1,0,0,0,0,0,0,0,0,0
2018/2/16,0.009 ,1.070 ,1.189 ,0,0,0,0,0,1,0,0,0,0,0,0,0,0,0
2018/2/19,0.024 ,2.041 ,1.975 ,1,0,0,0,0,1,0,0,0,0,0,0,0,0,0
2018/2/20,-0.012 ,-1.715 ,-1.012 ,0,1,0,0,0,1,0,0,0,0,0,0,0,0,0
2018/2/21,0.001 ,1.639 ,0.208 ,0,0,1,0,0,1,0,0,0,0,0,0,0,0,0
2018/2/22,-0.009 ,-1.041 ,-1.067 ,0,0,0,1,0,1,0,0,0,0,0,0,0,0,0
2018/2/23,0.007 ,0.999 ,0.719 ,0,0,0,0,0,1,0,0,0,0,0,0,0,0,0
2018/2/26,0.005 ,1.248 ,1.191 ,1,0,0,0,0,1,0,0,0,0,0,0,0,0,0
2018/2/27,0.008 ,2.030 ,1.066 ,0,1,0,0,0,1,0,0,0,0,0,0,0,0,0
2018/2/28,-0.020 ,-2.192 ,-1.436 ,0,0,1,0,0,1,0,0,0,0,0,0,0,0,0
2018/3/1,-0.021 ,-1.389 ,-1.558 ,0,0,0,1,0,0,1,0,0,0,0,0,0,0,0
2018/3/2,-0.024 ,-3.785 ,-2.499 ,0,0,0,0,0,0,1,0,0,0,0,0,0,0,0
2018/3/5,-0.015 ,-2.115 ,-0.659 ,1,0,0,0,0,0,1,0,0,0,0,0,0,0,0
2018/3/6,0.010 ,1.606 ,1.785 ,0,1,0,0,0,0,1,0,0,0,0,0,0,0,0
2018/3/7,-0.012 ,-0.872 ,-0.771 ,0,0,1,0,0,0,1,0,0,0,0,0,0,0,0
2018/3/8,0.003 ,0.879 ,0.543 ,0,0,0,1,0,0,1,0,0,0,0,0,0,0,0
2018/3/9,-0.004 ,-1.172 ,0.473 ,0,0,0,0,0,0,1,0,0,0,0,0,0,0,0
2018/3/12,0.025 ,3.202 ,1.653 ,1,0,0,0,0,0,1,0,0,0,0,0,0,0,0
2018/3/13,0.002 ,-0.829 ,0.660 ,0,1,0,0,0,0,1,0,0,0,0,0,0,0,0
2018/3/14,-0.004 ,-0.566 ,-0.869 ,0,0,1,0,0,0,1,0,0,0,0,0,0,0,0
2018/3/15,-0.001 ,0.190 ,0.122 ,0,0,0,1,0,0,1,0,0,0,0,0,0,0,0
2018/3/16,-0.007 ,-0.433 ,-0.584 ,0,0,0,0,0,0,1,0,0,0,0,0,0,0,0
2018/3/19,-0.008 ,-1.061 ,-0.902 ,1,0,0,0,0,0,1,0,0,0,0,0,0,0,0
2018/3/20,0.004 ,0.083 ,-0.465 ,0,1,0,0,0,0,1,0,0,0,0,0,0,0,0
2018/3/22,-0.001 ,0.604 ,0.987 ,0,0,0,1,0,0,1,0,0,0,0,0,0,0,0
2018/3/23,-0.035 ,-5.267 ,-4.512 ,0,0,0,0,0,0,1,0,0,0,0,0,0,0,0
2018/3/26,0.006 ,0.461 ,0.719 ,1,0,0,0,0,0,1,0,0,0,0,0,0,0,0
2018/3/27,0.037 ,3.700 ,2.654 ,0,1,0,0,0,0,1,0,0,0,0,0,0,0,0
2018/3/28,0.013 ,1.754 ,-1.342 ,0,0,1,0,0,0,1,0,0,0,0,0,0,0,0
2018/3/29,-0.003 ,-0.356 ,0.608 ,0,0,0,1,0,0,1,0,0,0,0,0,0,0,0
2018/3/30,-0.002 ,0.522 ,1.395 ,0,0,0,0,0,0,1,0,0,0,0,0,0,0,0
2018/4/2,-0.007 ,-0.492 ,-0.306 ,1,0,0,0,0,0,0,1,0,0,0,0,0,0,0
2018/4/3,-0.007 ,-0.741 ,-0.450 ,0,1,0,0,0,0,0,1,0,0,0,0,0,0,0
2018/4/4,0.001 ,1.301 ,0.128 ,0,0,1,0,0,0,0,1,0,0,0,0,0,0,0
2018/4/5,0.002 ,1.064 ,1.529 ,0,0,0,1,0,0,0,1,0,0,0,0,0,0,0
2018/4/6,-0.003 ,-0.540 ,-0.360 ,0,0,0,0,0,0,0,1,0,0,0,0,0,0,0
2018/4/9,0.002 ,0.190 ,0.513 ,1,0,0,0,0,0,0,1,0,0,0,0,0,0,0
2018/4/10,0.014 ,2.604 ,0.535 ,0,1,0,0,0,0,0,1,0,0,0,0,0,0,0
2018/4/11,0.001 ,-0.053 ,-0.492 ,0,0,1,0,0,0,0,1,0,0,0,0,0,0,0
2018/4/12,0.004 ,-1.244 ,-0.124 ,0,0,0,1,0,0,0,1,0,0,0,0,0,0,0
2018/4/13,0.005 ,1.017 ,0.547 ,0,0,0,0,0,0,0,1,0,0,0,0,0,0,0
2018/4/16,0.004 ,0.240 ,0.261 ,1,0,0,0,0,0,0,1,0,0,0,0,0,0,0
2018/4/17,-0.006 ,-0.661 ,0.055 ,0,1,0,0,0,0,0,1,0,0,0,0,0,0,0
2018/4/18,0.007 ,-1.065 ,1.422 ,0,0,1,0,0,0,0,1,0,0,0,0,0,0,0
2018/4/19,-0.002 ,-0.700 ,0.149 ,0,0,0,1,0,0,0,1,0,0,0,0,0,0,0
2018/4/20,0.005 ,-0.244 ,-0.130 ,0,0,0,0,0,0,0,1,0,0,0,0,0,0,0
2018/4/23,0.002 ,-0.190 ,-0.335 ,1,0,0,0,0,0,0,1,0,0,0,0,0,0,0
2018/4/24,0.020 ,1.769 ,0.861 ,0,1,0,0,0,0,0,1,0,0,0,0,0,0,0
2018/4/25,0.008 ,1.203 ,-0.282 ,0,0,1,0,0,0,0,1,0,0,0,0,0,0,0
2018/4/26,0.000 ,0.317 ,0.469 ,0,0,0,1,0,0,0,1,0,0,0,0,0,0,0
2018/4/27,0.002 ,-0.791 ,0.664 ,0,0,0,0,0,0,0,1,0,0,0,0,0,0,0
2018/5/1,0.002 ,-0.983 ,0.179 ,0,1,0,0,0,0,0,0,1,0,0,0,0,0,0
2018/5/2,-0.004 ,-2.386 ,-0.157 ,0,0,1,0,0,0,0,0,1,0,0,0,0,0,0
2018/5/7,0.005 ,-0.604 ,-0.025 ,1,0,0,0,0,0,0,0,1,0,0,0,0,0,0
2018/5/8,-0.006 ,0.304 ,0.185 ,0,1,0,0,0,0,0,0,1,0,0,0,0,0,0
2018/5/9,0.038 ,-2.287 ,-0.443 ,0,0,1,0,0,0,0,0,1,0,0,0,0,0,0
2018/5/10,0.023 ,0.084 ,0.394 ,0,0,0,1,0,0,0,0,1,0,0,0,0,0,0
2018/5/11,-0.006 ,2.057 ,1.161 ,0,0,0,0,0,0,0,0,1,0,0,0,0,0,0
2018/5/14,0.002 ,1.131 ,0.472 ,1,0,0,0,0,0,0,0,1,0,0,0,0,0,0
2018/5/15,-0.006 ,-0.519 ,-0.209 ,0,1,0,0,0,0,0,0,1,0,0,0,0,0,0
2018/5/16,0.005 ,-0.136 ,-0.442 ,0,0,1,0,0,0,0,0,1,0,0,0,0,0,0
2018/5/17,0.001 ,0.522 ,0.533 ,0,0,0,1,0,0,0,0,1,0,0,0,0,0,0
2018/5/18,0.002 ,1.257 ,0.403 ,0,0,0,0,0,0,0,0,1,0,0,0,0,0,0
2018/5/21,-0.001 ,-0.431 ,0.314 ,1,0,0,0,0,0,0,0,1,0,0,0,0,0,0
2018/5/22,-0.005 ,0.108 ,-0.183 ,0,1,0,0,0,0,0,0,1,0,0,0,0,0,0
2018/5/23,-0.012 ,-1.029 ,-1.179 ,0,0,1,0,0,0,0,0,1,0,0,0,0,0,0
2018/5/24,-0.031 ,-3.392 ,-1.114 ,0,0,0,1,0,0,0,0,1,0,0,0,0,0,0
2018/5/25,-0.013 ,-0.935 ,0.061 ,0,0,0,0,0,0,0,0,1,0,0,0,0,0,0
2018/5/28,-0.009 ,1.115 ,0.135 ,1,0,0,0,0,0,0,0,1,0,0,0,0,0,0
2018/5/29,-0.011 ,-0.057 ,-0.546 ,0,1,0,0,0,0,0,0,1,0,0,0,0,0,0
2018/5/30,-0.019 ,-3.309 ,-1.520 ,0,0,1,0,0,0,0,0,1,0,0,0,0,0,0
2018/5/31,0.012 ,0.848 ,0.832 ,0,0,0,1,0,0,0,0,1,0,0,0,0,0,0
2018/6/1,0.029 ,0.551 ,-0.137 ,0,0,0,0,0,0,0,0,0,1,0,0,0,0,0
2018/6/4,0.039 ,2.395 ,1.374 ,1,0,0,0,0,0,0,0,0,1,0,0,0,0,0
2018/6/5,-0.008 ,-1.128 ,0.283 ,0,1,0,0,0,0,0,0,0,1,0,0,0,0,0
2018/6/6,0.018 ,0.028 ,0.382 ,0,0,1,0,0,0,0,0,0,1,0,0,0,0,0
2018/6/7,0.007 ,0.742 ,0.873 ,0,0,0,1,0,0,0,0,0,1,0,0,0,0,0
2018/6/8,-0.006 ,-0.537 ,-0.564 ,0,0,0,0,0,0,0,0,0,1,0,0,0,0,0
2018/6/11,0.002 ,1.648 ,0.483 ,1,0,0,0,0,0,0,0,0,1,0,0,0,0,0
2018/6/12,-0.013 ,-0.559 ,0.326 ,0,1,0,0,0,0,0,0,0,1,0,0,0,0,0
2018/6/13,0.013 ,1.209 ,0.385 ,0,0,1,0,0,0,0,0,0,1,0,0,0,0,0
2018/6/14,-0.009 ,-1.500 ,-0.992 ,0,0,0,1,0,0,0,0,0,1,0,0,0,0,0
2018/6/15,0.018 ,-0.311 ,0.498 ,0,0,0,0,0,0,0,0,0,1,0,0,0,0,0
2018/6/18,-0.004 ,-1.303 ,-0.750 ,1,0,0,0,0,0,0,0,0,1,0,0,0,0,0
2018/6/19,-0.008 ,-1.548 ,-1.772 ,0,1,0,0,0,0,0,0,0,1,0,0,0,0,0
2018/6/20,-0.003 ,-0.350 ,1.243 ,0,0,1,0,0,0,0,0,0,1,0,0,0,0,0
2018/6/21,-0.007 ,-0.351 ,0.610 ,0,0,0,1,0,0,0,0,0,1,0,0,0,0,0
2018/6/22,-0.027 ,-1.965 ,-0.776 ,0,0,0,0,0,0,0,0,0,1,0,0,0,0,0
2018/6/25,-0.015 ,-0.957 ,-0.794 ,1,0,0,0,0,0,0,0,0,1,0,0,0,0,0
2018/6/26,-0.001 ,0.272 ,0.017 ,0,1,0,0,0,0,0,0,0,1,0,0,0,0,0
2018/6/27,-0.006 ,-2.035 ,-0.314 ,0,0,1,0,0,0,0,0,0,1,0,0,0,0,0
2018/6/28,0.011 ,0.124 ,-0.006 ,0,0,0,1,0,0,0,0,0,1,0,0,0,0,0
2018/6/29,0.008 ,0.743 ,0.153 ,0,0,0,0,0,0,0,0,0,1,0,0,0,0,0
2018/7/2,-0.014 ,-1.814 ,-2.208 ,1,0,0,0,0,0,0,0,0,0,1,0,0,0,0
2018/7/3,0.001 ,0.501 ,-0.121 ,0,1,0,0,0,0,0,0,0,0,1,0,0,0,0
2018/7/4,0.003 ,-0.686 ,-0.314 ,0,0,1,0,0,0,0,0,0,0,1,0,0,0,0
2018/7/5,-0.002 ,-0.125 ,-0.783 ,0,0,0,1,0,0,0,0,0,0,1,0,0,0,0
2018/7/6,0.011 ,1.381 ,1.119 ,0,0,0,0,0,0,0,0,0,0,1,0,0,0,0
2018/7/9,0.007 ,0.372 ,1.212 ,1,0,0,0,0,0,0,0,0,0,1,0,0,0,0
2018/7/10,-0.008 ,1.019 ,0.656 ,0,1,0,0,0,0,0,0,0,0,1,0,0,0,0
2018/7/11,-0.003 ,-1.069 ,-1.192 ,0,0,1,0,0,0,0,0,0,0,1,0,0,0,0
2018/7/12,0.014 ,0.648 ,1.166 ,0,0,0,1,0,0,0,0,0,0,1,0,0,0,0
2018/7/13,0.006 ,1.013 ,1.845 ,0,0,0,0,0,0,0,0,0,0,1,0,0,0,0
2018/7/17,0.013 ,0.942 ,0.443 ,0,1,0,0,0,0,0,0,0,0,1,0,0,0,0
2018/7/18,0.014 ,0.271 ,0.427 ,0,0,1,0,0,0,0,0,0,0,1,0,0,0,0
2018/7/19,-0.002 ,-0.270 ,-0.129 ,0,0,0,1,0,0,0,0,0,0,1,0,0,0,0
2018/7/20,-0.002 ,-0.933 ,-0.293 ,0,0,0,0,0,0,0,0,0,0,1,0,0,0,0
2018/7/23,-0.017 ,-1.185 ,-1.326 ,1,0,0,0,0,0,0,0,0,0,1,0,0,0,0
2018/7/24,0.007 ,1.229 ,0.507 ,0,1,0,0,0,0,0,0,0,0,1,0,0,0,0
2018/7/25,-0.006 ,1.034 ,0.461 ,0,0,1,0,0,0,0,0,0,0,1,0,0,0,0
2018/7/26,0.008 ,0.480 ,-0.121 ,0,0,0,1,0,0,0,0,0,0,1,0,0,0,0
2018/7/27,0.010 ,0.658 ,0.557 ,0,0,0,0,0,0,0,0,0,0,1,0,0,0,0
2018/7/30,0.005 ,0.267 ,-0.739 ,1,0,0,0,0,0,0,0,0,0,1,0,0,0,0
2018/7/31,-0.025 ,-0.562 ,0.039 ,0,1,0,0,0,0,0,0,0,0,1,0,0,0,0
2018/8/1,0.013 ,2.951 ,0.856 ,0,0,1,0,0,0,0,0,0,0,0,1,0,0,0
2018/8/2,-0.016 ,-2.866 ,-1.029 ,0,0,0,1,0,0,0,0,0,0,0,1,0,0,0
2018/8/3,-0.008 ,0.744 ,0.056 ,0,0,0,0,0,0,0,0,0,0,0,1,0,0,0
2018/8/6,-0.012 ,0.356 ,-0.079 ,1,0,0,0,0,0,0,0,0,0,0,1,0,0,0
2018/8/7,0.002 ,1.032 ,0.691 ,0,1,0,0,0,0,0,0,0,0,0,1,0,0,0
2018/8/8,-0.012 ,-0.058 ,-0.081 ,0,0,1,0,0,0,0,0,0,0,0,1,0,0,0
2018/8/9,-0.010 ,-1.286 ,-0.203 ,0,0,0,1,0,0,0,0,0,0,0,1,0,0,0
2018/8/10,-0.006 ,-0.383 ,-1.329 ,0,0,0,0,0,0,0,0,0,0,0,1,0,0,0
2018/8/13,-0.021 ,-2.851 ,-1.976 ,1,0,0,0,0,0,0,0,0,0,0,1,0,0,0
2018/8/14,0.009 ,1.957 ,2.281 ,0,1,0,0,0,0,0,0,0,0,0,1,0,0,0
2018/8/15,-0.007 ,-1.500 ,-0.679 ,0,0,1,0,0,0,0,0,0,0,0,1,0,0,0
2018/8/16,-0.006 ,0.183 ,-0.055 ,0,0,0,1,0,0,0,0,0,0,0,1,0,0,0
2018/8/17,0.004 ,0.637 ,0.353 ,0,0,0,0,0,0,0,0,0,0,0,1,0,0,0
2018/8/20,-0.006 ,0.031 ,-0.321 ,1,0,0,0,0,0,0,0,0,0,0,1,0,0,0
2018/8/21,-0.005 ,0.211 ,0.093 ,0,1,0,0,0,0,0,0,0,0,0,1,0,0,0
2018/8/22,0.023 ,1.897 ,0.643 ,0,0,1,0,0,0,0,0,0,0,0,1,0,0,0
2018/8/23,-0.011 ,-1.950 ,0.216 ,0,0,0,1,0,0,0,0,0,0,0,1,0,0,0
2018/8/24,0.004 ,-0.844 ,0.852 ,0,0,0,0,0,0,0,0,0,0,0,1,0,0,0
2018/8/27,0.020 ,1.368 ,0.875 ,1,0,0,0,0,0,0,0,0,0,0,1,0,0,0
2018/8/28,0.009 ,1.259 ,0.061 ,0,1,0,0,0,0,0,0,0,0,0,1,0,0,0
2018/8/29,0.006 ,0.533 ,0.152 ,0,0,1,0,0,0,0,0,0,0,0,1,0,0,0
2018/8/30,-0.009 ,-1.148 ,0.093 ,0,0,0,1,0,0,0,0,0,0,0,1,0,0,0
2018/8/31,-0.010 ,-1.907 ,-0.019 ,0,0,0,0,0,0,0,0,0,0,0,1,0,0,0
2018/9/3,-0.016 ,-1.094 ,-0.690 ,1,0,0,0,0,0,0,0,0,0,0,0,1,0,0
2018/9/4,-0.006 ,-1.167 ,-0.046 ,0,1,0,0,0,0,0,0,0,0,0,0,1,0,0
2018/9/5,-0.008 ,-1.056 ,-0.511 ,0,0,1,0,0,0,0,0,0,0,0,0,1,0,0
2018/9/6,-0.008 ,-0.032 ,-0.411 ,0,0,0,1,0,0,0,0,0,0,0,0,1,0,0
2018/9/7,-0.011 ,-0.314 ,-0.804 ,0,0,0,0,0,0,0,0,0,0,0,0,1,0,0
2018/9/10,0.000 ,-0.441 ,0.296 ,1,0,0,0,0,0,0,0,0,0,0,0,1,0,0
2018/9/11,0.016 ,0.475 ,1.303 ,0,1,0,0,0,0,0,0,0,0,0,0,1,0,0
2018/9/12,-0.006 ,-1.796 ,-0.265 ,0,0,1,0,0,0,0,0,0,0,0,0,1,0,0
2018/9/13,0.018 ,1.957 ,0.959 ,0,0,0,1,0,0,0,0,0,0,0,0,1,0,0
2018/9/14,0.010 ,1.227 ,1.198 ,0,0,0,0,0,0,0,0,0,0,0,0,1,0,0
2018/9/18,0.016 ,2.083 ,1.411 ,0,1,0,0,0,0,0,0,0,0,0,0,1,0,0
2018/9/19,0.008 ,3.014 ,1.076 ,0,0,1,0,0,0,0,0,0,0,0,0,1,0,0
2018/9/20,-0.006 ,1.034 ,0.010 ,0,0,0,1,0,0,0,0,0,0,0,0,1,0,0
2018/9/21,0.003 ,2.137 ,0.824 ,0,0,0,0,0,0,0,0,0,0,0,0,1,0,0
2018/9/25,0.017 ,0.715 ,0.295 ,0,1,0,0,0,0,0,0,0,0,0,0,1,0,0
2018/9/26,0.001 ,-1.778 ,0.391 ,0,0,1,0,0,0,0,0,0,0,0,0,1,0,0
2018/9/27,-0.003 ,-0.582 ,-0.986 ,0,0,0,1,0,0,0,0,0,0,0,0,1,0,0
2018/9/28,0.012 ,0.939 ,1.359 ,0,0,0,0,0,0,0,0,0,0,0,0,1,0,0
2018/10/1,-0.005 ,-0.145 ,0.521 ,1,0,0,0,0,0,0,0,0,0,0,0,0,1,0
2018/10/2,0.016 ,1.514 ,0.103 ,0,1,0,0,0,0,0,0,0,0,0,0,0,1,0
2018/10/3,-0.029 ,-4.245 ,-0.658 ,0,0,1,0,0,0,0,0,0,0,0,0,0,1,0
2018/10/4,0.006 ,0.239 ,-0.561 ,0,0,0,1,0,0,0,0,0,0,0,0,0,1,0
2018/10/5,0.000 ,-0.598 ,-0.800 ,0,0,0,0,0,0,0,0,0,0,0,0,0,1,0
2018/10/9,-0.031 ,-3.097 ,-1.322 ,0,1,0,0,0,0,0,0,0,0,0,0,0,1,0
2018/10/10,-0.004 ,-0.497 ,0.156 ,0,0,1,0,0,0,0,0,0,0,0,0,0,1,0
2018/10/11,-0.024 ,-3.804 ,-3.893 ,0,0,0,1,0,0,0,0,0,0,0,0,0,1,0
2018/10/12,0.002 ,0.227 ,0.459 ,0,0,0,0,0,0,0,0,0,0,0,0,0,1,0
2018/10/15,-0.024 ,-2.620 ,-1.865 ,1,0,0,0,0,0,0,0,0,0,0,0,0,1,0
2018/10/16,0.011 ,1.893 ,1.248 ,0,1,0,0,0,0,0,0,0,0,0,0,0,1,0
2018/10/17,0.014 ,0.945 ,1.294 ,0,0,1,0,0,0,0,0,0,0,0,0,0,1,0
2018/10/18,0.004 ,-0.097 ,-0.801 ,0,0,0,1,0,0,0,0,0,0,0,0,0,1,0
2018/10/19,-0.010 ,-0.937 ,-0.556 ,0,0,0,0,0,0,0,0,0,0,0,0,0,1,0
2018/10/22,-0.004 ,0.425 ,0.367 ,1,0,0,0,0,0,0,0,0,0,0,0,0,1,0
2018/10/23,-0.001 ,-2.177 ,-2.671 ,0,1,0,0,0,0,0,0,0,0,0,0,0,1,0
2018/10/24,0.005 ,0.266 ,0.365 ,0,0,1,0,0,0,0,0,0,0,0,0,0,1,0
2018/10/25,-0.027 ,-3.064 ,-3.723 ,0,0,0,1,0,0,0,0,0,0,0,0,0,1,0
2018/10/26,0.021 ,1.742 ,-0.396 ,0,0,0,0,0,0,0,0,0,0,0,0,0,1,0
2018/10/29,-0.017 ,0.252 ,-0.164 ,1,0,0,0,0,0,0,0,0,0,0,0,0,1,0
2018/10/30,0.009 ,1.976 ,1.454 ,0,1,0,0,0,0,0,0,0,0,0,0,0,1,0
2018/10/31,0.020 ,6.472 ,2.159 ,0,0,1,0,0,0,0,0,0,0,0,0,0,1,0
2018/11/1,-0.006 ,0.308 ,-1.062 ,0,0,0,1,0,0,0,0,0,0,0,0,0,0,1
2018/11/2,-0.003 ,-0.093 ,2.564 ,0,0,0,0,0,0,0,0,0,0,0,0,0,0,1
2018/11/5,-0.010 ,-0.984 ,-1.550 ,1,0,0,0,0,0,0,0,0,0,0,0,0,0,1
2018/11/6,0.021 ,3.140 ,1.136 ,0,1,0,0,0,0,0,0,0,0,0,0,0,0,1
2018/11/7,0.001 ,-2.653 ,-0.280 ,0,0,1,0,0,0,0,0,0,0,0,0,0,0,1
2018/11/8,0.007 ,1.085 ,1.816 ,0,0,0,1,0,0,0,0,0,0,0,0,0,0,1
2018/11/9,0.002 ,0.490 ,-1.052 ,0,0,0,0,0,0,0,0,0,0,0,0,0,0,1
2018/11/12,0.002 ,0.061 ,0.088 ,1,0,0,0,0,0,0,0,0,0,0,0,0,0,1
2018/11/13,-0.024 ,-2.194 ,-2.063 ,0,1,0,0,0,0,0,0,0,0,0,0,0,0,1
2018/11/14,0.019 ,0.405 ,0.165 ,0,0,1,0,0,0,0,0,0,0,0,0,0,0,1
2018/11/15,-0.004 ,-0.528 ,-0.196 ,0,0,0,1,0,0,0,0,0,0,0,0,0,0,1
2018/11/16,-0.007 ,-0.686 ,-0.565 ,0,0,0,0,0,0,0,0,0,0,0,0,0,0,1
2018/11/19,0.003 ,-0.157 ,0.650 ,1,0,0,0,0,0,0,0,0,0,0,0,0,0,1
2018/11/20,0.016 ,-0.409 ,-1.091 ,0,1,0,0,0,0,0,0,0,0,0,0,0,0,1
2018/11/21,0.000 ,-0.631 ,-0.350 ,0,0,1,0,0,0,0,0,0,0,0,0,0,0,1
2018/11/22,0.016 ,0.381 ,0.646 ,0,0,0,1,0,0,0,0,0,0,0,0,0,0,1
2018/11/27,0.018 ,1.488 ,0.644 ,0,1,0,0,0,0,0,0,0,0,0,0,0,0,1
2018/11/28,-0.009 ,-1.373 ,1.023 ,0,0,1,0,0,0,0,0,0,0,0,0,0,0,1
2018/11/29,0.004 ,-0.600 ,0.386 ,0,0,0,1,0,0,0,0,0,0,0,0,0,0,1
2018/11/30,-0.013 ,1.909 ,0.397 ,0,0,0,0,0,0,0,0,0,0,0,0,0,0,1
2018/12/3,0.034 ,2.092 ,1.001 ,1,0,0,0,0,0,0,0,0,0,0,0,0,0,0
2018/12/4,-0.017 ,-2.386 ,-2.386 ,0,1,0,0,0,0,0,0,0,0,0,0,0,0,0
2018/12/5,0.000 ,-2.381 ,-0.530 ,0,0,1,0,0,0,0,0,0,0,0,0,0,0,0
2018/12/6,-0.005 ,-1.156 ,-1.906 ,0,0,0,1,0,0,0,0,0,0,0,0,0,0,0
2018/12/7,-0.003 ,0.228 ,0.823 ,0,0,0,0,0,0,0,0,0,0,0,0,0,0,0
2018/12/10,-0.006 ,-1.717 ,-2.118 ,1,0,0,0,0,0,0,0,0,0,0,0,0,0,0
2018/12/11,-0.011 ,-0.396 ,-0.337 ,0,1,0,0,0,0,0,0,0,0,0,0,0,0,0
2018/12/12,0.022 ,2.019 ,2.150 ,0,0,1,0,0,0,0,0,0,0,0,0,0,0,0
2018/12/13,-0.004 ,1.039 ,0.988 ,0,0,0,1,0,0,0,0,0,0,0,0,0,0,0
2018/12/14,-0.006 ,-1.928 ,-2.023 ,0,0,0,0,0,0,0,0,0,0,0,0,0,0,0
2018/12/17,0.002 ,-0.130 ,0.618 ,1,0,0,0,0,0,0,0,0,0,0,0,0,0,0
2018/12/18,-0.010 ,-0.721 ,-1.820 ,0,1,0,0,0,0,0,0,0,0,0,0,0,0,0
2018/12/19,-0.002 ,0.627 ,-0.604 ,0,0,1,0,0,0,0,0,0,0,0,0,0,0,0
2018/12/20,-0.020 ,-2.724 ,-2.837 ,0,0,0,1,0,0,0,0,0,0,0,0,0,0,0
2018/12/21,-0.032 ,-1.433 ,-1.110 ,0,0,0,0,0,0,0,0,0,0,0,0,0,0,0
2018/12/25,-0.053 ,-5.665 ,-5.011 ,0,1,0,0,0,0,0,0,0,0,0,0,0,0,0
2018/12/26,0.011 ,1.961 ,0.894 ,0,0,1,0,0,0,0,0,0,0,0,0,0,0,0
2018/12/27,0.044 ,4.135 ,3.883 ,0,0,0,1,0,0,0,0,0,0,0,0,0,0,0
2018/12/28,-0.001 ,-0.069 ,-0.313 ,0,0,0,0,0,0,0,0,0,0,0,0,0,0,0
2019/1/4,-0.009 ,-0.415 ,-2.262 ,0,0,0,0,1,0,0,0,0,0,0,0,0,0,0
2019/1/7,0.031 ,3.694 ,2.438 ,1,0,0,0,1,0,0,0,0,0,0,0,0,0,0
2019/1/8,0.012 ,3.178 ,0.824 ,0,1,0,0,1,0,0,0,0,0,0,0,0,0,0
2019/1/9,0.008 ,1.298 ,1.104 ,0,0,1,0,1,0,0,0,0,0,0,0,0,0,0
2019/1/10,0.004 ,-0.929 ,-1.289 ,0,0,0,1,1,0,0,0,0,0,0,0,0,0,0
2019/1/11,0.017 ,2.424 ,0.972 ,0,0,0,0,1,0,0,0,0,0,0,0,0,0,0
2019/1/15,0.010 ,1.546 ,0.961 ,0,1,0,0,1,0,0,0,0,0,0,0,0,0,0
2019/1/16,-0.007 ,-0.280 ,-0.547 ,0,0,1,0,1,0,0,0,0,0,0,0,0,0,0
2019/1/17,-0.008 ,-0.125 ,-0.198 ,0,0,0,1,1,0,0,0,0,0,0,0,0,0,0
2019/1/18,0.001 ,0.280 ,1.293 ,0,0,0,0,1,0,0,0,0,0,0,0,0,0,0
2019/1/21,0.003 ,0.871 ,0.258 ,1,0,0,0,1,0,0,0,0,0,0,0,0,0,0
2019/1/22,-0.005 ,-0.123 ,-0.465 ,0,1,0,0,1,0,0,0,0,0,0,0,0,0,0
2019/1/23,-0.009 ,-0.216 ,-0.142 ,0,0,1,0,1,0,0,0,0,0,0,0,0,0,0
2019/1/24,0.001 ,0.062 ,-0.093 ,0,0,0,1,1,0,0,0,0,0,0,0,0,0,0
2019/1/25,0.006 ,1.515 ,0.967 ,0,0,0,0,1,0,0,0,0,0,0,0,0,0,0
2019/1/28,-0.011 ,-1.005 ,-0.600 ,1,0,0,0,1,0,0,0,0,0,0,0,0,0,0
2019/1/29,-0.002 ,-0.154 ,0.076 ,0,1,0,0,1,0,0,0,0,0,0,0,0,0,0
2019/1/30,-0.006 ,-0.123 ,-0.523 ,0,0,1,0,1,0,0,0,0,0,0,0,0,0,0
2019/1/31,0.005 ,0.247 ,1.055 ,0,0,0,1,1,0,0,0,0,0,0,0,0,0,0
2019/2/1,-0.003 ,-0.123 ,0.072 ,0,0,0,0,0,1,0,0,0,0,0,0,0,0,0
2019/2/4,0.011 ,-3.483 ,0.459 ,1,0,0,0,0,1,0,0,0,0,0,0,0,0,0
2019/2/5,0.004 ,-2.490 ,-0.188 ,0,1,0,0,0,1,0,0,0,0,0,0,0,0,0
2019/2/6,-0.007 ,-0.622 ,0.142 ,0,0,1,0,0,1,0,0,0,0,0,0,0,0,0
2019/2/7,-0.019 ,-1.087 ,-0.588 ,0,0,0,1,0,1,0,0,0,0,0,0,0,0,0
2019/2/8,-0.019 ,-2.515 ,-2.015 ,0,0,0,0,0,1,0,0,0,0,0,0,0,0,0
2019/2/12,0.024 ,0.802 ,2.612 ,0,1,0,0,0,1,0,0,0,0,0,0,0,0,0
2019/2/13,0.003 ,1.729 ,1.343 ,0,0,1,0,0,1,0,0,0,0,0,0,0,0,0
2019/2/14,-0.001 ,1.334 ,-0.023 ,0,0,0,1,0,1,0,0,0,0,0,0,0,0,0
2019/2/15,-0.002 ,-2.253 ,-1.131 ,0,0,0,0,0,1,0,0,0,0,0,0,0,0,0
2019/2/18,0.008 ,1.025 ,1.824 ,1,0,0,0,0,1,0,0,0,0,0,0,0,0,0
2019/2/19,0.006 ,0.366 ,0.098 ,0,1,0,0,0,1,0,0,0,0,0,0,0,0,0
2019/2/20,0.014 ,0.631 ,0.605 ,0,0,1,0,0,1,0,0,0,0,0,0,0,0,0
2019/2/21,-0.009 ,2.308 ,0.153 ,0,0,0,1,0,1,0,0,0,0,0,0,0,0,0
2019/2/22,-0.002 ,0.709 ,-0.180 ,0,0,0,0,0,1,0,0,0,0,0,0,0,0,0
2019/2/25,0.008 ,0.832 ,0.479 ,1,0,0,0,0,1,0,0,0,0,0,0,0,0,0
2019/2/26,0.003 ,0.095 ,-0.366 ,0,1,0,0,0,1,0,0,0,0,0,0,0,0,0
2019/2/27,-0.002 ,0.697 ,0.499 ,0,0,1,0,0,1,0,0,0,0,0,0,0,0,0
2019/2/28,-0.012 ,-0.724 ,-0.795 ,0,0,0,1,0,1,0,0,0,0,0,0,0,0,0
2019/3/1,-0.001 ,0.063 ,1.017 ,0,0,0,0,0,0,1,0,0,0,0,0,0,0,0
2019/3/4,-0.009 ,-1.299 ,1.015 ,1,0,0,0,0,0,1,0,0,0,0,0,0,0,0
2019/3/5,-0.003 ,-0.707 ,-0.439 ,0,1,0,0,0,0,1,0,0,0,0,0,0,0,0
2019/3/6,-0.002 ,0.129 ,-0.596 ,0,0,1,0,0,0,1,0,0,0,0,0,0,0,0
2019/3/7,-0.002 ,-1.615 ,-0.652 ,0,0,0,1,0,0,1,0,0,0,0,0,0,0,0
2019/3/8,-0.008 ,-1.789 ,-2.006 ,0,0,0,0,0,0,1,0,0,0,0,0,0,0,0
2019/3/11,0.007 ,0.719 ,0.473 ,1,0,0,0,0,0,1,0,0,0,0,0,0,0,0
2019/3/12,0.006 ,1.128 ,1.792 ,0,1,0,0,0,0,1,0,0,0,0,0,0,0,0
2019/3/13,-0.005 ,-0.820 ,-0.993 ,0,0,1,0,0,0,1,0,0,0,0,0,0,0,0
2019/3/14,-0.006 ,0.033 ,-0.015 ,0,0,0,1,0,0,1,0,0,0,0,0,0,0,0
2019/3/15,0.011 ,1.125 ,0.770 ,0,0,0,0,0,0,1,0,0,0,0,0,0,0,0
2019/3/18,0.005 ,-0.032 ,0.623 ,1,0,0,0,0,0,1,0,0,0,0,0,0,0,0
2019/3/19,0.002 ,0.655 ,-0.082 ,0,1,0,0,0,0,1,0,0,0,0,0,0,0,0
2019/3/20,0.009 ,0.454 ,0.195 ,0,0,1,0,0,0,1,0,0,0,0,0,0,0,0
2019/3/22,0.005 ,-1.165 ,0.085 ,0,0,0,0,0,0,1,0,0,0,0,0,0,0,0
2019/3/25,-0.021 ,-2.996 ,-3.007 ,1,0,0,0,0,0,1,0,0,0,0,0,0,0,0
2019/3/26,0.023 ,3.122 ,2.151 ,0,1,0,0,0,0,1,0,0,0,0,0,0,0,0
2019/3/27,-0.003 ,0.132 ,-0.232 ,0,0,1,0,0,0,1,0,0,0,0,0,0,0,0
2019/3/28,-0.016 ,-0.956 ,-1.614 ,0,0,0,1,0,0,1,0,0,0,0,0,0,0,0
2019/3/29,-0.004 ,-0.233 ,0.818 ,0,0,0,0,0,0,1,0,0,0,0,0,0,0,0
2019/4/1,0.024 ,2.671 ,1.430 ,1,0,0,0,0,0,0,1,0,0,0,0,0,0,0
2019/4/2,0.006 ,1.138 ,-0.017 ,0,1,0,0,0,0,0,1,0,0,0,0,0,0,0
2019/4/3,0.006 ,0.803 ,0.967 ,0,0,1,0,0,0,0,1,0,0,0,0,0,0,0
2019/4/4,0.007 ,0.925 ,0.054 ,0,0,0,1,0,0,0,1,0,0,0,0,0,0,0
2019/4/5,0.010 ,0.474 ,0.380 ,0,0,0,0,0,0,0,1,0,0,0,0,0,0,0
2019/4/8,-0.008 ,-1.510 ,-0.210 ,1,0,0,0,0,0,0,1,0,0,0,0,0,0,0
2019/4/9,0.006 ,0.416 ,0.188 ,0,1,0,0,0,0,0,1,0,0,0,0,0,0,0
2019/4/10,-0.005 ,-1.050 ,-0.528 ,0,0,1,0,0,0,0,1,0,0,0,0,0,0,0
2019/4/11,-0.008 ,-1.189 ,0.110 ,0,0,0,1,0,0,0,1,0,0,0,0,0,0,0
2019/4/12,0.007 ,0.358 ,0.733 ,0,0,0,0,0,0,0,1,0,0,0,0,0,0,0
2019/4/15,0.006 ,1.102 ,1.365 ,1,0,0,0,0,0,0,1,0,0,0,0,0,0,0
2019/4/16,-0.002 ,0.609 ,0.237 ,0,1,0,0,0,0,0,1,0,0,0,0,0,0,0
2019/4/17,0.020 ,1.020 ,0.253 ,0,0,1,0,0,0,0,1,0,0,0,0,0,0,0
2019/4/18,0.003 ,1.388 ,-0.843 ,0,0,0,1,0,0,0,1,0,0,0,0,0,0,0
2019/4/19,-0.003 ,-0.498 ,0.500 ,0,0,0,0,0,0,0,1,0,0,0,0,0,0,0
2019/4/22,0.001 ,-0.970 ,0.078 ,1,0,0,0,0,0,0,1,0,0,0,0,0,0,0
2019/4/23,0.004 ,0.474 ,0.188 ,0,1,0,0,0,0,0,1,0,0,0,0,0,0,0
2019/4/24,-0.015 ,-2.765 ,-0.268 ,0,0,1,0,0,0,0,1,0,0,0,0,0,0,0
2019/4/25,0.001 ,0.355 ,0.485 ,0,0,0,1,0,0,0,1,0,0,0,0,0,0,0
2019/4/26,0.001 ,-0.128 ,-0.219 ,0,0,0,0,0,0,0,1,0,0,0,0,0,0,0
2019/5/7,-0.012 ,-0.774 ,-1.505 ,0,1,0,0,0,0,0,0,1,0,0,0,0,0,0
2019/5/8,-0.010 ,-2.845 ,-1.465 ,0,0,1,0,0,0,0,0,1,0,0,0,0,0,0
2019/5/9,-0.032 ,-4.682 ,-0.928 ,0,0,0,1,0,0,0,0,1,0,0,0,0,0,0
2019/5/10,-0.001 ,-0.614 ,-0.267 ,0,0,0,0,0,0,0,0,1,0,0,0,0,0,0
2019/5/13,0.001 ,-0.548 ,-0.720 ,1,0,0,0,0,0,0,0,1,0,0,0,0,0,0
2019/5/14,-0.002 ,-0.479 ,-0.585 ,0,1,0,0,0,0,0,0,1,0,0,0,0,0,0
2019/5/15,0.006 ,0.072 ,0.576 ,0,0,1,0,0,0,0,0,1,0,0,0,0,0,0
2019/5/16,-0.010 ,-0.606 ,-0.593 ,0,0,0,1,0,0,0,0,1,0,0,0,0,0,0
2019/5/20,0.004 ,0.622 ,0.243 ,1,0,0,0,0,0,0,0,1,0,0,0,0,0,0
2019/5/21,-0.005 ,0.107 ,-0.137 ,0,1,0,0,0,0,0,0,1,0,0,0,0,0,0
2019/5/22,0.000 ,-0.036 ,0.051 ,0,0,1,0,0,0,0,0,1,0,0,0,0,0,0
2019/5/23,0.001 ,-0.883 ,-0.621 ,0,0,0,1,0,0,0,0,1,0,0,0,0,0,0
2019/5/24,0.000 ,-0.588 ,-0.160 ,0,0,0,0,0,0,0,0,1,0,0,0,0,0,0
2019/5/27,0.008 ,-1.110 ,0.310 ,1,0,0,0,0,0,0,0,1,0,0,0,0,0,0
2019/5/28,0.008 ,0.398 ,0.366 ,0,1,0,0,0,0,0,0,1,0,0,0,0,0,0
2019/5/29,-0.003 ,-0.396 ,-1.208 ,0,0,1,0,0,0,0,0,1,0,0,0,0,0,0
2019/5/30,-0.002 ,0.361 ,-0.290 ,0,0,0,1,0,0,0,0,1,0,0,0,0,0,0
2019/5/31,-0.028 ,-4.261 ,-1.630 ,0,0,0,0,0,0,0,0,1,0,0,0,0,0,0
2019/6/3,-0.006 ,0.321 ,-0.924 ,1,0,0,0,0,0,0,0,0,1,0,0,0,0,0
2019/6/4,0.004 ,2.162 ,-0.011 ,0,1,0,0,0,0,0,0,0,1,0,0,0,0,0
2019/6/5,0.025 ,2.872 ,1.801 ,0,0,1,0,0,0,0,0,0,1,0,0,0,0,0
2019/6/6,0.003 ,-1.951 ,-0.010 ,0,0,0,1,0,0,0,0,0,1,0,0,0,0,0
2019/6/7,0.006 ,-0.091 ,0.533 ,0,0,0,0,0,0,0,0,0,1,0,0,0,0,0
2019/6/10,0.018 ,1.534 ,1.196 ,1,0,0,0,0,0,0,0,0,1,0,0,0,0,0
2019/6/11,0.011 ,0.270 ,0.331 ,0,1,0,0,0,0,0,0,0,1,0,0,0,0,0
2019/6/12,0.006 ,-0.395 ,-0.352 ,0,0,1,0,0,0,0,0,0,1,0,0,0,0,0
2019/6/13,-0.013 ,-0.792 ,-0.462 ,0,0,0,1,0,0,0,0,0,1,0,0,0,0,0
2019/6/14,0.003 ,0.018 ,0.404 ,0,0,0,0,0,0,0,0,0,1,0,0,0,0,0
2019/6/17,-0.002 ,0.725 ,0.034 ,1,0,0,0,0,0,0,0,0,1,0,0,0,0,0
2019/6/18,-0.001 ,-0.324 ,-0.716 ,0,1,0,0,0,0,0,0,0,1,0,0,0,0,0
2019/6/19,0.008 ,2.097 ,1.722 ,0,0,1,0,0,0,0,0,0,1,0,0,0,0,0
2019/6/20,-0.005 ,-1.878 ,0.605 ,0,0,0,1,0,0,0,0,0,1,0,0,0,0,0
2019/6/21,-0.008 ,-0.180 ,-0.952 ,0,0,0,0,0,0,0,0,0,1,0,0,0,0,0
2019/6/24,0.001 ,0.705 ,0.129 ,1,0,0,0,0,0,0,0,0,1,0,0,0,0,0
2019/6/25,-0.006 ,-0.718 ,-0.433 ,0,1,0,0,0,0,0,0,0,1,0,0,0,0,0
2019/6/26,-0.006 ,-0.237 ,-0.506 ,0,0,1,0,0,0,0,0,0,1,0,0,0,0,0
2019/6/27,0.009 ,2.105 ,1.193 ,0,0,0,1,0,0,0,0,0,1,0,0,0,0,0
2019/6/28,0.002 ,-0.125 ,-0.292 ,0,0,0,0,0,0,0,0,0,1,0,0,0,0,0
2019/7/1,0.028 ,2.154 ,2.134 ,1,0,0,0,0,0,0,0,0,0,1,0,0,0,0
2019/7/2,0.001 ,-0.282 ,0.112 ,0,1,0,0,0,0,0,0,0,0,1,0,0,0,0
2019/7/3,-0.009 ,-1.656 ,-0.534 ,0,0,1,0,0,0,0,0,0,0,1,0,0,0,0
2019/7/4,0.007 ,0.627 ,0.297 ,0,0,0,1,0,0,0,0,0,0,1,0,0,0,0
2019/7/5,0.003 ,1.033 ,0.202 ,0,0,0,0,0,0,0,0,0,0,1,0,0,0,0
2019/7/8,0.000 ,0.017 ,-0.975 ,1,0,0,0,0,0,0,0,0,0,1,0,0,0,0
2019/7/9,0.004 ,0.547 ,0.143 ,0,1,0,0,0,0,0,0,0,0,1,0,0,0,0
2019/7/10,-0.001 ,0.245 ,-0.147 ,0,0,1,0,0,0,0,0,0,0,1,0,0,0,0
2019/7/11,-0.006 ,-0.542 ,0.511 ,0,0,0,1,0,0,0,0,0,0,1,0,0,0,0
2019/7/12,0.007 ,0.105 ,0.196 ,0,0,0,0,0,0,0,0,0,0,1,0,0,0,0
2019/7/16,0.013 ,-0.368 ,-0.695 ,0,1,0,0,0,0,0,0,0,0,1,0,0,0,0
2019/7/17,0.004 ,-1.076 ,-0.307 ,0,0,1,0,0,0,0,0,0,0,1,0,0,0,0
2019/7/18,-0.007 ,-1.942 ,-1.970 ,0,0,0,1,0,0,0,0,0,0,1,0,0,0,0
2019/7/19,0.021 ,2.053 ,1.999 ,0,0,0,0,0,0,0,0,0,0,1,0,0,0,0
2019/7/22,-0.004 ,-0.213 ,-0.234 ,1,0,0,0,0,0,0,0,0,0,1,0,0,0,0
2019/7/23,0.001 ,0.446 ,0.953 ,0,1,0,0,0,0,0,0,0,0,1,0,0,0,0
2019/7/24,0.014 ,1.279 ,0.410 ,0,0,1,0,0,0,0,0,0,0,1,0,0,0,0
2019/7/25,0.003 ,-0.263 ,0.216 ,0,0,0,1,0,0,0,0,0,0,1,0,0,0,0
2019/7/26,-0.010 ,-2.022 ,-0.452 ,0,0,0,0,0,0,0,0,0,0,1,0,0,0,0
2019/7/29,0.000 ,-0.790 ,-0.191 ,1,0,0,0,0,0,0,0,0,0,1,0,0,0,0
2019/7/30,0.004 ,0.308 ,0.428 ,0,1,0,0,0,0,0,0,0,0,1,0,0,0,0
2019/7/31,-0.022 ,-2.218 ,-0.865 ,0,0,1,0,0,0,0,0,0,0,1,0,0,0,0
2019/8/1,0.010 ,0.442 ,0.090 ,0,0,0,1,0,0,0,0,0,0,0,1,0,0,0
2019/8/2,-0.023 ,-4.022 ,-2.107 ,0,0,0,0,0,0,0,0,0,0,0,1,0,0,0
2019/8/5,-0.006 ,-1.799 ,-1.740 ,1,0,0,0,0,0,0,0,0,0,0,1,0,0,0
2019/8/6,-0.024 ,-0.214 ,-0.651 ,0,1,0,0,0,0,0,0,0,0,0,1,0,0,0
2019/8/7,0.011 ,-0.938 ,-0.334 ,0,0,1,0,0,0,0,0,0,0,0,1,0,0,0
2019/8/8,0.003 ,-0.059 ,0.374 ,0,0,0,1,0,0,0,0,0,0,0,1,0,0,0
2019/8/9,0.004 ,0.276 ,0.444 ,0,0,0,0,0,0,0,0,0,0,0,1,0,0,0
2019/8/13,-0.007 ,-2.360 ,-1.109 ,0,1,0,0,0,0,0,0,0,0,0,1,0,0,0
2019/8/14,0.009 ,0.544 ,0.976 ,0,0,1,0,0,0,0,0,0,0,0,1,0,0,0
2019/8/15,-0.008 ,-1.422 ,-1.208 ,0,0,0,1,0,0,0,0,0,0,0,1,0,0,0
2019/8/16,-0.001 ,-0.062 ,0.064 ,0,0,0,0,0,0,0,0,0,0,0,1,0,0,0
2019/8/19,0.012 ,0.549 ,0.707 ,1,0,0,0,0,0,0,0,0,0,0,1,0,0,0
2019/8/20,0.005 ,0.931 ,0.555 ,0,1,0,0,0,0,0,0,0,0,0,1,0,0,0
2019/8/22,0.000 ,-0.181 ,0.046 ,0,0,0,1,0,0,0,0,0,0,0,1,0,0,0
2019/8/23,0.001 ,0.505 ,0.402 ,0,0,0,0,0,0,0,0,0,0,0,1,0,0,0
2019/8/26,-0.007 ,-1.427 ,-2.172 ,1,0,0,0,0,0,0,0,0,0,0,1,0,0,0
2019/8/27,0.007 ,1.263 ,0.963 ,0,1,0,0,0,0,0,0,0,0,0,1,0,0,0
2019/8/28,-0.004 ,0.242 ,0.114 ,0,0,1,0,0,0,0,0,0,0,0,1,0,0,0
2019/8/29,0.000 ,-0.803 ,-0.090 ,0,0,0,1,0,0,0,0,0,0,0,1,0,0,0
2019/8/30,0.010 ,2.166 ,1.190 ,0,0,0,0,0,0,0,0,0,0,0,1,0,0,0
2019/9/2,-0.001 ,0.357 ,-0.407 ,1,0,0,0,0,0,0,0,0,0,0,0,1,0,0
2019/9/3,0.008 ,1.204 ,0.024 ,0,1,0,0,0,0,0,0,0,0,0,0,1,0,0
2019/9/4,-0.007 ,0.547 ,0.116 ,0,0,1,0,0,0,0,0,0,0,0,0,1,0,0
2019/9/5,0.006 ,2.988 ,2.115 ,0,0,0,1,0,0,0,0,0,0,0,0,1,0,0
2019/9/6,0.004 ,3.015 ,0.539 ,0,0,0,0,0,0,0,0,0,0,0,0,1,0,0
2019/9/9,0.009 ,-0.256 ,0.561 ,1,0,0,0,0,0,0,0,0,0,0,0,1,0,0
2019/9/10,0.013 ,2.348 ,0.346 ,0,1,0,0,0,0,0,0,0,0,0,0,1,0,0
2019/9/11,0.024 ,3.744 ,0.961 ,0,0,1,0,0,0,0,0,0,0,0,0,1,0,0
2019/9/12,-0.002 ,1.174 ,0.749 ,0,0,0,1,0,0,0,0,0,0,0,0,1,0,0
2019/9/13,0.008 ,0.119 ,1.051 ,0,0,0,0,0,0,0,0,0,0,0,0,1,0,0
2019/9/17,0.007 ,-0.169 ,0.059 ,0,1,0,0,0,0,0,0,0,0,0,0,1,0,0
2019/9/18,-0.003 ,-1.060 ,-0.185 ,0,0,1,0,0,0,0,0,0,0,0,0,1,0,0
2019/9/19,-0.008 ,-0.397 ,0.381 ,0,0,0,1,0,0,0,0,0,0,0,0,1,0,0
2019/9/20,0.005 ,0.693 ,0.157 ,0,0,0,0,0,0,0,0,0,0,0,0,1,0,0
2019/9/24,0.008 ,-1.618 ,0.089 ,0,1,0,0,0,0,0,0,0,0,0,0,1,0,0
2019/9/25,-0.016 ,0.053 ,-0.356 ,0,0,1,0,0,0,0,0,0,0,0,0,1,0,0
2019/9/26,0.011 ,1.346 ,0.128 ,0,0,0,1,0,0,0,0,0,0,0,0,1,0,0
2019/9/27,0.006 ,-1.063 ,-0.768 ,0,0,0,0,0,0,0,0,0,0,0,0,1,0,0
2019/9/30,-0.021 ,-1.462 ,-0.562 ,1,0,0,0,0,0,0,0,0,0,0,0,1,0,0
2019/10/1,0.004 ,2.502 ,0.595 ,0,1,0,0,0,0,0,0,0,0,0,0,0,1,0
2019/10/2,-0.012 ,-1.761 ,-0.487 ,0,0,1,0,0,0,0,0,0,0,0,0,0,1,0
2019/10/3,-0.025 ,-2.679 ,-2.006 ,0,0,0,1,0,0,0,0,0,0,0,0,0,1,0
2019/10/4,0.002 ,0.455 ,0.321 ,0,0,0,0,0,0,0,0,0,0,0,0,0,1,0
2019/10/7,-0.001 ,-0.907 ,-0.163 ,1,0,0,0,0,0,0,0,0,0,0,0,0,1,0
2019/10/8,0.014 ,-0.219 ,0.994 ,0,1,0,0,0,0,0,0,0,0,0,0,0,1,0
2019/10/9,0.005 ,0.697 ,-0.609 ,0,0,1,0,0,0,0,0,0,0,0,0,0,1,0
2019/10/10,-0.002 ,0.802 ,0.446 ,0,0,0,1,0,0,0,0,0,0,0,0,0,1,0
2019/10/11,0.023 ,2.297 ,1.146 ,0,0,0,0,0,0,0,0,0,0,0,0,0,1,0
2019/10/15,0.016 ,2.510 ,1.873 ,0,1,0,0,0,0,0,0,0,0,0,0,0,1,0
2019/10/16,0.009 ,0.707 ,1.197 ,0,0,1,0,0,0,0,0,0,0,0,0,0,1,0
2019/10/17,-0.010 ,-0.360 ,-0.094 ,0,0,0,1,0,0,0,0,0,0,0,0,0,1,0
2019/10/18,-0.002 ,-0.033 ,0.182 ,0,0,0,0,0,0,0,0,0,0,0,0,0,1,0
2019/10/21,0.004 ,-0.465 ,0.250 ,1,0,0,0,0,0,0,0,0,0,0,0,0,1,0
2019/10/23,0.003 ,-0.622 ,0.339 ,0,0,1,0,0,0,0,0,0,0,0,0,0,1,0
2019/10/24,0.009 ,1.877 ,0.553 ,0,0,0,1,0,0,0,0,0,0,0,0,0,1,0
2019/10/25,-0.001 ,-0.188 ,0.216 ,0,0,0,0,0,0,0,0,0,0,0,0,0,1,0
2019/10/28,0.000 ,0.837 ,0.296 ,1,0,0,0,0,0,0,0,0,0,0,0,0,1,0
2019/10/29,0.008 ,1.899 ,0.467 ,0,1,0,0,0,0,0,0,0,0,0,0,0,1,0
2019/10/30,0.001 ,-0.649 ,-0.570 ,0,0,1,0,0,0,0,0,0,0,0,0,0,1,0
2019/10/31,-0.002 ,-1.491 ,0.367 ,0,0,0,1,0,0,0,0,0,0,0,0,0,1,0
2019/11/1,0.001 ,0.426 ,-0.333 ,0,0,0,0,0,0,0,0,0,0,0,0,0,0,1
2019/11/5,0.013 ,2.285 ,1.756 ,0,1,0,0,0,0,0,0,0,0,0,0,0,0,1
2019/11/6,0.000 ,0.298 ,0.223 ,0,0,1,0,0,0,0,0,0,0,0,0,0,0,1
2019/11/7,0.011 ,-0.561 ,0.114 ,0,0,0,1,0,0,0,0,0,0,0,0,0,0,1
2019/11/8,0.022 ,1.924 ,0.264 ,0,0,0,0,0,0,0,0,0,0,0,0,0,0,1
2019/11/11,0.003 ,4.200 ,-0.257 ,1,0,0,0,0,0,0,0,0,0,0,0,0,0,1
2019/11/12,-0.004 ,0.875 ,0.806 ,0,1,0,0,0,0,0,0,0,0,0,0,0,0,1
2019/11/13,-0.001 ,-0.620 ,-0.851 ,0,0,1,0,0,0,0,0,0,0,0,0,0,0,1
2019/11/14,-0.012 ,-2.181 ,-0.765 ,0,0,0,1,0,0,0,0,0,0,0,0,0,0,1
2019/11/15,0.004 ,0.350 ,0.699 ,0,0,0,0,0,0,0,0,0,0,0,0,0,0,1
2019/11/18,0.001 ,0.222 ,0.487 ,1,0,0,0,0,0,0,0,0,0,0,0,0,0,1
2019/11/19,-0.010 ,-0.729 ,-0.530 ,0,1,0,0,0,0,0,0,0,0,0,0,0,0,1
2019/11/20,-0.009 ,-1.340 ,-0.619 ,0,0,1,0,0,0,0,0,0,0,0,0,0,0,1
2019/11/21,0.004 ,0.356 ,-0.475 ,0,0,0,1,0,0,0,0,0,0,0,0,0,0,1
2019/11/22,0.005 ,0.161 ,0.323 ,0,0,0,0,0,0,0,0,0,0,0,0,0,0,1
2019/11/25,-0.003 ,1.222 ,0.778 ,1,0,0,0,0,0,0,0,0,0,0,0,0,0,1
2019/11/26,-0.003 ,-1.176 ,0.346 ,0,1,0,0,0,0,0,0,0,0,0,0,0,0,1
2019/11/27,-0.002 ,0.578 ,0.276 ,0,0,1,0,0,0,0,0,0,0,0,0,0,0,1
2019/11/28,0.004 ,-1.503 ,-0.122 ,0,0,0,1,0,0,0,0,0,0,0,0,0,0,1
2019/11/29,-0.011 ,-0.422 ,-0.492 ,0,0,0,0,0,0,0,0,0,0,0,0,0,0,1
2019/12/2,0.013 ,1.206 ,1.011 ,1,0,0,0,0,0,0,0,0,0,0,0,0,0,0
2019/12/3,-0.003 ,0.032 ,-0.636 ,0,1,0,0,0,0,0,0,0,0,0,0,0,0,0
2019/12/4,0.008 ,-0.451 ,-1.046 ,0,0,1,0,0,0,0,0,0,0,0,0,0,0,0
2019/12/5,-0.002 ,1.230 ,0.713 ,0,0,0,1,0,0,0,0,0,0,0,0,0,0,0
2019/12/6,-0.005 ,0.479 ,0.233 ,0,0,0,0,0,0,0,0,0,0,0,0,0,0,0
2019/12/9,0.000 ,-0.095 ,0.327 ,1,0,0,0,0,0,0,0,0,0,0,0,0,0,0
2019/12/10,-0.010 ,-0.192 ,-0.088 ,0,1,0,0,0,0,0,0,0,0,0,0,0,0,0
2019/12/11,0.002 ,0.447 ,-0.078 ,0,0,1,0,0,0,0,0,0,0,0,0,0,0,0
2019/12/12,-0.005 ,-1.143 ,0.141 ,0,0,0,1,0,0,0,0,0,0,0,0,0,0,0
2019/12/13,0.024 ,3.469 ,2.554 ,0,0,0,0,0,0,0,0,0,0,0,0,0,0,0
2019/12/16,-0.003 ,-0.466 ,-0.295 ,1,0,0,0,0,0,0,0,0,0,0,0,0,0,0
2019/12/17,0.004 ,-0.250 ,0.475 ,0,1,0,0,0,0,0,0,0,0,0,0,0,0,0
2019/12/18,-0.005 ,-0.563 ,-0.547 ,0,0,1,0,0,0,0,0,0,0,0,0,0,0,0
2019/12/19,0.007 ,-0.535 ,-0.291 ,0,0,0,1,0,0,0,0,0,0,0,0,0,0,0
2019/12/20,-0.011 ,0.221 ,-0.202 ,0,0,0,0,0,0,0,0,0,0,0,0,0,0,0
2019/12/23,0.003 ,-0.789 ,0.019 ,1,0,0,0,0,0,0,0,0,0,0,0,0,0,0
2019/12/24,-0.003 ,-0.540 ,0.040 ,0,1,0,0,0,0,0,0,0,0,0,0,0,0,0
2019/12/25,-0.008 ,-0.512 ,-0.200 ,0,0,1,0,0,0,0,0,0,0,0,0,0,0,0
2019/12/26,0.006 ,0.965 ,0.597 ,0,0,0,1,0,0,0,0,0,0,0,0,0,0,0
2019/12/27,0.001 ,0.674 ,-0.364 ,0,0,0,0,0,0,0,0,0,0,0,0,0,0,0
2019/12/30,-0.002 ,-1.148 ,-0.760 ,1,0,0,0,0,0,0,0,0,0,0,0,0,0,0
2020/1/6,-0.019 ,-2.969 ,-1.910 ,1,0,0,0,1,0,0,0,0,0,0,0,0,0,0
2020/1/7,0.020 ,2.727 ,1.598 ,0,1,0,0,1,0,0,0,0,0,0,0,0,0,0
2020/1/8,-0.013 ,-2.040 ,-1.573 ,0,0,1,0,1,0,0,0,0,0,0,0,0,0,0
2020/1/9,0.007 ,1.322 ,2.306 ,0,0,0,1,1,0,0,0,0,0,0,0,0,0,0
2020/1/10,-0.001 ,-0.195 ,0.466 ,0,0,0,0,1,0,0,0,0,0,0,0,0,0,0
2020/1/14,0.010 ,0.457 ,0.732 ,0,1,0,0,1,0,0,0,0,0,0,0,0,0,0
2020/1/15,-0.009 ,-1.008 ,-0.452 ,0,0,1,0,1,0,0,0,0,0,0,0,0,0,0
2020/1/16,0.002 ,-0.657 ,0.069 ,0,0,0,1,1,0,0,0,0,0,0,0,0,0,0
2020/1/17,0.001 ,1.191 ,0.452 ,0,0,0,0,1,0,0,0,0,0,0,0,0,0,0
2020/1/20,0.011 ,0.229 ,0.176 ,1,0,0,0,1,0,0,0,0,0,0,0,0,0,0
2020/1/21,0.010 ,-1.077 ,-0.909 ,0,1,0,0,1,0,0,0,0,0,0,0,0,0,0
2020/1/22,-0.004 ,-0.099 ,0.699 ,0,0,1,0,1,0,0,0,0,0,0,0,0,0,0
2020/1/23,0.002 ,-0.759 ,-0.982 ,0,0,0,1,1,0,0,0,0,0,0,0,0,0,0
2020/1/24,0.005 ,-1.546 ,0.133 ,0,0,0,0,1,0,0,0,0,0,0,0,0,0,0
2020/1/27,-0.015 ,-1.689 ,-2.030 ,1,0,0,0,1,0,0,0,0,0,0,0,0,0,0
2020/1/28,-0.001 ,-2.113 ,-0.547 ,0,1,0,0,1,0,0,0,0,0,0,0,0,0,0
2020/1/29,0.002 ,1.878 ,0.705 ,0,0,1,0,1,0,0,0,0,0,0,0,0,0,0
2020/1/30,-0.017 ,-1.809 ,-1.718 ,0,0,0,1,1,0,0,0,0,0,0,0,0,0,0
2020/1/31,0.002 ,-0.666 ,0.990 ,0,0,0,0,1,0,0,0,0,0,0,0,0,0,0
2020/2/3,-0.009 ,-0.760 ,-1.005 ,1,0,0,0,0,1,0,0,0,0,0,0,0,0,0
2020/2/4,0.008 ,-0.018 ,0.490 ,0,1,0,0,0,1,0,0,0,0,0,0,0,0,0
2020/2/5,0.010 ,1.425 ,1.018 ,0,0,1,0,0,1,0,0,0,0,0,0,0,0,0
2020/2/6,0.026 ,3.088 ,2.376 ,0,0,0,1,0,1,0,0,0,0,0,0,0,0,0
2020/2/7,-0.007 ,-2.707 ,-0.191 ,0,0,0,0,0,1,0,0,0,0,0,0,0,0,0
2020/2/10,-0.014 ,2.869 ,-0.596 ,1,0,0,0,0,1,0,0,0,0,0,0,0,0,0
2020/2/12,0.006 ,0.629 ,0.740 ,0,0,1,0,0,1,0,0,0,0,0,0,0,0,0
2020/2/13,-0.005 ,1.133 ,-0.140 ,0,0,0,1,0,1,0,0,0,0,0,0,0,0,0
2020/2/14,-0.004 ,-1.054 ,-0.588 ,0,0,0,0,0,1,0,0,0,0,0,0,0,0,0
2020/2/17,-0.001 ,-0.203 ,-0.694 ,1,0,0,0,0,1,0,0,0,0,0,0,0,0,0
2020/2/18,-0.017 ,0.779 ,-1.400 ,0,1,0,0,0,1,0,0,0,0,0,0,0,0,0
2020/2/19,-0.007 ,-0.067 ,0.892 ,0,0,1,0,0,1,0,0,0,0,0,0,0,0,0
2020/2/20,0.028 ,2.219 ,0.335 ,0,0,0,1,0,1,0,0,0,0,0,0,0,0,0
2020/2/21,0.011 ,-0.066 ,-0.394 ,0,0,0,0,0,1,0,0,0,0,0,0,0,0,0
2020/2/25,-0.034 ,-3.423 ,-3.341 ,0,1,0,0,0,1,0,0,0,0,0,0,0,0,0
2020/2/26,-0.004 ,0.358 ,-0.793 ,0,0,1,0,0,1,0,0,0,0,0,0,0,0,0
2020/2/27,-0.021 ,-0.730 ,-2.131 ,0,0,0,1,0,1,0,0,0,0,0,0,0,0,0
2020/2/28,-0.035 ,-4.258 ,-3.669 ,0,0,0,0,0,1,0,0,0,0,0,0,0,0,0
2020/3/2,0.004 ,-0.108 ,0.951 ,1,0,0,0,0,0,1,0,0,0,0,0,0,0,0
2020/3/3,-0.015 ,-1.198 ,-1.224 ,0,1,0,0,0,0,1,0,0,0,0,0,0,0,0
2020/3/4,-0.010 ,-0.778 ,0.082 ,0,0,1,0,0,0,1,0,0,0,0,0,0,0,0
2020/3/5,0.005 ,2.462 ,1.086 ,0,0,0,1,0,0,1,0,0,0,0,0,0,0,0
2020/3/6,-0.031 ,-4.326 ,-2.716 ,0,0,0,0,0,0,1,0,0,0,0,0,0,0,0
2020/3/9,-0.044 ,-7.106 ,-5.065 ,1,0,0,0,0,0,1,0,0,0,0,0,0,0,0
2020/3/10,0.016 ,1.842 ,0.855 ,0,1,0,0,0,0,1,0,0,0,0,0,0,0,0
2020/3/11,-0.010 ,-1.357 ,-2.270 ,0,0,1,0,0,0,1,0,0,0,0,0,0,0,0
2020/3/12,-0.035 ,-2.811 ,-4.411 ,0,0,0,1,0,0,1,0,0,0,0,0,0,0,0
2020/3/13,-0.036 ,-6.051 ,-6.081 ,0,0,0,0,0,0,1,0,0,0,0,0,0,0,0
2020/3/16,-0.024 ,-3.363 ,-2.461 ,1,0,0,0,0,0,1,0,0,0,0,0,0,0,0
2020/3/17,0.071 ,1.130 ,0.056 ,0,1,0,0,0,0,1,0,0,0,0,0,0,0,0
2020/3/18,-0.007 ,1.697 ,-1.675 ,0,0,1,0,0,0,1,0,0,0,0,0,0,0,0
2020/3/19,0.012 ,-0.307 ,-1.039 ,0,0,0,1,0,0,1,0,0,0,0,0,0,0,0
2020/3/23,-0.035 ,-2.292 ,2.024 ,1,0,0,0,0,0,1,0,0,0,0,0,0,0,0
2020/3/24,0.013 ,5.773 ,7.133 ,0,1,0,0,0,0,1,0,0,0,0,0,0,0,0
2020/3/25,0.106 ,10.618 ,8.038 ,0,0,1,0,0,0,1,0,0,0,0,0,0,0,0
2020/3/26,-0.029 ,-2.544 ,-4.512 ,0,0,0,1,0,0,1,0,0,0,0,0,0,0,0
2020/3/27,0.046 ,1.464 ,3.883 ,0,0,0,0,0,0,1,0,0,0,0,0,0,0,0
2020/3/30,-0.016 ,0.158 ,-1.570 ,1,0,0,0,0,0,1,0,0,0,0,0,0,0,0
2020/3/31,-0.044 ,-4.368 ,-0.880 ,0,1,0,0,0,0,1,0,0,0,0,0,0,0,0
2020/4/1,-0.026 ,-5.494 ,-4.502 ,0,0,1,0,0,0,0,1,0,0,0,0,0,0,0
2020/4/2,-0.007 ,-3.223 ,-1.366 ,0,0,0,1,0,0,0,1,0,0,0,0,0,0,0
2020/4/3,-0.015 ,-3.915 ,0.008 ,0,0,0,0,0,0,0,1,0,0,0,0,0,0,0
2020/4/6,0.062 ,7.399 ,4.243 ,1,0,0,0,0,0,0,1,0,0,0,0,0,0,0
2020/4/7,0.006 ,2.703 ,2.013 ,0,1,0,0,0,0,0,1,0,0,0,0,0,0,0
2020/4/8,0.020 ,2.930 ,2.127 ,0,0,1,0,0,0,0,1,0,0,0,0,0,0,0
2020/4/9,-0.011 ,-0.248 ,-0.039 ,0,0,0,1,0,0,0,1,0,0,0,0,0,0,0
2020/4/10,-0.007 ,-0.248 ,0.789 ,0,0,0,0,0,0,0,1,0,0,0,0,0,0,0
2020/4/13,-0.017 ,-3.150 ,-2.334 ,1,0,0,0,0,0,0,1,0,0,0,0,0,0,0
2020/4/14,0.034 ,2.311 ,3.127 ,0,1,0,0,0,0,0,1,0,0,0,0,0,0,0
2020/4/15,-0.002 ,-0.816 ,-0.452 ,0,0,1,0,0,0,0,1,0,0,0,0,0,0,0
2020/4/16,-0.020 ,-3.838 ,-1.329 ,0,0,0,1,0,0,0,1,0,0,0,0,0,0,0
2020/4/17,0.023 ,8.311 ,3.147 ,0,0,0,0,0,0,0,1,0,0,0,0,0,0,0
2020/4/20,-0.018 ,-0.728 ,-1.147 ,1,0,0,0,0,0,0,1,0,0,0,0,0,0,0
2020/4/21,-0.011 ,-2.611 ,-1.974 ,0,1,0,0,0,0,0,1,0,0,0,0,0,0,0
2020/4/22,-0.009 ,-1.864 ,-0.741 ,0,0,1,0,0,0,0,1,0,0,0,0,0,0,0
2020/4/23,0.011 ,3.926 ,1.523 ,0,0,0,1,0,0,0,1,0,0,0,0,0,0,0
2020/4/24,-0.004 ,0.473 ,-0.862 ,0,0,0,0,0,0,0,1,0,0,0,0,0,0,0
2020/4/27,0.018 ,3.556 ,2.706 ,1,0,0,0,0,0,0,1,0,0,0,0,0,0,0
2020/4/28,0.004 ,-1.993 ,-0.061 ,0,1,0,0,0,0,0,1,0,0,0,0,0,0,0
2020/4/30,-0.003 ,5.134 ,2.137 ,0,0,0,1,0,0,0,1,0,0,0,0,0,0,0
2020/5/1,-0.026 ,-5.918 ,-2.844 ,0,0,0,0,0,0,0,0,1,0,0,0,0,0,0
2020/5/7,-0.012 ,-2.239 ,0.282 ,0,0,0,1,0,0,0,0,1,0,0,0,0,0,0
2020/5/8,0.012 ,5.705 ,2.563 ,0,0,0,0,0,0,0,0,1,0,0,0,0,0,0
2020/5/11,0.026 ,2.995 ,1.048 ,1,0,0,0,0,0,0,0,1,0,0,0,0,0,0
2020/5/12,-0.020 ,-3.481 ,-0.119 ,0,1,0,0,0,0,0,0,1,0,0,0,0,0,0
2020/5/13,-0.022 ,-0.040 ,-0.488 ,0,0,1,0,0,0,0,0,1,0,0,0,0,0,0
2020/5/14,-0.022 ,-4.282 ,-1.738 ,0,0,0,1,0,0,0,0,1,0,0,0,0,0,0
2020/5/15,0.001 ,1.615 ,0.616 ,0,0,0,0,0,0,0,0,1,0,0,0,0,0,0
2020/5/18,0.001 ,1.406 ,0.480 ,1,0,0,0,0,0,0,0,1,0,0,0,0,0,0
2020/5/19,0.028 ,3.679 ,1.489 ,0,1,0,0,0,0,0,0,1,0,0,0,0,0,0
2020/5/20,-0.002 ,-0.194 ,0.791 ,0,0,1,0,0,0,0,0,1,0,0,0,0,0,0
2020/5/21,-0.008 ,-0.680 ,-0.208 ,0,0,0,1,0,0,0,0,1,0,0,0,0,0,0
2020/5/22,-0.011 ,-1.310 ,-0.799 ,0,0,0,0,0,0,0,0,1,0,0,0,0,0,0
2020/5/25,0.015 ,4.241 ,1.734 ,1,0,0,0,0,0,0,0,1,0,0,0,0,0,0
2020/5/26,0.042 ,4.315 ,2.553 ,0,1,0,0,0,0,0,0,1,0,0,0,0,0,0
2020/5/27,0.014 ,2.478 ,0.696 ,0,0,1,0,0,0,0,0,1,0,0,0,0,0,0
2020/5/28,0.035 ,3.077 ,2.321 ,0,0,0,1,0,0,0,0,1,0,0,0,0,0,0
2020/5/29,-0.031 ,-3.933 ,-0.175 ,0,0,0,0,0,0,0,0,1,0,0,0,0,0,0
2020/6/1,-0.005 ,0.376 ,0.843 ,1,0,0,0,0,0,0,0,0,1,0,0,0,0,0
2020/6/2,0.008 ,1.074 ,1.193 ,0,1,0,0,0,0,0,0,0,1,0,0,0,0,0
2020/6/3,0.021 ,2.585 ,1.291 ,0,0,1,0,0,0,0,0,0,1,0,0,0,0,0
2020/6/4,0.009 ,0.638 ,0.363 ,0,0,0,1,0,0,0,0,0,1,0,0,0,0,0
2020/6/5,0.013 ,3.772 ,0.740 ,0,0,0,0,0,0,0,0,0,1,0,0,0,0,0
2020/6/8,0.014 ,0.462 ,1.375 ,1,0,0,0,0,0,0,0,0,1,0,0,0,0,0
2020/6/9,-0.006 ,-0.460 ,-0.376 ,0,1,0,0,0,0,0,0,0,1,0,0,0,0,0
2020/6/10,-0.004 ,0.430 ,0.147 ,0,0,1,0,0,0,0,0,0,1,0,0,0,0,0
2020/6/11,-0.027 ,-5.660 ,-2.820 ,0,0,0,1,0,0,0,0,0,1,0,0,0,0,0
2020/6/12,-0.008 ,-1.797 ,-0.745 ,0,0,0,0,0,0,0,0,0,1,0,0,0,0,0
2020/6/15,-0.022 ,-2.646 ,-3.472 ,1,0,0,0,0,0,0,0,0,1,0,0,0,0,0
2020/6/16,0.048 ,7.734 ,4.883 ,0,1,0,0,0,0,0,0,0,1,0,0,0,0,0
2020/6/17,-0.011 ,-1.168 ,-0.560 ,0,0,1,0,0,0,0,0,0,1,0,0,0,0,0
2020/6/18,-0.008 ,-0.634 ,-0.447 ,0,0,0,1,0,0,0,0,0,1,0,0,0,0,0
2020/6/19,-0.005 ,-0.931 ,0.552 ,0,0,0,0,0,0,0,0,0,1,0,0,0,0,0
2020/6/22,-0.005 ,-0.783 ,-0.185 ,1,0,0,0,0,0,0,0,0,1,0,0,0,0,0
2020/6/23,0.011 ,1.000 ,0.498 ,0,1,0,0,0,0,0,0,0,1,0,0,0,0,0
2020/6/24,0.012 ,-0.833 ,-0.065 ,0,0,1,0,0,0,0,0,0,1,0,0,0,0,0
2020/6/25,-0.026 ,-2.645 ,-1.218 ,0,0,0,1,0,0,0,0,0,1,0,0,0,0,0
2020/6/26,0.011 ,-0.126 ,1.133 ,0,0,0,0,0,0,0,0,0,1,0,0,0,0,0
2020/6/29,-0.016 ,-2.432 ,-2.297 ,1,0,0,0,0,0,0,0,0,1,0,0,0,0,0
2020/6/30,0.000 ,1.735 ,1.333 ,0,1,0,0,0,0,0,0,0,1,0,0,0,0,0
2020/7/1,-0.016 ,-2.032 ,-0.747 ,0,0,1,0,0,0,0,0,0,0,1,0,0,0,0
2020/7/2,0.018 ,1.852 ,0.110 ,0,0,0,1,0,0,0,0,0,0,1,0,0,0,0
2020/7/3,-0.002 ,0.709 ,0.725 ,0,0,0,0,0,0,0,0,0,0,1,0,0,0,0
2020/7/6,0.014 ,1.607 ,1.829 ,1,0,0,0,0,0,0,0,0,0,1,0,0,0,0
2020/7/7,-0.013 ,-1.634 ,-0.439 ,0,1,0,0,0,0,0,0,0,0,1,0,0,0,0
2020/7/8,-0.006 ,-1.500 ,-0.778 ,0,0,1,0,0,0,0,0,0,0,1,0,0,0,0
2020/7/9,-0.003 ,-0.312 ,0.404 ,0,0,0,1,0,0,0,0,0,0,1,0,0,0,0
2020/7/10,-0.021 ,-2.981 ,-1.059 ,0,0,0,0,0,0,0,0,0,0,1,0,0,0,0
2020/7/13,0.030 ,5.936 ,2.216 ,1,0,0,0,0,0,0,0,0,0,1,0,0,0,0
2020/7/14,-0.003 ,-1.235 ,-0.868 ,0,1,0,0,0,0,0,0,0,0,1,0,0,0,0
2020/7/15,0.013 ,3.154 ,1.587 ,0,0,1,0,0,0,0,0,0,0,1,0,0,0,0
2020/7/16,-0.007 ,-0.105 ,-0.763 ,0,0,0,1,0,0,0,0,0,0,1,0,0,0,0
2020/7/17,0.003 ,-0.932 ,-0.325 ,0,0,0,0,0,0,0,0,0,0,1,0,0,0,0
2020/7/20,-0.003 ,-0.675 ,0.093 ,1,0,0,0,0,0,0,0,0,0,1,0,0,0,0
2020/7/21,-0.003 ,-1.144 ,0.734 ,0,1,0,0,0,0,0,0,0,0,1,0,0,0,0
2020/7/22,-0.007 ,0.289 ,-0.579 ,0,0,1,0,0,0,0,0,0,0,1,0,0,0,0
2020/7/27,0.001 ,-0.541 ,-0.157 ,1,0,0,0,0,0,0,0,0,0,1,0,0,0,0
2020/7/28,-0.015 ,-1.686 ,-0.257 ,0,1,0,0,0,0,0,0,0,0,1,0,0,0,0
2020/7/29,-0.031 ,-1.973 ,-1.149 ,0,0,1,0,0,0,0,0,0,0,1,0,0,0,0
2020/7/30,0.000 ,0.263 ,-0.258 ,0,0,0,1,0,0,0,0,0,0,1,0,0,0,0
2020/7/31,-0.034 ,-5.291 ,-2.817 ,0,0,0,0,0,0,0,0,0,0,1,0,0,0,0
2020/8/3,0.018 ,3.368 ,2.236 ,1,0,0,0,0,0,0,0,0,0,0,1,0,0,0
2020/8/4,0.033 ,6.056 ,1.704 ,0,1,0,0,0,0,0,0,0,0,0,1,0,0,0
2020/8/5,0.017 ,2.169 ,-0.261 ,0,0,1,0,0,0,0,0,0,0,0,1,0,0,0
2020/8/6,0.023 ,-6.315 ,-0.429 ,0,0,0,1,0,0,0,0,0,0,0,1,0,0,0
2020/8/7,0.011 ,-3.794 ,-0.393 ,0,0,0,0,0,0,0,0,0,0,0,1,0,0,0
2020/8/11,0.040 ,6.378 ,1.882 ,0,1,0,0,0,0,0,0,0,0,0,1,0,0,0
2020/8/12,0.013 ,1.642 ,0.412 ,0,0,1,0,0,0,0,0,0,0,0,1,0,0,0
2020/8/13,0.006 ,0.290 ,1.776 ,0,0,0,1,0,0,0,0,0,0,0,1,0,0,0
2020/8/14,-0.014 ,-1.484 ,0.171 ,0,0,0,0,0,0,0,0,0,0,0,1,0,0,0
2020/8/17,-0.003 ,0.698 ,-0.827 ,1,0,0,0,0,0,0,0,0,0,0,1,0,0,0
2020/8/18,0.003 ,-1.423 ,-0.198 ,0,1,0,0,0,0,0,0,0,0,0,1,0,0,0
2020/8/19,0.003 ,0.536 ,0.258 ,0,0,1,0,0,0,0,0,0,0,0,1,0,0,0
2020/8/20,-0.015 ,-2.264 ,-0.995 ,0,0,0,1,0,0,0,0,0,0,0,1,0,0,0
2020/8/21,0.000 ,-0.188 ,0.173 ,0,0,0,0,0,0,0,0,0,0,0,1,0,0,0
2020/8/24,-0.002 ,-0.906 ,0.285 ,1,0,0,0,0,0,0,0,0,0,0,1,0,0,0
2020/8/25,0.012 ,2.780 ,1.354 ,0,1,0,0,0,0,0,0,0,0,0,1,0,0,0
2020/8/26,-0.004 ,0.426 ,-0.025 ,0,0,1,0,0,0,0,0,0,0,0,1,0,0,0
2020/8/27,-0.007 ,-0.683 ,-0.352 ,0,0,0,1,0,0,0,0,0,0,0,1,0,0,0
2020/8/28,-0.002 ,0.724 ,-1.406 ,0,0,0,0,0,0,0,0,0,0,0,1,0,0,0
2020/8/31,-0.007 ,0.646 ,1.124 ,1,0,0,0,0,0,0,0,0,0,0,1,0,0,0
2020/9/1,-0.004 ,-1.027 ,-0.007 ,0,1,0,0,0,0,0,0,0,0,0,0,1,0,0
2020/9/2,-0.001 ,-1.203 ,0.471 ,0,0,1,0,0,0,0,0,0,0,0,0,1,0,0
2020/9/3,0.003 ,1.030 ,0.939 ,0,0,0,1,0,0,0,0,0,0,0,0,1,0,0
2020/9/4,0.008 ,2.226 ,-1.108 ,0,0,0,0,0,0,0,0,0,0,0,0,1,0,0
2020/9/7,-0.011 ,-0.453 ,-0.498 ,1,0,0,0,0,0,0,0,0,0,0,0,1,0,0
2020/9/8,0.007 ,-1.586 ,0.798 ,0,1,0,0,0,0,0,0,0,0,0,0,1,0,0
2020/9/9,-0.018 ,-2.110 ,-1.038 ,0,0,1,0,0,0,0,0,0,0,0,0,1,0,0
2020/9/10,0.010 ,0.965 ,0.881 ,0,0,0,1,0,0,0,0,0,0,0,0,1,0,0
2020/9/11,0.000 ,-0.543 ,0.736 ,0,0,0,0,0,0,0,0,0,0,0,0,1,0,0
2020/9/14,0.013 ,1.413 ,0.653 ,1,0,0,0,0,0,0,0,0,0,0,0,1,0,0
2020/9/15,0.003 ,0.297 ,-0.443 ,0,1,0,0,0,0,0,0,0,0,0,0,1,0,0
2020/9/16,0.000 ,-2.593 ,0.088 ,0,0,1,0,0,0,0,0,0,0,0,0,1,0,0
2020/9/17,-0.006 ,-1.502 ,-0.665 ,0,0,0,1,0,0,0,0,0,0,0,0,1,0,0
2020/9/18,0.002 ,0.888 ,0.176 ,0,0,0,0,0,0,0,0,0,0,0,0,1,0,0
2020/9/23,0.006 ,-2.813 ,-0.059 ,0,0,1,0,0,0,0,0,0,0,0,0,1,0,0
2020/9/24,-0.022 ,-4.213 ,-1.108 ,0,0,0,1,0,0,0,0,0,0,0,0,1,0,0
2020/9/25,0.015 ,1.726 ,0.506 ,0,0,0,0,0,0,0,0,0,0,0,0,1,0,0
2020/9/28,0.021 ,-0.323 ,1.323 ,1,0,0,0,0,0,0,0,0,0,0,0,1,0,0
2020/9/29,0.005 ,0.264 ,0.117 ,0,1,0,0,0,0,0,0,0,0,0,0,1,0,0
2020/9/30,-0.025 ,0.020 ,-1.504 ,0,0,1,0,0,0,0,0,0,0,0,0,1,0,0
2020/10/5,0.003 ,2.584 ,1.226 ,1,0,0,0,0,0,0,0,0,0,0,0,0,1,0
2020/10/6,0.007 ,2.108 ,0.522 ,0,1,0,0,0,0,0,0,0,0,0,0,0,1,0
2020/10/7,0.006 ,0.114 ,-0.047 ,0,0,1,0,0,0,0,0,0,0,0,0,0,1,0
2020/10/8,0.004 ,-0.668 ,0.957 ,0,0,0,1,0,0,0,0,0,0,0,0,0,1,0
2020/10/9,-0.010 ,-0.730 ,-0.116 ,0,0,0,0,0,0,0,0,0,0,0,0,0,1,0
2020/10/12,-0.008 ,-1.839 ,-0.258 ,1,0,0,0,0,0,0,0,0,0,0,0,0,1,0
2020/10/13,0.017 ,1.046 ,0.183 ,0,1,0,0,0,0,0,0,0,0,0,0,0,1,0
2020/10/14,-0.014 ,-1.015 ,0.106 ,0,0,1,0,0,0,0,0,0,0,0,0,0,1,0
2020/10/15,-0.003 ,-0.296 ,-0.506 ,0,0,0,1,0,0,0,0,0,0,0,0,0,1,0
2020/10/16,-0.012 ,0.138 ,-0.411 ,0,0,0,0,0,0,0,0,0,0,0,0,0,1,0
2020/10/19,0.017 ,2.134 ,1.113 ,1,0,0,0,0,0,0,0,0,0,0,0,0,1,0
2020/10/20,-0.007 ,-0.774 ,-0.440 ,0,1,0,0,0,0,0,0,0,0,0,0,0,1,0
2020/10/21,0.016 ,1.813 ,0.307 ,0,0,1,0,0,0,0,0,0,0,0,0,0,1,0
2020/10/22,-0.006 ,-1.934 ,-0.699 ,0,0,0,1,0,0,0,0,0,0,0,0,0,1,0
2020/10/23,0.001 ,0.741 ,0.180 ,0,0,0,0,0,0,0,0,0,0,0,0,0,1,0
2020/10/26,0.002 ,0.194 ,-0.095 ,1,0,0,0,0,0,0,0,0,0,0,0,0,1,0
2020/10/27,-0.004 ,-1.741 ,-0.036 ,0,1,0,0,0,0,0,0,0,0,0,0,0,1,0
2020/10/28,-0.009 ,-2.342 ,-0.287 ,0,0,1,0,0,0,0,0,0,0,0,0,0,1,0
2020/10/29,0.000 ,0.101 ,-0.370 ,0,0,0,1,0,0,0,0,0,0,0,0,0,1,0
2020/10/30,-0.013 ,-1.934 ,-1.521 ,0,0,0,0,0,0,0,0,0,0,0,0,0,1,0
2020/11/2,0.021 ,3.676 ,1.386 ,1,0,0,0,0,0,0,0,0,0,0,0,0,0,1
2020/11/4,0.004 ,1.089 ,1.716 ,0,0,1,0,0,0,0,0,0,0,0,0,0,0,1
2020/11/5,0.001 ,-1.018 ,1.731 ,0,0,0,1,0,0,0,0,0,0,0,0,0,0,1
2020/11/6,0.005 ,2.514 ,0.912 ,0,0,0,0,0,0,0,0,0,0,0,0,0,0,1
2020/11/9,0.022 ,9.422 ,2.116 ,1,0,0,0,0,0,0,0,0,0,0,0,0,0,1
2020/11/10,0.013 ,3.318 ,0.265 ,0,1,0,0,0,0,0,0,0,0,0,0,0,0,1
2020/11/11,0.032 ,2.289 ,1.783 ,0,0,1,0,0,0,0,0,0,0,0,0,0,0,1
2020/11/12,-0.009 ,-1.553 ,0.676 ,0,0,0,1,0,0,0,0,0,0,0,0,0,0,1
2020/11/13,-0.016 ,-1.154 ,-0.529 ,0,0,0,0,0,0,0,0,0,0,0,0,0,0,1
2020/11/16,0.022 ,4.839 ,2.053 ,1,0,0,0,0,0,0,0,0,0,0,0,0,0,1
2020/11/17,-0.005 ,0.491 ,0.416 ,0,1,0,0,0,0,0,0,0,0,0,0,0,0,1
2020/11/18,-0.016 ,-3.778 ,-1.101 ,0,0,1,0,0,0,0,0,0,0,0,0,0,0,1
2020/11/19,-0.002 ,0.254 ,-0.365 ,0,0,0,1,0,0,0,0,0,0,0,0,0,0,1
2020/11/20,0.007 ,0.523 ,-0.417 ,0,0,0,0,0,0,0,0,0,0,0,0,0,0,1
2020/11/24,0.011 ,2.721 ,2.500 ,0,1,0,0,0,0,0,0,0,0,0,0,0,0,1
2020/11/25,-0.011 ,-0.033 ,0.502 ,0,0,1,0,0,0,0,0,0,0,0,0,0,0,1
2020/11/26,-0.007 ,-1.996 ,0.914 ,0,0,0,1,0,0,0,0,0,0,0,0,0,0,1
2020/11/27,-0.007 ,-0.634 ,0.405 ,0,0,0,0,0,0,0,0,0,0,0,0,0,0,1
2020/11/30,-0.035 ,-3.544 ,-0.792 ,1,0,0,0,0,0,0,0,0,0,0,0,0,0,1
2020/12/1,0.003 ,0.975 ,1.339 ,0,1,0,0,0,0,0,0,0,0,0,0,0,0,0
2020/12/2,0.009 ,5.087 ,0.050 ,0,0,1,0,0,0,0,0,0,0,0,0,0,0,0
2020/12/3,0.012 ,1.247 ,0.031 ,0,0,0,1,0,0,0,0,0,0,0,0,0,0,0
2020/12/4,0.002 ,1.458 ,-0.217 ,0,0,0,0,0,0,0,0,0,0,0,0,0,0,0
2020/12/7,0.003 ,-0.383 ,-0.762 ,1,0,0,0,0,0,0,0,0,0,0,0,0,0,0
2020/12/8,-0.001 ,-1.123 ,-0.303 ,0,1,0,0,0,0,0,0,0,0,0,0,0,0,0
2020/12/9,0.021 ,1.460 ,1.326 ,0,0,1,0,0,0,0,0,0,0,0,0,0,0,0
2020/12/10,0.018 ,-0.895 ,-0.230 ,0,0,0,1,0,0,0,0,0,0,0,0,0,0,0
2020/12/11,0.045 ,-1.161 ,-0.388 ,0,0,0,0,0,0,0,0,0,0,0,0,0,0,0
2020/12/14,0.017 ,-0.849 ,0.300 ,1,0,0,0,0,0,0,0,0,0,0,0,0,0,0
2020/12/15,-0.006 ,0.757 ,-0.167 ,0,1,0,0,0,0,0,0,0,0,0,0,0,0,0
2020/12/16,0.010 ,-0.196 ,0.261 ,0,0,1,0,0,0,0,0,0,0,0,0,0,0,0
2020/12/17,0.002 ,-1.015 ,0.184 ,0,0,0,1,0,0,0,0,0,0,0,0,0,0,0
2020/12/18,-0.011 ,2.315 ,-0.161 ,0,0,0,0,0,0,0,0,0,0,0,0,0,0,0
2020/12/21,-0.008 ,-2.553 ,-0.183 ,1,0,0,0,0,0,0,0,0,0,0,0,0,0,0
2020/12/22,-0.009 ,-1.078 ,-1.041 ,0,1,0,0,0,0,0,0,0,0,0,0,0,0,0
2020/12/23,-0.007 ,-2.330 ,0.334 ,0,0,1,0,0,0,0,0,0,0,0,0,0,0,0
2020/12/24,0.003 ,1.133 ,0.541 ,0,0,0,1,0,0,0,0,0,0,0,0,0,0,0
2020/12/25,0.006 ,-0.441 ,-0.044 ,0,0,0,0,0,0,0,0,0,0,0,0,0,0,0
2020/12/28,0.014 ,-0.392 ,0.741 ,1,0,0,0,0,0,0,0,0,0,0,0,0,0,0
2020/12/29,0.015 ,0.653 ,2.659 ,0,1,0,0,0,0,0,0,0,0,0,0,0,0,0
2020/12/30,-0.007 ,-1.775 ,-0.450 ,0,0,1,0,0,0,0,0,0,0,0,0,0,0,0
2021/1/4,-0.004 ,-0.556 ,-0.677 ,1,0,0,0,1,0,0,0,0,0,0,0,0,0,0
2021/1/5,-0.015 ,-1.538 ,-0.366 ,0,1,0,0,1,0,0,0,0,0,0,0,0,0,0
2021/1/6,0.001 ,2.040 ,-0.378 ,0,0,1,0,1,0,0,0,0,0,0,0,0,0,0
2021/1/8,0.015 ,0.929 ,2.360 ,0,0,0,0,1,0,0,0,0,0,0,0,0,0,0
2021/1/12,-0.006 ,-1.551 ,0.090 ,0,1,0,0,1,0,0,0,0,0,0,0,0,0,0
2021/1/13,-0.006 ,1.143 ,1.038 ,0,0,1,0,1,0,0,0,0,0,0,0,0,0,0
2021/1/14,0.002 ,-0.069 ,0.849 ,0,0,0,1,1,0,0,0,0,0,0,0,0,0,0
2021/1/15,-0.017 ,-2.878 ,-0.624 ,0,0,0,0,1,0,0,0,0,0,0,0,0,0,0
2021/1/18,-0.013 ,-1.711 ,-0.971 ,1,0,0,0,1,0,0,0,0,0,0,0,0,0,0
2021/1/19,0.009 ,1.686 ,1.385 ,0,1,0,0,1,0,0,0,0,0,0,0,0,0,0
2021/1/20,-0.003 ,0.547 ,-0.385 ,0,0,1,0,1,0,0,0,0,0,0,0,0,0,0
2021/1/21,0.008 ,1.509 ,0.819 ,0,0,0,1,1,0,0,0,0,0,0,0,0,0,0
2021/1/22,-0.011 ,-1.400 ,-0.436 ,0,0,0,0,1,0,0,0,0,0,0,0,0,0,0
2021/1/25,0.002 ,-0.947 ,0.667 ,1,0,0,0,1,0,0,0,0,0,0,0,0,0,0
2021/1/26,-0.023 ,-0.638 ,-0.958 ,0,1,0,0,1,0,0,0,0,0,0,0,0,0,0
2021/1/27,0.004 ,1.105 ,0.312 ,0,0,1,0,1,0,0,0,0,0,0,0,0,0,0
2021/1/28,-0.017 ,-1.568 ,-1.529 ,0,0,0,1,1,0,0,0,0,0,0,0,0,0,0
2021/1/29,-0.013 ,-1.021 ,-1.894 ,0,0,0,0,1,0,0,0,0,0,0,0,0,0,0
2021/2/1,-0.001 ,0.344 ,1.546 ,1,0,0,0,0,1,0,0,0,0,0,0,0,0,0
2021/2/2,0.022 ,1.225 ,0.965 ,0,1,0,0,0,1,0,0,0,0,0,0,0,0,0
2021/2/3,0.044 ,3.134 ,1.002 ,0,0,1,0,0,1,0,0,0,0,0,0,0,0,0
2021/2/4,-0.003 ,0.484 ,-1.063 ,0,0,0,1,0,1,0,0,0,0,0,0,0,0,0
2021/2/5,0.021 ,2.027 ,1.543 ,0,0,0,0,0,1,0,0,0,0,0,0,0,0,0
2021/2/8,0.015 ,1.482 ,2.117 ,1,0,0,0,0,1,0,0,0,0,0,0,0,0,0
2021/2/9,-0.005 ,-1.195 ,0.400 ,0,1,0,0,0,1,0,0,0,0,0,0,0,0,0
2021/2/10,0.017 ,5.139 ,0.193 ,0,0,1,0,0,1,0,0,0,0,0,0,0,0,0
2021/2/12,0.035 ,-3.546 ,-0.145 ,0,0,0,0,0,1,0,0,0,0,0,0,0,0,0
2021/2/15,0.005 ,1.093 ,1.911 ,1,0,0,0,0,1,0,0,0,0,0,0,0,0,0
2021/2/16,-0.018 ,0.295 ,1.275 ,0,1,0,0,0,1,0,0,0,0,0,0,0,0,0
2021/2/17,-0.007 ,0.882 ,-0.576 ,0,0,1,0,0,1,0,0,0,0,0,0,0,0,0
2021/2/18,-0.019 ,-1.166 ,-0.185 ,0,0,0,1,0,1,0,0,0,0,0,0,0,0,0
2021/2/19,-0.003 ,-2.326 ,-0.722 ,0,0,0,0,0,1,0,0,0,0,0,0,0,0,0
2021/2/22,-0.001 ,-0.117 ,0.460 ,1,0,0,0,0,1,0,0,0,0,0,0,0,0,0
2021/2/24,-0.021 ,0.386 ,-1.606 ,0,0,1,0,0,1,0,0,0,0,0,0,0,0,0
2021/2/25,0.016 ,1.238 ,1.674 ,0,0,0,1,0,1,0,0,0,0,0,0,0,0,0
2021/2/26,-0.018 ,-3.784 ,-3.985 ,0,0,0,0,0,1,0,0,0,0,0,0,0,0,0
2021/3/1,0.007 ,3.658 ,2.408 ,1,0,0,0,0,0,1,0,0,0,0,0,0,0,0
2021/3/2,0.000 ,-0.795 ,-0.861 ,0,1,0,0,0,0,1,0,0,0,0,0,0,0,0
2021/3/3,0.006 ,3.574 ,0.513 ,0,0,1,0,0,0,1,0,0,0,0,0,0,0,0
2021/3/4,-0.006 ,-1.581 ,-2.128 ,0,0,0,1,0,0,1,0,0,0,0,0,0,0,0
2021/3/5,0.006 ,1.606 ,-0.227 ,0,0,0,0,0,0,1,0,0,0,0,0,0,0,0
2021/3/8,-0.001 ,1.580 ,-0.419 ,1,0,0,0,0,0,1,0,0,0,0,0,0,0,0
2021/3/9,0.029 ,3.683 ,0.990 ,0,1,0,0,0,0,1,0,0,0,0,0,0,0,0
2021/3/10,-0.007 ,-1.470 ,0.030 ,0,0,1,0,0,0,1,0,0,0,0,0,0,0,0
2021/3/11,-0.005 ,-0.809 ,0.603 ,0,0,0,1,0,0,1,0,0,0,0,0,0,0,0
2021/3/12,0.007 ,0.878 ,1.733 ,0,0,0,0,0,0,1,0,0,0,0,0,0,0,0
2021/3/15,0.024 ,3.105 ,0.165 ,1,0,0,0,0,0,1,0,0,0,0,0,0,0,0
2021/3/16,-0.009 ,0.512 ,0.518 ,0,1,0,0,0,0,1,0,0,0,0,0,0,0,0
2021/3/17,0.005 ,-1.348 ,-0.023 ,0,0,1,0,0,0,1,0,0,0,0,0,0,0,0
2021/3/18,0.041 ,0.941 ,1.011 ,0,0,0,1,0,0,1,0,0,0,0,0,0,0,0
2021/3/19,-0.001 ,4.454 ,-1.406 ,0,0,0,0,0,0,1,0,0,0,0,0,0,0,0
2021/3/22,-0.033 ,-3.631 ,-2.074 ,1,0,0,0,0,0,1,0,0,0,0,0,0,0,0
2021/3/23,-0.007 ,-1.374 ,-0.611 ,0,1,0,0,0,0,1,0,0,0,0,0,0,0,0
2021/3/24,-0.022 ,-1.607 ,-2.036 ,0,0,1,0,0,0,1,0,0,0,0,0,0,0,0
2021/3/25,0.005 ,0.924 ,1.142 ,0,0,0,1,0,0,1,0,0,0,0,0,0,0,0
2021/3/26,0.025 ,0.855 ,1.555 ,0,0,0,0,0,0,1,0,0,0,0,0,0,0,0
2021/3/29,0.013 ,0.575 ,0.712 ,1,0,0,0,0,0,1,0,0,0,0,0,0,0,0
2021/3/30,0.004 ,0.213 ,0.164 ,0,1,0,0,0,0,1,0,0,0,0,0,0,0,0
2021/3/31,0.030 ,0.241 ,-0.863 ,0,0,1,0,0,0,1,0,0,0,0,0,0,0,0
2021/4/1,-0.022 ,-0.572 ,0.720 ,0,0,0,1,0,0,0,1,0,0,0,0,0,0,0
2021/4/2,0.005 ,-0.819 ,1.583 ,0,0,0,0,0,0,0,1,0,0,0,0,0,0,0
2021/4/5,0.000 ,1.405 ,0.788 ,1,0,0,0,0,0,0,1,0,0,0,0,0,0,0
2021/4/6,-0.011 ,-2.741 ,-1.305 ,0,1,0,0,0,0,0,1,0,0,0,0,0,0,0
2021/4/7,0.014 ,0.960 ,0.115 ,0,0,1,0,0,0,0,1,0,0,0,0,0,0,0
2021/4/8,-0.008 ,-0.675 ,-0.073 ,0,0,0,1,0,0,0,1,0,0,0,0,0,0,0
2021/4/12,0.002 ,0.435 ,-0.770 ,1,0,0,0,0,0,0,1,0,0,0,0,0,0,0
2021/4/13,0.009 ,1.890 ,0.721 ,0,1,0,0,0,0,0,1,0,0,0,0,0,0,0
2021/4/14,-0.003 ,-0.092 ,-0.439 ,0,0,1,0,0,0,0,1,0,0,0,0,0,0,0
2021/4/15,0.009 ,1.308 ,0.073 ,0,0,0,1,0,0,0,1,0,0,0,0,0,0,0
2021/4/16,-0.004 ,-0.120 ,0.137 ,0,0,0,0,0,0,0,1,0,0,0,0,0,0,0
2021/4/19,-0.001 ,0.722 ,0.007 ,1,0,0,0,0,0,0,1,0,0,0,0,0,0,0
2021/4/20,-0.012 ,-2.269 ,-1.971 ,0,1,0,0,0,0,0,1,0,0,0,0,0,0,0
2021/4/21,-0.024 ,-2.597 ,-2.034 ,0,0,1,0,0,0,0,1,0,0,0,0,0,0,0
2021/4/22,0.019 ,1.976 ,2.384 ,0,0,0,1,0,0,0,1,0,0,0,0,0,0,0
2021/4/23,-0.011 ,-0.584 ,-0.574 ,0,0,0,0,0,0,0,1,0,0,0,0,0,0,0
2021/4/26,-0.001 ,1.764 ,0.364 ,1,0,0,0,0,0,0,1,0,0,0,0,0,0,0
2021/4/27,-0.011 ,-1.915 ,-0.461 ,0,1,0,0,0,0,0,1,0,0,0,0,0,0,0
2021/4/28,0.016 ,1.178 ,0.214 ,0,0,1,0,0,0,0,1,0,0,0,0,0,0,0
2021/4/30,-0.021 ,-1.011 ,-0.831 ,0,0,0,0,0,0,0,1,0,0,0,0,0,0,0
2021/5/6,0.029 ,2.661 ,1.800 ,0,0,0,1,0,0,0,0,1,0,0,0,0,0,0
2021/5/7,0.000 ,1.265 ,0.090 ,0,0,0,0,0,0,0,0,1,0,0,0,0,0,0
2021/5/10,0.017 ,2.113 ,0.547 ,1,0,0,0,0,0,0,0,1,0,0,0,0,0,0
2021/5/11,-0.019 ,-2.885 ,-3.082 ,0,1,0,0,0,0,0,0,1,0,0,0,0,0,0
2021/5/12,0.022 ,-1.380 ,-1.612 ,0,0,1,0,0,0,0,0,1,0,0,0,0,0,0
2021/5/13,-0.015 ,0.243 ,-2.485 ,0,0,0,1,0,0,0,0,1,0,0,0,0,0,0
2021/5/14,0.010 ,1.002 ,2.319 ,0,0,0,0,0,0,0,0,1,0,0,0,0,0,0
2021/5/17,0.020 ,-2.675 ,-0.924 ,1,0,0,0,0,0,0,0,1,0,0,0,0,0,0
2021/5/18,0.020 ,3.335 ,2.092 ,0,1,0,0,0,0,0,0,1,0,0,0,0,0,0
2021/5/19,-0.014 ,-1.106 ,-1.276 ,0,0,1,0,0,0,0,0,1,0,0,0,0,0,0
2021/5/20,-0.004 ,-0.513 ,0.192 ,0,0,0,1,0,0,0,0,1,0,0,0,0,0,0
2021/5/21,0.009 ,0.516 ,0.781 ,0,0,0,0,0,0,0,0,1,0,0,0,0,0,0
2021/5/24,0.011 ,1.511 ,0.165 ,1,0,0,0,0,0,0,0,1,0,0,0,0,0,0
2021/5/25,0.005 ,-0.863 ,0.668 ,0,1,0,0,0,0,0,0,1,0,0,0,0,0,0
2021/5/26,0.003 ,-0.991 ,0.309 ,0,0,1,0,0,0,0,0,1,0,0,0,0,0,0
2021/5/27,0.008 ,1.517 ,-0.325 ,0,0,0,1,0,0,0,0,1,0,0,0,0,0,0
2021/5/28,0.017 ,3.615 ,2.103 ,0,0,0,0,0,0,0,0,1,0,0,0,0,0,0
2021/5/31,-0.002 ,-3.316 ,-0.993 ,1,0,0,0,0,0,0,0,1,0,0,0,0,0,0
2021/6/1,0.034 ,0.358 ,-0.158 ,0,1,0,0,0,0,0,0,0,1,0,0,0,0,0
2021/6/2,0.022 ,4.546 ,0.457 ,0,0,1,0,0,0,0,0,0,1,0,0,0,0,0
2021/6/3,0.017 ,2.075 ,0.387 ,0,0,0,1,0,0,0,0,0,1,0,0,0,0,0
2021/6/4,0.016 ,1.002 ,-0.401 ,0,0,0,0,0,0,0,0,0,1,0,0,0,0,0
2021/6/7,-0.003 ,-1.019 ,0.269 ,1,0,0,0,0,0,0,0,0,1,0,0,0,0,0
2021/6/8,-0.006 ,0.055 ,-0.192 ,0,1,0,0,0,0,0,0,0,1,0,0,0,0,0
2021/6/9,0.005 ,-0.028 ,-0.355 ,0,0,1,0,0,0,0,0,0,1,0,0,0,0,0
2021/6/10,-0.004 ,-0.417 ,0.339 ,0,0,0,1,0,0,0,0,0,1,0,0,0,0,0
2021/6/11,-0.001 ,0.251 ,-0.034 ,0,0,0,0,0,0,0,0,0,1,0,0,0,0,0
2021/6/14,0.004 ,-0.028 ,0.736 ,1,0,0,0,0,0,0,0,0,1,0,0,0,0,0
2021/6/15,0.018 ,1.172 ,0.958 ,0,1,0,0,0,0,0,0,0,1,0,0,0,0,0
2021/6/16,0.010 ,-0.028 ,-0.510 ,0,0,1,0,0,0,0,0,0,1,0,0,0,0,0
2021/6/17,0.005 ,-0.414 ,-0.931 ,0,0,0,1,0,0,0,0,0,1,0,0,0,0,0
2021/6/18,-0.039 ,-2.077 ,-0.187 ,0,0,0,0,0,0,0,0,0,1,0,0,0,0,0
2021/6/21,-0.020 ,-3.932 ,-3.291 ,1,0,0,0,0,0,0,0,0,1,0,0,0,0,0
2021/6/22,0.033 ,3.622 ,3.117 ,0,1,0,0,0,0,0,0,0,1,0,0,0,0,0
2021/6/23,-0.018 ,-1.023 ,-0.032 ,0,0,1,0,0,0,0,0,0,1,0,0,0,0,0
2021/6/24,0.004 ,1.378 ,0.001 ,0,0,0,1,0,0,0,0,0,1,0,0,0,0,0
2021/6/25,0.003 ,1.756 ,0.661 ,0,0,0,0,0,0,0,0,0,1,0,0,0,0,0
2021/6/28,-0.001 ,1.057 ,-0.062 ,1,0,0,0,0,0,0,0,0,1,0,0,0,0,0
2021/6/29,-0.010 ,-2.120 ,-0.810 ,0,1,0,0,0,0,0,0,0,1,0,0,0,0,0
2021/6/30,-0.003 ,-0.113 ,-0.073 ,0,0,1,0,0,0,0,0,0,1,0,0,0,0,0
2021/7/1,-0.002 ,0.310 ,-0.293 ,0,0,0,1,0,0,0,0,0,0,1,0,0,0,0
2021/7/2,0.013 ,1.376 ,0.266 ,0,0,0,0,0,0,0,0,0,0,1,0,0,0,0
2021/7/5,-0.005 ,-0.527 ,-0.643 ,1,0,0,0,0,0,0,0,0,0,1,0,0,0,0
2021/7/6,0.002 ,0.140 ,0.157 ,0,1,0,0,0,0,0,0,0,0,1,0,0,0,0
2021/7/7,-0.006 ,-1.001 ,-0.964 ,0,0,1,0,0,0,0,0,0,0,1,0,0,0,0
2021/7/8,-0.006 ,-2.500 ,-0.878 ,0,0,0,1,0,0,0,0,0,0,1,0,0,0,0
2021/7/9,-0.003 ,-0.662 ,-0.632 ,0,0,0,0,0,0,0,0,0,0,1,0,0,0,0
2021/7/12,0.017 ,3.394 ,2.250 ,1,0,0,0,0,0,0,0,0,0,1,0,0,0,0
2021/7/13,0.005 ,0.616 ,0.522 ,0,1,0,0,0,0,0,0,0,0,1,0,0,0,0
2021/7/14,0.000 ,-0.279 ,-0.382 ,0,0,1,0,0,0,0,0,0,0,1,0,0,0,0
2021/7/15,-0.004 ,-1.762 ,-1.151 ,0,0,0,1,0,0,0,0,0,0,1,0,0,0,0
2021/7/16,0.003 ,0.057 ,-0.976 ,0,0,0,0,0,0,0,0,0,0,1,0,0,0,0
2021/7/19,-0.013 ,-1.677 ,-1.251 ,1,0,0,0,0,0,0,0,0,0,1,0,0,0,0
2021/7/20,-0.013 ,-2.199 ,-0.957 ,0,1,0,0,0,0,0,0,0,0,1,0,0,0,0
2021/7/21,0.012 ,1.095 ,0.584 ,0,0,1,0,0,0,0,0,0,0,1,0,0,0,0
2021/7/26,0.011 ,0.644 ,1.036 ,1,0,0,0,0,0,0,0,0,0,1,0,0,0,0
2021/7/27,0.004 ,0.785 ,0.492 ,0,1,0,0,0,0,0,0,0,0,1,0,0,0,0
2021/7/28,-0.007 ,0.433 ,-1.389 ,0,0,1,0,0,0,0,0,0,0,1,0,0,0,0
2021/7/29,0.005 ,1.723 ,0.728 ,0,0,0,1,0,0,0,0,0,0,1,0,0,0,0
2021/7/30,-0.005 ,-1.384 ,-1.795 ,0,0,0,0,0,0,0,0,0,0,1,0,0,0,0
2021/8/2,0.023 ,2.663 ,1.823 ,1,0,0,0,0,0,0,0,0,0,0,1,0,0,0
2021/8/3,0.002 ,-0.418 ,-0.501 ,0,1,0,0,0,0,0,0,0,0,0,1,0,0,0
2021/8/4,-0.008 ,-0.673 ,-0.209 ,0,0,1,0,0,0,0,0,0,0,0,1,0,0,0
2021/8/5,-0.002 ,1.833 ,0.522 ,0,0,0,1,0,0,0,0,0,0,0,1,0,0,0
2021/8/6,-0.012 ,0.581 ,0.332 ,0,0,0,0,0,0,0,0,0,0,0,1,0,0,0
2021/8/10,0.004 ,-0.881 ,0.245 ,0,1,0,0,0,0,0,0,0,0,0,1,0,0,0
2021/8/11,0.010 ,1.333 ,0.654 ,0,0,1,0,0,0,0,0,0,0,0,1,0,0,0
2021/8/12,-0.001 ,-1.343 ,-0.198 ,0,0,0,1,0,0,0,0,0,0,0,1,0,0,0
2021/8/13,0.001 ,-0.722 ,-0.135 ,0,0,0,0,0,0,0,0,0,0,0,1,0,0,0
2021/8/16,-0.015 ,-1.567 ,-1.623 ,1,0,0,0,0,0,0,0,0,0,0,1,0,0,0
2021/8/17,-0.006 ,-0.711 ,-0.359 ,0,1,0,0,0,0,0,0,0,0,0,1,0,0,0
2021/8/18,-0.003 ,-0.372 ,0.589 ,0,0,1,0,0,0,0,0,0,0,0,1,0,0,0
2021/8/19,-0.044 ,-2.730 ,-1.105 ,0,0,0,1,0,0,0,0,0,0,0,1,0,0,0
2021/8/20,-0.041 ,-4.845 ,-0.982 ,0,0,0,0,0,0,0,0,0,0,0,1,0,0,0
2021/8/23,0.034 ,2.391 ,1.781 ,1,0,0,0,0,0,0,0,0,0,0,1,0,0,0
2021/8/24,0.005 ,-0.515 ,0.865 ,0,1,0,0,0,0,0,0,0,0,0,1,0,0,0
2021/8/25,0.023 ,0.031 ,-0.026 ,0,0,1,0,0,0,0,0,0,0,0,1,0,0,0
2021/8/26,0.002 ,-0.732 ,0.063 ,0,0,0,1,0,0,0,0,0,0,0,1,0,0,0
2021/8/27,-0.005 ,-0.338 ,-0.365 ,0,0,0,0,0,0,0,0,0,0,0,1,0,0,0
2021/8/30,0.008 ,2.002 ,0.536 ,1,0,0,0,0,0,0,0,0,0,0,1,0,0,0
2021/8/31,0.006 ,0.906 ,1.080 ,0,1,0,0,0,0,0,0,0,0,0,1,0,0,0
2021/9/1,0.006 ,0.449 ,1.287 ,0,0,1,0,0,0,0,0,0,0,0,0,1,0,0
2021/9/2,0.000 ,-0.506 ,0.325 ,0,0,0,1,0,0,0,0,0,0,0,0,1,0,0
2021/9/3,0.011 ,1.227 ,2.048 ,0,0,0,0,0,0,0,0,0,0,0,0,1,0,0
2021/9/6,0.021 ,0.030 ,1.826 ,1,0,0,0,0,0,0,0,0,0,0,0,1,0,0
2021/9/7,0.004 ,1.448 ,0.864 ,0,1,0,0,0,0,0,0,0,0,0,0,1,0,0
2021/9/8,-0.003 ,1.254 ,0.886 ,0,0,1,0,0,0,0,0,0,0,0,0,1,0,0
2021/9/9,-0.008 ,-1.929 ,-0.573 ,0,0,0,1,0,0,0,0,0,0,0,0,1,0,0
2021/9/10,0.006 ,0.704 ,1.245 ,0,0,0,0,0,0,0,0,0,0,0,0,1,0,0
2021/9/13,-0.016 ,-1.282 ,0.216 ,1,0,0,0,0,0,0,0,0,0,0,0,1,0,0
2021/9/14,0.015 ,1.712 ,0.732 ,0,1,0,0,0,0,0,0,0,0,0,0,1,0,0
2021/9/15,-0.007 ,-1.829 ,-0.516 ,0,0,1,0,0,0,0,0,0,0,0,0,1,0,0
2021/9/16,0.006 ,0.946 ,-0.617 ,0,0,0,1,0,0,0,0,0,0,0,0,1,0,0
2021/9/17,0.008 ,0.996 ,0.583 ,0,0,0,0,0,0,0,0,0,0,0,0,1,0,0
2021/9/21,-0.009 ,-3.191 ,-2.165 ,0,1,0,0,0,0,0,0,0,0,0,0,1,0,0
2021/9/22,-0.011 ,-1.587 ,-0.671 ,0,0,1,0,0,0,0,0,0,0,0,0,1,0,0
2021/9/24,0.029 ,3.927 ,2.056 ,0,0,0,0,0,0,0,0,0,0,0,0,1,0,0
2021/9/27,0.023 ,1.318 ,-0.029 ,1,0,0,0,0,0,0,0,0,0,0,0,1,0,0
2021/9/28,0.005 ,2.775 ,-0.186 ,0,1,0,0,0,0,0,0,0,0,0,0,1,0,0
2021/9/29,0.010 ,1.343 ,-2.119 ,0,0,1,0,0,0,0,0,0,0,0,0,1,0,0
2021/9/30,-0.035 ,-2.594 ,-0.310 ,0,0,0,1,0,0,0,0,0,0,0,0,1,0,0
2021/10/1,-0.016 ,-1.823 ,-2.314 ,0,0,0,0,0,0,0,0,0,0,0,0,0,1,0
2021/10/4,-0.018 ,0.619 ,-1.134 ,1,0,0,0,0,0,0,0,0,0,0,0,0,1,0
2021/10/5,-0.016 ,-0.029 ,-2.189 ,0,1,0,0,0,0,0,0,0,0,0,0,0,1,0
2021/10/6,-0.033 ,-2.491 ,-1.054 ,0,0,1,0,0,0,0,0,0,0,0,0,0,1,0
2021/10/7,0.016 ,0.150 ,0.542 ,0,0,0,1,0,0,0,0,0,0,0,0,0,1,0
2021/10/8,0.029 ,1.140 ,1.339 ,0,0,0,0,0,0,0,0,0,0,0,0,0,1,0
2021/10/11,0.033 ,1.869 ,1.602 ,1,0,0,0,0,0,0,0,0,0,0,0,0,1,0
2021/10/12,0.008 ,0.204 ,-0.939 ,0,1,0,0,0,0,0,0,0,0,0,0,0,1,0
2021/10/13,-0.013 ,-0.523 ,-0.320 ,0,0,1,0,0,0,0,0,0,0,0,0,0,1,0
2021/10/14,0.005 ,0.234 ,1.459 ,0,0,0,1,0,0,0,0,0,0,0,0,0,1,0
2021/10/15,0.004 ,1.370 ,1.813 ,0,0,0,0,0,0,0,0,0,0,0,0,0,1,0
2021/10/18,0.023 ,1.381 ,-0.149 ,1,0,0,0,0,0,0,0,0,0,0,0,0,1,0
2021/10/19,-0.005 ,-0.681 ,0.655 ,0,1,0,0,0,0,0,0,0,0,0,0,0,1,0
2021/10/20,0.001 ,-0.342 ,0.137 ,0,0,1,0,0,0,0,0,0,0,0,0,0,1,0
2021/10/21,-0.024 ,-2.093 ,-1.870 ,0,0,0,1,0,0,0,0,0,0,0,0,0,1,0
2021/10/25,-0.019 ,-0.644 ,-0.710 ,1,0,0,0,0,0,0,0,0,0,0,0,0,1,0
2021/10/26,0.017 ,0.471 ,1.768 ,0,1,0,0,0,0,0,0,0,0,0,0,0,1,0
2021/10/27,0.012 ,-1.085 ,-0.027 ,0,0,1,0,0,0,0,0,0,0,0,0,0,1,0
2021/10/28,-0.002 ,-0.207 ,-0.956 ,0,0,0,1,0,0,0,0,0,0,0,0,0,1,0
2021/10/29,0.003 ,-0.535 ,0.252 ,0,0,0,0,0,0,0,0,0,0,0,0,0,1,0
2021/11/1,0.022 ,3.882 ,2.611 ,1,0,0,0,0,0,0,0,0,0,0,0,0,0,1
2021/11/2,-0.001 ,-0.748 ,-0.426 ,0,1,0,0,0,0,0,0,0,0,0,0,0,0,1
2021/11/4,0.007 ,1.882 ,0.926 ,0,0,0,1,0,0,0,0,0,0,0,0,0,0,1
2021/11/5,-0.014 ,-3.098 ,-0.614 ,0,0,0,0,0,0,0,0,0,0,0,0,0,0,1
2021/11/8,-0.003 ,-3.344 ,-0.353 ,1,0,0,0,0,0,0,0,0,0,0,0,0,0,1
2021/11/10,0.005 ,-1.062 ,-0.610 ,0,0,1,0,0,0,0,0,0,0,0,0,0,0,1
2021/11/11,0.012 ,-0.675 ,0.588 ,0,0,0,1,0,0,0,0,0,0,0,0,0,0,1
2021/11/12,0.024 ,1.266 ,1.134 ,0,0,0,0,0,0,0,0,0,0,0,0,0,0,1
2021/11/15,0.011 ,1.250 ,0.563 ,1,0,0,0,0,0,0,0,0,0,0,0,0,0,1
2021/11/16,0.019 ,-0.210 ,0.105 ,0,1,0,0,0,0,0,0,0,0,0,0,0,0,1
2021/11/17,-0.006 ,-1.570 ,-0.402 ,0,0,1,0,0,0,0,0,0,0,0,0,0,0,1
2021/11/18,-0.002 ,-1.043 ,-0.302 ,0,0,0,1,0,0,0,0,0,0,0,0,0,0,1
2021/11/19,0.004 ,3.006 ,0.497 ,0,0,0,0,0,0,0,0,0,0,0,0,0,0,1
2021/11/22,-0.013 ,-0.963 ,0.095 ,1,0,0,0,0,0,0,0,0,0,0,0,0,0,1
2021/11/24,0.009 ,-0.485 ,-1.583 ,0,0,1,0,0,0,0,0,0,0,0,0,0,0,1
2021/11/25,-0.006 ,0.793 ,0.671 ,0,0,0,1,0,0,0,0,0,0,0,0,0,0,1
2021/11/26,-0.018 ,-1.665 ,-2.535 ,0,0,0,0,0,0,0,0,0,0,0,0,0,0,1
2021/11/29,-0.030 ,-3.789 ,-1.627 ,1,0,0,0,0,0,0,0,0,0,0,0,0,0,1
2021/11/30,-0.005 ,-0.735 ,-1.634 ,0,1,0,0,0,0,0,0,0,0,0,0,0,0,1
2021/12/1,0.022 ,2.386 ,0.409 ,0,0,1,0,0,0,0,0,0,0,0,0,0,0,0
2021/12/3,0.016 ,0.533 ,0.995 ,0,0,0,0,0,0,0,0,0,0,0,0,0,0,0
2021/12/6,-0.006 ,-0.343 ,-0.365 ,1,0,0,0,0,0,0,0,0,0,0,0,0,0,0
2021/12/7,0.019 ,2.195 ,1.891 ,0,1,0,0,0,0,0,0,0,0,0,0,0,0,0
2021/12/8,-0.018 ,-0.644 ,1.423 ,0,0,1,0,0,0,0,0,0,0,0,0,0,0,0
2021/12/9,-0.006 ,-1.112 ,-0.468 ,0,0,0,1,0,0,0,0,0,0,0,0,0,0,0
2021/12/10,-0.002 ,-0.500 ,-1.002 ,0,0,0,0,0,0,0,0,0,0,0,0,0,0,0
2021/12/13,-0.024 ,-0.628 ,0.713 ,1,0,0,0,0,0,0,0,0,0,0,0,0,0,0
2021/12/14,0.021 ,0.600 ,-0.726 ,0,1,0,0,0,0,0,0,0,0,0,0,0,0,0
2021/12/15,0.036 ,0.440 ,0.095 ,0,0,1,0,0,0,0,0,0,0,0,0,0,0,0
2021/12/16,0.010 ,0.156 ,2.131 ,0,0,0,1,0,0,0,0,0,0,0,0,0,0,0
2021/12/20,-0.024 ,-3.653 ,-2.129 ,1,0,0,0,0,0,0,0,0,0,0,0,0,0,0
2021/12/21,0.010 ,0.811 ,2.075 ,0,1,0,0,0,0,0,0,0,0,0,0,0,0,0
2021/12/22,-0.007 ,0.096 ,0.156 ,0,0,1,0,0,0,0,0,0,0,0,0,0,0,0
2021/12/23,0.019 ,2.666 ,0.827 ,0,0,0,1,0,0,0,0,0,0,0,0,0,0,0
2021/12/27,0.005 ,0.220 ,-0.369 ,1,0,0,0,0,0,0,0,0,0,0,0,0,0,0
2021/12/28,0.012 ,1.535 ,1.369 ,0,1,0,0,0,0,0,0,0,0,0,0,0,0,0
2021/12/29,-0.011 ,0.154 ,-0.558 ,0,0,1,0,0,0,0,0,0,0,0,0,0,0,0
2021/12/30,-0.002 ,-0.462 ,-0.398 ,0,0,0,1,0,0,0,0,0,0,0,0,0,0,0
2022/1/4,0.061 ,3.065 ,1.772 ,0,1,0,0,1,0,0,0,0,0,0,0,0,0,0
2022/1/5,0.026 ,2.613 ,0.104 ,0,0,1,0,1,0,0,0,0,0,0,0,0,0,0
2022/1/6,-0.003 ,-0.233 ,-2.878 ,0,0,0,1,1,0,0,0,0,0,0,0,0,0,0
2022/1/7,0.010 ,0.646 ,-0.033 ,0,0,0,0,1,0,0,0,0,0,0,0,0,0,0
2022/1/11,0.006 ,1.516 ,-0.899 ,0,1,0,0,1,0,0,0,0,0,0,0,0,0,0
2022/1/12,0.016 ,1.092 ,1.925 ,0,0,1,0,1,0,0,0,0,0,0,0,0,0,0
2022/1/13,0.022 ,-0.142 ,-0.961 ,0,0,0,1,1,0,0,0,0,0,0,0,0,0,0
2022/1/14,-0.009 ,-1.195 ,-1.281 ,0,0,0,0,1,0,0,0,0,0,0,0,0,0,0
2022/1/17,0.014 ,2.131 ,0.744 ,1,0,0,0,1,0,0,0,0,0,0,0,0,0,0
2022/1/18,0.000 ,-1.015 ,-0.269 ,0,1,0,0,1,0,0,0,0,0,0,0,0,0,0
2022/1/19,-0.050 ,-2.478 ,-2.796 ,0,0,1,0,1,0,0,0,0,0,0,0,0,0,0
2022/1/20,0.017 ,-0.117 ,1.113 ,0,0,0,1,1,0,0,0,0,0,0,0,0,0,0
2022/1/21,-0.025 ,0.497 ,-0.903 ,0,0,0,0,1,0,0,0,0,0,0,0,0,0,0
2022/1/24,-0.003 ,-1.512 ,0.240 ,1,0,0,0,1,0,0,0,0,0,0,0,0,0,0
2022/1/25,-0.018 ,0.413 ,-1.657 ,0,1,0,0,1,0,0,0,0,0,0,0,0,0,0
2022/1/26,-0.007 ,-1.736 ,-0.442 ,0,0,1,0,1,0,0,0,0,0,0,0,0,0,0
2022/1/27,-0.026 ,-0.928 ,-3.114 ,0,0,0,1,1,0,0,0,0,0,0,0,0,0,0
2022/1/28,0.034 ,1.420 ,2.090 ,0,0,0,0,1,0,0,0,0,0,0,0,0,0,0
2022/1/31,0.004 ,-0.059 ,1.065 ,1,0,0,0,1,0,0,0,0,0,0,0,0,0,0
2022/2/1,-0.008 ,-1.580 ,0.283 ,0,1,0,0,0,1,0,0,0,0,0,0,0,0,0
2022/2/2,0.021 ,2.211 ,1.681 ,0,0,1,0,0,1,0,0,0,0,0,0,0,0,0
2022/2/3,0.009 ,2.253 ,-1.062 ,0,0,0,1,0,1,0,0,0,0,0,0,0,0,0
2022/2/4,-0.007 ,-0.116 ,0.729 ,0,0,0,0,0,1,0,0,0,0,0,0,0,0,0
2022/2/7,-0.001 ,-1.247 ,-0.697 ,1,0,0,0,0,1,0,0,0,0,0,0,0,0,0
2022/2/8,0.009 ,0.176 ,0.131 ,0,1,0,0,0,1,0,0,0,0,0,0,0,0,0
2022/2/9,0.009 ,0.352 ,1.082 ,0,0,1,0,0,1,0,0,0,0,0,0,0,0,0
2022/2/10,-0.027 ,5.612 ,0.421 ,0,0,0,1,0,1,0,0,0,0,0,0,0,0,0
2022/2/14,-0.032 ,-1.051 ,-2.226 ,1,0,0,0,0,1,0,0,0,0,0,0,0,0,0
2022/2/15,-0.013 ,0.727 ,-0.792 ,0,1,0,0,0,1,0,0,0,0,0,0,0,0,0
2022/2/16,0.018 ,3.082 ,2.216 ,0,0,1,0,0,1,0,0,0,0,0,0,0,0,0
2022/2/17,-0.015 ,-0.834 ,-0.829 ,0,0,0,1,0,1,0,0,0,0,0,0,0,0,0
2022/2/18,0.011 ,0.163 ,-0.407 ,0,0,0,0,0,1,0,0,0,0,0,0,0,0,0
2022/2/21,-0.005 ,-0.678 ,-0.779 ,1,0,0,0,0,1,0,0,0,0,0,0,0,0,0
2022/2/22,-0.023 ,-2.131 ,-1.714 ,0,1,0,0,0,1,0,0,0,0,0,0,0,0,0
2022/2/24,-0.015 ,-1.200 ,-1.810 ,0,0,0,1,0,1,0,0,0,0,0,0,0,0,0
2022/2/25,0.006 ,-0.254 ,1.947 ,0,0,0,0,0,1,0,0,0,0,0,0,0,0,0
2022/2/28,0.016 ,-0.198 ,0.190 ,1,0,0,0,0,1,0,0,0,0,0,0,0,0,0
2022/3/1,-0.003 ,-0.313 ,1.198 ,0,1,0,0,0,0,1,0,0,0,0,0,0,0,0
2022/3/2,-0.044 ,-4.496 ,-1.683 ,0,0,1,0,0,0,1,0,0,0,0,0,0,0,0
2022/3/3,0.004 ,0.268 ,0.698 ,0,0,0,1,0,0,1,0,0,0,0,0,0,0,0
2022/3/4,-0.036 ,-4.457 ,-2.227 ,0,0,0,0,0,0,1,0,0,0,0,0,0,0,0
2022/3/7,-0.065 ,-3.204 ,-2.940 ,1,0,0,0,0,0,1,0,0,0,0,0,0,0,0
2022/3/8,-0.018 ,-2.185 ,-1.707 ,0,1,0,0,0,0,1,0,0,0,0,0,0,0,0
2022/3/9,0.019 ,0.821 ,-0.296 ,0,0,1,0,0,0,1,0,0,0,0,0,0,0,0
2022/3/10,0.054 ,4.432 ,3.936 ,0,0,0,1,0,0,1,0,0,0,0,0,0,0,0
2022/3/11,-0.044 ,-2.808 ,-2.054 ,0,0,0,0,0,0,1,0,0,0,0,0,0,0,0
2022/3/14,0.029 ,1.059 ,0.577 ,1,0,0,0,0,0,1,0,0,0,0,0,0,0,0
2022/3/15,0.021 ,0.699 ,0.153 ,0,1,0,0,0,0,1,0,0,0,0,0,0,0,0
2022/3/16,0.018 ,3.060 ,1.639 ,0,0,1,0,0,0,1,0,0,0,0,0,0,0,0
2022/3/17,0.023 ,2.876 ,3.458 ,0,0,0,1,0,0,1,0,0,0,0,0,0,0,0
2022/3/18,-0.008 ,-0.565 ,0.655 ,0,0,0,0,0,0,1,0,0,0,0,0,0,0,0
2022/3/22,0.017 ,1.586 ,1.479 ,0,1,0,0,0,0,1,0,0,0,0,0,0,0,0
2022/3/23,0.040 ,2.887 ,2.998 ,0,0,1,0,0,0,1,0,0,0,0,0,0,0,0
2022/3/24,0.029 ,-1.546 ,0.250 ,0,0,0,1,0,0,1,0,0,0,0,0,0,0,0
2022/3/25,-0.005 ,0.495 ,0.140 ,0,0,0,0,0,0,1,0,0,0,0,0,0,0,0
2022/3/28,0.006 ,0.781 ,-0.732 ,1,0,0,0,0,0,1,0,0,0,0,0,0,0,0
2022/3/29,0.027 ,2.268 ,1.104 ,0,1,0,0,0,0,1,0,0,0,0,0,0,0,0
2022/3/31,0.002 ,-0.570 ,-0.734 ,0,0,0,1,0,0,1,0,0,0,0,0,0,0,0
2022/4/1,-0.008 ,-0.660 ,-0.559 ,0,0,0,0,0,0,0,1,0,0,0,0,0,0,0
2022/4/4,0.003 ,-0.260 ,0.255 ,1,0,0,0,0,0,0,1,0,0,0,0,0,0,0
2022/4/5,0.003 ,-0.550 ,0.186 ,0,1,0,0,0,0,0,1,0,0,0,0,0,0,0
2022/4/6,-0.012 ,-2.153 ,-1.575 ,0,0,1,0,0,0,0,1,0,0,0,0,0,0,0
2022/4/7,-0.010 ,-4.313 ,-1.688 ,0,0,0,1,0,0,0,1,0,0,0,0,0,0,0
2022/4/8,-0.034 ,-0.156 ,0.362 ,0,0,0,0,0,0,0,1,0,0,0,0,0,0,0
2022/4/11,0.003 ,0.685 ,-0.609 ,1,0,0,0,0,0,0,1,0,0,0,0,0,0,0
2022/4/12,-0.015 ,-0.154 ,-1.814 ,0,1,0,0,0,0,0,1,0,0,0,0,0,0,0
2022/4/13,0.024 ,0.991 ,1.931 ,0,0,1,0,0,0,0,1,0,0,0,0,0,0,0
2022/4/14,0.006 ,0.306 ,1.224 ,0,0,0,1,0,0,0,1,0,0,0,0,0,0,0
2022/4/15,0.013 ,0.673 ,-0.290 ,0,0,0,0,0,0,0,1,0,0,0,0,0,0,0
2022/4/18,-0.002 ,-1.124 ,-1.083 ,1,0,0,0,0,0,0,1,0,0,0,0,0,0,0
2022/4/19,0.010 ,1.782 ,0.692 ,0,1,0,0,0,0,0,1,0,0,0,0,0,0,0
2022/4/20,0.037 ,3.590 ,0.863 ,0,0,1,0,0,0,0,1,0,0,0,0,0,0,0
2022/4/21,-0.004 ,0.029 ,1.232 ,0,0,0,1,0,0,0,1,0,0,0,0,0,0,0
2022/4/22,-0.018 ,-1.602 ,-1.625 ,0,0,0,0,0,0,0,1,0,0,0,0,0,0,0
2022/4/25,-0.009 ,-0.089 ,-1.898 ,1,0,0,0,0,0,0,1,0,0,0,0,0,0,0
2022/4/26,-0.005 ,0.681 ,0.411 ,0,1,0,0,0,0,0,1,0,0,0,0,0,0,0
2022/4/27,-0.007 ,-3.177 ,-1.174 ,0,0,1,0,0,0,0,1,0,0,0,0,0,0,0
2022/4/28,0.032 ,3.889 ,1.748 ,0,0,0,1,0,0,0,1,0,0,0,0,0,0,0
2022/5/2,-0.003 ,0.381 ,-0.109 ,1,0,0,0,0,0,0,0,1,0,0,0,0,0,0
2022/5/6,0.022 ,1.107 ,0.690 ,0,0,0,0,0,0,0,0,1,0,0,0,0,0,0
2022/5/9,-0.014 ,-2.190 ,-2.534 ,1,0,0,0,0,0,0,0,1,0,0,0,0,0,0
2022/5/10,-0.030 ,-1.326 ,-0.578 ,0,1,0,0,0,0,0,0,1,0,0,0,0,0,0
2022/5/11,-0.044 ,-3.045 ,0.178 ,0,0,1,0,0,0,0,0,1,0,0,0,0,0,0
2022/5/12,-0.015 ,0.061 ,-1.774 ,0,0,0,1,0,0,0,0,1,0,0,0,0,0,0
2022/5/13,0.002 ,2.186 ,2.637 ,0,0,0,0,0,0,0,0,1,0,0,0,0,0,0
2022/5/16,-0.003 ,-4.368 ,0.452 ,1,0,0,0,0,0,0,0,1,0,0,0,0,0,0
2022/5/17,-0.008 ,0.032 ,0.425 ,0,1,0,0,0,0,0,0,1,0,0,0,0,0,0
2022/5/18,0.005 ,1.354 ,0.943 ,0,0,1,0,0,0,0,0,1,0,0,0,0,0,0
2022/5/19,-0.019 ,-0.652 ,-1.889 ,0,0,0,1,0,0,0,0,1,0,0,0,0,0,0
2022/5/20,0.021 ,0.626 ,1.273 ,0,0,0,0,0,0,0,0,1,0,0,0,0,0,0
2022/5/23,0.007 ,-0.404 ,0.982 ,1,0,0,0,0,0,0,0,1,0,0,0,0,0,0
2022/5/24,-0.006 ,-0.905 ,-0.938 ,0,1,0,0,0,0,0,0,1,0,0,0,0,0,0
2022/5/25,-0.003 ,-2.204 ,-0.263 ,0,0,1,0,0,0,0,0,1,0,0,0,0,0,0
2022/5/26,0.019 ,0.708 ,-0.273 ,0,0,0,1,0,0,0,0,1,0,0,0,0,0,0
2022/5/27,0.001 ,0.512 ,0.665 ,0,0,0,0,0,0,0,0,1,0,0,0,0,0,0
2022/5/30,0.020 ,1.272 ,2.195 ,1,0,0,0,0,0,0,0,1,0,0,0,0,0,0
2022/5/31,-0.002 ,0.094 ,-0.327 ,0,1,0,0,0,0,0,0,1,0,0,0,0,0,0
2022/6/1,0.035 ,4.299 ,0.653 ,0,0,1,0,0,0,0,0,0,1,0,0,0,0,0
2022/6/2,-0.002 ,0.241 ,-0.160 ,0,0,0,1,0,0,0,0,0,1,0,0,0,0,0
2022/6/3,-0.013 ,-0.990 ,1.268 ,0,0,0,0,0,0,0,0,0,1,0,0,0,0,0
2022/6/7,0.013 ,2.516 ,0.101 ,0,1,0,0,0,0,0,0,0,1,0,0,0,0,0
2022/6/8,0.018 ,0.355 ,1.039 ,0,0,1,0,0,0,0,0,0,1,0,0,0,0,0
2022/6/9,0.004 ,0.618 ,0.043 ,0,0,0,1,0,0,0,0,0,1,0,0,0,0,0
2022/6/10,-0.016 ,-0.497 ,-1.495 ,0,0,0,0,0,0,0,0,0,1,0,0,0,0,0
2022/6/13,-0.033 ,-3.119 ,-3.008 ,1,0,0,0,0,0,0,0,0,1,0,0,0,0,0
2022/6/14,-0.017 ,-0.152 ,-1.325 ,0,1,0,0,0,0,0,0,0,1,0,0,0,0,0
2022/6/15,-0.007 ,0.548 ,-1.140 ,0,0,1,0,0,0,0,0,0,1,0,0,0,0,0
2022/6/16,0.029 ,1.392 ,0.399 ,0,0,0,1,0,0,0,0,0,1,0,0,0,0,0
2022/6/17,-0.036 ,-2.686 ,-1.771 ,0,0,0,0,0,0,0,0,0,1,0,0,0,0,0
2022/6/20,0.013 ,0.614 ,-0.739 ,1,0,0,0,0,0,0,0,0,1,0,0,0,0,0
2022/6/21,0.023 ,1.402 ,1.843 ,0,1,0,0,0,0,0,0,0,1,0,0,0,0,0
2022/6/22,0.008 ,2.134 ,-0.369 ,0,0,1,0,0,0,0,0,0,1,0,0,0,0,0
2022/6/23,-0.014 ,-0.883 ,0.083 ,0,0,0,1,0,0,0,0,0,1,0,0,0,0,0
2022/6/24,-0.007 ,-1.425 ,1.225 ,0,0,0,0,0,0,0,0,0,1,0,0,0,0,0
2022/6/27,0.005 ,-0.482 ,1.432 ,1,0,0,0,0,0,0,0,0,1,0,0,0,0,0
2022/6/28,0.022 ,2.361 ,0.663 ,0,1,0,0,0,0,0,0,0,1,0,0,0,0,0
2022/6/29,-0.018 ,-0.946 ,-0.905 ,0,0,1,0,0,0,0,0,0,1,0,0,0,0,0
2022/6/30,-0.013 ,-1.702 ,-1.535 ,0,0,0,1,0,0,0,0,0,1,0,0,0,0,0
2022/7/1,-0.016 ,-3.036 ,-1.733 ,0,0,0,0,0,0,0,0,0,0,1,0,0,0,0
2022/7/4,0.022 ,1.002 ,0.841 ,1,0,0,0,0,0,0,0,0,0,1,0,0,0,0
2022/7/5,0.002 ,-0.682 ,1.031 ,0,1,0,0,0,0,0,0,0,0,1,0,0,0,0
2022/7/6,-0.028 ,-1.312 ,-1.195 ,0,0,1,0,0,0,0,0,0,0,1,0,0,0,0
2022/7/7,0.023 ,1.456 ,1.467 ,0,0,0,1,0,0,0,0,0,0,1,0,0,0,0
2022/7/8,0.003 ,1.341 ,0.101 ,0,0,0,0,0,0,0,0,0,0,1,0,0,0,0
2022/7/11,0.019 ,1.939 ,1.113 ,1,0,0,0,0,0,0,0,0,0,1,0,0,0,0
2022/7/12,-0.017 ,-1.781 ,-1.774 ,0,1,0,0,0,0,0,0,0,0,1,0,0,0,0
2022/7/13,0.009 ,2.489 ,0.540 ,0,0,1,0,0,0,0,0,0,0,1,0,0,0,0
2022/7/14,0.000 ,0.210 ,0.622 ,0,0,0,1,0,0,0,0,0,0,1,0,0,0,0
2022/7/15,0.013 ,0.928 ,0.545 ,0,0,0,0,0,0,0,0,0,0,1,0,0,0,0
2022/7/19,0.006 ,1.778 ,0.647 ,0,1,0,0,0,0,0,0,0,0,1,0,0,0,0
2022/7/20,0.008 ,2.972 ,2.665 ,0,0,1,0,0,0,0,0,0,0,1,0,0,0,0
2022/7/21,0.000 ,-0.340 ,0.443 ,0,0,0,1,0,0,0,0,0,0,1,0,0,0,0
2022/7/22,0.004 ,-1.561 ,0.402 ,0,0,0,0,0,0,0,0,0,0,1,0,0,0,0
2022/7/25,-0.017 ,0.086 ,-0.772 ,1,0,0,0,0,0,0,0,0,0,1,0,0,0,0
2022/7/27,0.001 ,-1.094 ,0.219 ,0,0,1,0,0,0,0,0,0,0,1,0,0,0,0
2022/7/28,-0.020 ,-0.029 ,0.360 ,0,0,0,1,0,0,0,0,0,0,1,0,0,0,0
2022/7/29,0.006 ,-1.426 ,-0.050 ,0,0,0,0,0,0,0,0,0,0,1,0,0,0,0
2022/8/1,0.035 ,2.598 ,0.690 ,1,0,0,0,0,0,0,0,0,0,0,1,0,0,0
2022/8/2,-0.026 ,-0.777 ,-1.424 ,0,1,0,0,0,0,0,0,0,0,0,1,0,0,0
2022/8/3,0.001 ,-0.580 ,0.533 ,0,0,1,0,0,0,0,0,0,0,0,1,0,0,0
2022/8/4,-0.030 ,-0.699 ,0.686 ,0,0,0,1,0,0,0,0,0,0,0,1,0,0,0
2022/8/5,0.015 ,-0.999 ,0.872 ,0,0,0,0,0,0,0,0,0,0,0,1,0,0,0
2022/8/8,-0.003 ,0.771 ,0.260 ,1,0,0,0,0,0,0,0,0,0,0,1,0,0,0
2022/8/9,-0.019 ,-0.265 ,-0.882 ,0,1,0,0,0,0,0,0,0,0,0,1,0,0,0
2022/8/10,0.006 ,1.122 ,-0.645 ,0,0,1,0,0,0,0,0,0,0,0,1,0,0,0
2022/8/12,0.023 ,3.824 ,2.616 ,0,0,0,0,0,0,0,0,0,0,0,1,0,0,0
2022/8/15,-0.001 ,2.024 ,1.138 ,1,0,0,0,0,0,0,0,0,0,0,1,0,0,0
2022/8/16,-0.005 ,-0.855 ,-0.010 ,0,1,0,0,0,0,0,0,0,0,0,1,0,0,0
2022/8/17,0.029 ,2.808 ,1.226 ,0,0,1,0,0,0,0,0,0,0,0,1,0,0,0
2022/8/18,-0.018 ,-0.865 ,-0.960 ,0,0,0,1,0,0,0,0,0,0,0,1,0,0,0
2022/8/19,0.003 ,1.254 ,-0.041 ,0,0,0,0,0,0,0,0,0,0,0,1,0,0,0
2022/8/23,-0.020 ,-1.934 ,-1.187 ,0,1,0,0,0,0,0,0,0,0,0,1,0,0,0
2022/8/24,-0.004 ,0.712 ,-0.490 ,0,0,1,0,0,0,0,0,0,0,0,1,0,0,0
2022/8/25,0.004 ,-0.735 ,0.585 ,0,0,0,1,0,0,0,0,0,0,0,1,0,0,0
2022/8/26,0.000 ,0.110 ,0.570 ,0,0,0,0,0,0,0,0,0,0,0,1,0,0,0
2022/8/29,-0.009 ,0.411 ,-2.662 ,1,0,0,0,0,0,0,0,0,0,0,1,0,0,0
2022/8/30,0.007 ,0.845 ,1.136 ,0,1,0,0,0,0,0,0,0,0,0,1,0,0,0
2022/8/31,-0.002 ,0.648 ,-0.369 ,0,0,1,0,0,0,0,0,0,0,0,1,0,0,0
2022/9/1,-0.023 ,-1.853 ,-1.531 ,0,0,0,1,0,0,0,0,0,0,0,0,1,0,0
2022/9/2,-0.002 ,0.492 ,-0.038 ,0,0,0,0,0,0,0,0,0,0,0,0,1,0,0
2022/9/5,-0.006 ,-1.443 ,-0.113 ,1,0,0,0,0,0,0,0,0,0,0,0,1,0,0
2022/9/6,0.006 ,0.056 ,0.025 ,0,1,0,0,0,0,0,0,0,0,0,0,1,0,0
2022/9/7,-0.007 ,0.801 ,-0.710 ,0,0,1,0,0,0,0,0,0,0,0,0,1,0,0
2022/9/8,0.023 ,0.247 ,2.315 ,0,0,0,1,0,0,0,0,0,0,0,0,1,0,0
2022/9/9,-0.001 ,0.546 ,0.533 ,0,0,0,0,0,0,0,0,0,0,0,0,1,0,0
2022/9/12,-0.004 ,0.924 ,1.160 ,1,0,0,0,0,0,0,0,0,0,0,0,1,0,0
2022/9/13,-0.001 ,-1.643 ,0.254 ,0,1,0,0,0,0,0,0,0,0,0,0,1,0,0
2022/9/14,-0.014 ,-1.506 ,-2.782 ,0,0,1,0,0,0,0,0,0,0,0,0,1,0,0
2022/9/15,0.001 ,-0.583 ,0.206 ,0,0,0,1,0,0,0,0,0,0,0,0,1,0,0
2022/9/16,-0.005 ,-1.454 ,-1.106 ,0,0,0,0,0,0,0,0,0,0,0,0,1,0,0
2022/9/20,0.009 ,0.568 ,0.438 ,0,1,0,0,0,0,0,0,0,0,0,0,1,0,0
2022/9/21,-0.024 ,-1.919 ,-1.355 ,0,0,1,0,0,0,0,0,0,0,0,0,1,0,0
2022/9/22,0.014 ,-0.028 ,-0.583 ,0,0,0,1,0,0,0,0,0,0,0,0,1,0,0
2022/9/26,-0.032 ,-5.006 ,-2.660 ,1,0,0,0,0,0,0,0,0,0,0,0,1,0,0
2022/9/27,0.012 ,1.605 ,0.531 ,0,1,0,0,0,0,0,0,0,0,0,0,1,0,0
2022/9/28,-0.016 ,-1.520 ,-1.497 ,0,0,1,0,0,0,0,0,0,0,0,0,1,0,0
2022/9/29,0.016 ,0.679 ,0.948 ,0,0,0,1,0,0,0,0,0,0,0,0,1,0,0
2022/9/30,-0.042 ,-3.950 ,-1.835 ,0,0,0,0,0,0,0,0,0,0,0,0,1,0,0
2022/10/3,0.035 ,2.327 ,1.074 ,1,0,0,0,0,0,0,0,0,0,0,0,0,1,0
2022/10/4,0.032 ,2.150 ,2.962 ,0,1,0,0,0,0,0,0,0,0,0,0,0,1,0
2022/10/5,-0.001 ,0.427 ,0.475 ,0,0,1,0,0,0,0,0,0,0,0,0,0,1,0
2022/10/6,-0.001 ,0.850 ,0.703 ,0,0,0,1,0,0,0,0,0,0,0,0,0,1,0
2022/10/7,-0.007 ,-0.903 ,-0.715 ,0,0,0,0,0,0,0,0,0,0,0,0,0,1,0
2022/10/11,-0.010 ,-2.097 ,-2.636 ,0,1,0,0,0,0,0,0,0,0,0,0,0,1,0
2022/10/12,0.012 ,-0.838 ,-0.017 ,0,0,1,0,0,0,0,0,0,0,0,0,0,1,0
2022/10/13,-0.003 ,0.970 ,-0.604 ,0,0,0,1,0,0,0,0,0,0,0,0,0,1,0
2022/10/14,0.012 ,1.643 ,3.252 ,0,0,0,0,0,0,0,0,0,0,0,0,0,1,0
2022/10/17,-0.004 ,-0.122 ,-1.163 ,1,0,0,0,0,0,0,0,0,0,0,0,0,1,0
2022/10/18,0.004 ,-0.275 ,1.420 ,0,1,0,0,0,0,0,0,0,0,0,0,0,1,0
2022/10/19,-0.002 ,0.795 ,0.373 ,0,0,1,0,0,0,0,0,0,0,0,0,0,1,0
2022/10/20,0.000 ,-0.880 ,-0.919 ,0,0,0,1,0,0,0,0,0,0,0,0,0,1,0
2022/10/21,-0.008 ,-0.184 ,-0.431 ,0,0,0,0,0,0,0,0,0,0,0,0,0,1,0
2022/10/24,0.005 ,0.030 ,0.314 ,1,0,0,0,0,0,0,0,0,0,0,0,0,1,0
2022/10/25,0.010 ,2.210 ,1.021 ,0,1,0,0,0,0,0,0,0,0,0,0,0,1,0
2022/10/26,0.002 ,0.931 ,0.666 ,0,0,1,0,0,0,0,0,0,0,0,0,0,1,0
2022/10/27,-0.010 ,-1.785 ,-0.316 ,0,0,0,1,0,0,0,0,0,0,0,0,0,1,0
2022/10/28,0.016 ,0.545 ,-0.878 ,0,0,0,0,0,0,0,0,0,0,0,0,0,1,0
2022/10/31,0.015 ,1.627 ,1.779 ,1,0,0,0,0,0,0,0,0,0,0,0,0,1,0
2022/11/1,-0.019 ,0.800 ,0.332 ,0,1,0,0,0,0,0,0,0,0,0,0,0,0,1
2022/11/2,-0.002 ,1.030 ,-0.056 ,0,0,1,0,0,0,0,0,0,0,0,0,0,0,1
2022/11/4,-0.015 ,-1.456 ,-1.676 ,0,0,0,0,0,0,0,0,0,0,0,0,0,0,1
2022/11/7,0.004 ,0.503 ,1.206 ,1,0,0,0,0,0,0,0,0,0,0,0,0,0,1
2022/11/8,0.005 ,1.440 ,1.251 ,0,1,0,0,0,0,0,0,0,0,0,0,0,0,1
2022/11/9,-0.007 ,-0.695 ,-0.559 ,0,0,1,0,0,0,0,0,0,0,0,0,0,0,1
2022/11/10,-0.015 ,-4.027 ,-0.975 ,0,0,0,1,0,0,0,0,0,0,0,0,0,0,1
2022/11/11,0.022 ,1.399 ,2.978 ,0,0,0,0,0,0,0,0,0,0,0,0,0,0,1
2022/11/14,-0.007 ,-1.020 ,-1.062 ,1,0,0,0,0,0,0,0,0,0,0,0,0,0,1
2022/11/15,0.006 ,0.909 ,0.095 ,0,1,0,0,0,0,0,0,0,0,0,0,0,0,1
2022/11/16,-0.001 ,-0.540 ,0.136 ,0,0,1,0,0,0,0,0,0,0,0,0,0,0,1
2022/11/17,-0.001 ,-0.362 ,-0.349 ,0,0,0,1,0,0,0,0,0,0,0,0,0,0,1
2022/11/18,0.000 ,0.970 ,-0.110 ,0,0,0,0,0,0,0,0,0,0,0,0,0,0,1
2022/11/21,0.005 ,0.450 ,0.161 ,1,0,0,0,0,0,0,0,0,0,0,0,0,0,1
2022/11/22,0.023 ,0.986 ,0.612 ,0,1,0,0,0,0,0,0,0,0,0,0,0,0,1
2022/11/24,-0.002 ,-0.089 ,0.951 ,0,0,0,1,0,0,0,0,0,0,0,0,0,0,1
2022/11/25,0.004 ,-0.237 ,-0.353 ,0,0,0,0,0,0,0,0,0,0,0,0,0,0,1
2022/11/28,-0.010 ,-0.534 ,-0.425 ,1,0,0,0,0,0,0,0,0,0,0,0,0,0,1
2022/11/29,-0.014 ,-1.551 ,-0.479 ,0,1,0,0,0,0,0,0,0,0,0,0,0,0,1
2022/11/30,0.002 ,1.697 ,-0.210 ,0,0,1,0,0,0,0,0,0,0,0,0,0,0,1
2022/12/1,-0.006 ,-0.656 ,0.919 ,0,0,0,1,0,0,0,0,0,0,0,0,0,0,0
2022/12/2,-0.014 ,-1.859 ,-1.588 ,0,0,0,0,0,0,0,0,0,0,0,0,0,0,0
2022/12/5,-0.010 ,-0.856 ,0.153 ,1,0,0,0,0,0,0,0,0,0,0,0,0,0,0
2022/12/6,-0.004 ,0.832 ,0.235 ,0,1,0,0,0,0,0,0,0,0,0,0,0,0,0
2022/12/7,0.003 ,0.490 ,-0.715 ,0,0,1,0,0,0,0,0,0,0,0,0,0,0,0
2022/12/8,-0.006 ,-0.700 ,-0.404 ,0,0,0,1,0,0,0,0,0,0,0,0,0,0,0
2022/12/9,0.008 ,-0.214 ,1.184 ,0,0,0,0,0,0,0,0,0,0,0,0,0,0,0
2022/12/12,0.005 ,0.123 ,-0.210 ,1,0,0,0,0,0,0,0,0,0,0,0,0,0,0
2022/12/13,0.003 ,1.196 ,0.404 ,0,1,0,0,0,0,0,0,0,0,0,0,0,0,0
2022/12/14,0.005 ,0.575 ,0.720 ,0,0,1,0,0,0,0,0,0,0,0,0,0,0,0
2022/12/15,0.000 ,-0.572 ,-0.371 ,0,0,0,1,0,0,0,0,0,0,0,0,0,0,0
2022/12/16,-0.019 ,-1.000 ,-1.870 ,0,0,0,0,0,0,0,0,0,0,0,0,0,0,0
2022/12/19,-0.016 ,-1.500 ,-1.052 ,1,0,0,0,0,0,0,0,0,0,0,0,0,0,0
2022/12/20,-0.034 ,-3.046 ,-2.458 ,0,1,0,0,0,0,0,0,0,0,0,0,0,0,0
2022/12/21,-0.020 ,-2.628 ,-0.679 ,0,0,1,0,0,0,0,0,0,0,0,0,0,0,0
2022/12/22,0.018 ,1.613 ,0.455 ,0,0,0,1,0,0,0,0,0,0,0,0,0,0,0
2022/12/23,-0.012 ,-1.361 ,-1.028 ,0,0,0,0,0,0,0,0,0,0,0,0,0,0,0
2022/12/26,0.003 ,1.116 ,0.650 ,1,0,0,0,0,0,0,0,0,0,0,0,0,0,0
2022/12/27,-0.003 ,-1.169 ,0.159 ,0,1,0,0,0,0,0,0,0,0,0,0,0,0,0
2022/12/28,0.001 ,-0.065 ,-0.406 ,0,0,1,0,0,0,0,0,0,0,0,0,0,0,0
2022/12/29,-0.001 ,-0.231 ,-0.937 ,0,0,0,1,0,0,0,0,0,0,0,0,0,0,0
2022/12/30,-0.002 ,-0.065 ,0.003 ,0,0,0,0,0,0,0,0,0,0,0,0,0,0,0
2023/1/4,-0.007 ,0.329 ,-1.447 ,0,0,1,0,1,0,0,0,0,0,0,0,0,0,0
2023/1/5,0.005 ,0.723 ,0.404 ,0,0,0,1,1,0,0,0,0,0,0,0,0,0,0
2023/1/6,0.010 ,1.926 ,0.593 ,0,0,0,0,1,0,0,0,0,0,0,0,0,0,0
2023/1/10,0.001 ,1.088 ,0.777 ,0,1,0,0,1,0,0,0,0,0,0,0,0,0,0
2023/1/11,0.006 ,-0.538 ,1.033 ,0,0,1,0,1,0,0,0,0,0,0,0,0,0,0
2023/1/12,0.011 ,-0.606 ,0.014 ,0,0,0,1,1,0,0,0,0,0,0,0,0,0,0
2023/1/13,-0.023 ,-1.730 ,-1.249 ,0,0,0,0,1,0,0,0,0,0,0,0,0,0,0
2023/1/16,0.001 ,-1.010 ,-1.138 ,1,0,0,0,1,0,0,0,0,0,0,0,0,0,0
2023/1/17,0.025 ,1.910 ,1.225 ,0,1,0,0,1,0,0,0,0,0,0,0,0,0,0
2023/1/18,0.025 ,0.938 ,2.496 ,0,0,1,0,1,0,0,0,0,0,0,0,0,0,0
2023/1/19,-0.024 ,-2.241 ,-1.440 ,0,0,0,1,1,0,0,0,0,0,0,0,0,0,0
2023/1/20,0.010 ,0.524 ,0.562 ,0,0,0,0,1,0,0,0,0,0,0,0,0,0,0
2023/1/23,0.003 ,0.782 ,1.328 ,1,0,0,0,1,0,0,0,0,0,0,0,0,0,0
2023/1/24,0.012 ,1.164 ,1.461 ,0,1,0,0,1,0,0,0,0,0,0,0,0,0,0
2023/1/25,-0.003 ,0.575 ,0.351 ,0,0,1,0,1,0,0,0,0,0,0,0,0,0,0
2023/1/26,-0.006 ,-0.286 ,-0.118 ,0,0,0,1,1,0,0,0,0,0,0,0,0,0,0
2023/1/27,0.004 ,1.116 ,0.072 ,0,0,0,0,1,0,0,0,0,0,0,0,0,0,0
2023/1/30,0.001 ,0.535 ,0.186 ,1,0,0,0,1,0,0,0,0,0,0,0,0,0,0
2023/1/31,-0.003 ,0.533 ,-0.387 ,0,1,0,0,1,0,0,0,0,0,0,0,0,0,0
2023/2/1,0.003 ,0.966 ,0.072 ,0,0,1,0,0,1,0,0,0,0,0,0,0,0,0
2023/2/2,-0.012 ,-1.173 ,0.202 ,0,0,0,1,0,1,0,0,0,0,0,0,0,0,0
2023/2/3,0.006 ,-0.063 ,0.392 ,0,0,0,0,0,1,0,0,0,0,0,0,0,0,0
2023/2/6,0.012 ,1.876 ,0.670 ,1,0,0,0,0,1,0,0,0,0,0,0,0,0,0
2023/2/7,-0.009 ,0.062 ,-0.030 ,0,1,0,0,0,1,0,0,0,0,0,0,0,0,0
2023/2/8,0.000 ,-1.534 ,-0.285 ,0,0,1,0,0,1,0,0,0,0,0,0,0,0,0
2023/2/9,0.002 ,-0.311 ,-0.080 ,0,0,0,1,0,1,0,0,0,0,0,0,0,0,0
2023/2/10,-0.012 ,-0.813 ,0.314 ,0,0,0,0,0,1,0,0,0,0,0,0,0,0,0
2023/2/13,-0.001 ,4.537 ,-0.881 ,1,0,0,0,0,1,0,0,0,0,0,0,0,0,0
2023/2/14,0.003 ,0.301 ,0.640 ,0,1,0,0,0,1,0,0,0,0,0,0,0,0,0
2023/2/15,-0.005 ,0.811 ,-0.366 ,0,0,1,0,0,1,0,0,0,0,0,0,0,0,0
2023/2/16,0.021 ,1.162 ,0.708 ,0,0,0,1,0,1,0,0,0,0,0,0,0,0,0
2023/2/17,-0.003 ,1.297 ,-0.662 ,0,0,0,0,0,1,0,0,0,0,0,0,0,0,0
2023/2/20,-0.003 ,0.640 ,0.068 ,1,0,0,0,0,1,0,0,0,0,0,0,0,0,0
2023/2/21,-0.007 ,2.110 ,-0.214 ,0,1,0,0,0,1,0,0,0,0,0,0,0,0,0
2023/2/22,-0.013 ,-1.104 ,-1.342 ,0,0,1,0,0,1,0,0,0,0,0,0,0,0,0
2023/2/24,-0.004 ,0.687 ,1.288 ,0,0,0,0,0,1,0,0,0,0,0,0,0,0,0
2023/2/27,-0.001 ,0.597 ,-0.108 ,1,0,0,0,0,1,0,0,0,0,0,0,0,0,0
2023/2/28,0.003 ,0.085 ,0.079 ,0,1,0,0,0,1,0,0,0,0,0,0,0,0,0
2023/3/1,0.001 ,1.044 ,0.259 ,0,0,1,0,0,0,1,0,0,0,0,0,0,0,0
2023/3/3,0.011 ,1.271 ,1.559 ,0,0,0,0,0,0,1,0,0,0,0,0,0,0,0
2023/3/6,0.011 ,0.920 ,1.111 ,1,0,0,0,0,0,1,0,0,0,0,0,0,0,0
2023/3/7,0.005 ,0.304 ,0.253 ,0,1,0,0,0,0,1,0,0,0,0,0,0,0,0
2023/3/8,-0.004 ,0.083 ,0.477 ,0,0,1,0,0,0,1,0,0,0,0,0,0,0,0
2023/3/9,0.006 ,0.964 ,0.629 ,0,0,0,1,0,0,1,0,0,0,0,0,0,0,0
2023/3/10,-0.012 ,-1.500 ,-1.674 ,0,0,0,0,0,0,1,0,0,0,0,0,0,0,0
2023/3/13,-0.017 ,-2.934 ,-1.105 ,1,0,0,0,0,0,1,0,0,0,0,0,0,0,0
2023/3/14,-0.030 ,-4.163 ,-2.195 ,0,1,0,0,0,0,1,0,0,0,0,0,0,0,0
2023/3/15,0.002 ,1.042 ,0.027 ,0,0,1,0,0,0,1,0,0,0,0,0,0,0,0
2023/3/16,-0.012 ,-0.913 ,-0.804 ,0,0,0,1,0,0,1,0,0,0,0,0,0,0,0
2023/3/17,-0.002 ,-0.149 ,1.196 ,0,0,0,0,0,0,1,0,0,0,0,0,0,0,0
2023/3/20,-0.011 ,-1.547 ,-1.420 ,1,0,0,0,0,0,1,0,0,0,0,0,0,0,0
2023/3/22,0.019 ,2.932 ,1.933 ,0,0,1,0,0,0,1,0,0,0,0,0,0,0,0
2023/3/23,-0.008 ,-0.411 ,-0.171 ,0,0,0,1,0,0,1,0,0,0,0,0,0,0,0
2023/3/24,-0.002 ,-0.619 ,-0.125 ,0,0,0,0,0,0,1,0,0,0,0,0,0,0,0
2023/3/27,0.003 ,0.623 ,0.335 ,1,0,0,0,0,0,1,0,0,0,0,0,0,0,0
2023/3/28,0.009 ,-0.206 ,0.151 ,0,1,0,0,0,0,1,0,0,0,0,0,0,0,0
2023/3/29,0.026 ,2.600 ,1.328 ,0,0,1,0,0,0,1,0,0,0,0,0,0,0,0
2023/3/30,0.014 ,-0.115 ,-0.362 ,0,0,0,1,0,0,1,0,0,0,0,0,0,0,0
2023/3/31,0.021 ,1.211 ,0.931 ,0,0,0,0,0,0,1,0,0,0,0,0,0,0,0
2023/4/3,0.009 ,1.339 ,0.523 ,1,0,0,0,0,0,0,1,0,0,0,0,0,0,0
2023/4/4,0.001 ,1.040 ,0.352 ,0,1,0,0,0,0,0,1,0,0,0,0,0,0,0
2023/4/5,-0.024 ,-2.226 ,-1.676 ,0,0,1,0,0,0,0,1,0,0,0,0,0,0,0
2023/4/6,-0.014 ,-1.793 ,-1.225 ,0,0,0,1,0,0,0,1,0,0,0,0,0,0,0
2023/4/7,-0.004 ,0.782 ,0.166 ,0,0,0,0,0,0,0,1,0,0,0,0,0,0,0
2023/4/10,0.004 ,0.345 ,0.419 ,1,0,0,0,0,0,0,1,0,0,0,0,0,0,0
2023/4/11,-0.001 ,0.889 ,1.048 ,0,1,0,0,0,0,0,1,0,0,0,0,0,0,0
2023/4/12,-0.001 ,0.511 ,0.571 ,0,0,1,0,0,0,0,1,0,0,0,0,0,0,0
2023/4/13,-0.006 ,-0.396 ,0.264 ,0,0,0,1,0,0,0,1,0,0,0,0,0,0,0
2023/4/14,-0.002 ,-1.362 ,1.195 ,0,0,0,0,0,0,0,1,0,0,0,0,0,0,0
2023/4/17,0.014 ,1.179 ,0.075 ,1,0,0,0,0,0,0,1,0,0,0,0,0,0,0
2023/4/18,0.000 ,0.853 ,0.505 ,0,1,0,0,0,0,0,1,0,0,0,0,0,0,0
2023/4/19,-0.006 ,0.112 ,-0.182 ,0,0,1,0,0,0,0,1,0,0,0,0,0,0,0
2023/4/20,-0.005 ,-0.394 ,0.178 ,0,0,0,1,0,0,0,1,0,0,0,0,0,0,0
2023/4/21,-0.006 ,-1.611 ,-0.325 ,0,0,0,0,0,0,0,1,0,0,0,0,0,0,0
2023/4/24,-0.002 ,0.316 ,0.102 ,1,0,0,0,0,0,0,1,0,0,0,0,0,0,0
2023/4/25,0.001 ,0.286 ,0.093 ,0,1,0,0,0,0,0,1,0,0,0,0,0,0,0
2023/4/26,0.002 ,-0.742 ,-0.711 ,0,0,1,0,0,0,0,1,0,0,0,0,0,0,0
2023/4/27,0.012 ,1.122 ,0.145 ,0,0,0,1,0,0,0,1,0,0,0,0,0,0,0
2023/4/28,0.018 ,2.077 ,1.401 ,0,0,0,0,0,0,0,1,0,0,0,0,0,0,0
2023/5/1,0.009 ,0.920 ,0.924 ,1,0,0,0,0,0,0,0,1,0,0,0,0,0,0
2023/5/8,-0.005 ,-0.276 ,-0.714 ,1,0,0,0,0,0,0,0,1,0,0,0,0,0,0
2023/5/9,0.033 ,1.301 ,1.012 ,0,1,0,0,0,0,0,0,1,0,0,0,0,0,0
2023/5/10,0.008 ,-0.136 ,-0.413 ,0,0,1,0,0,0,0,0,1,0,0,0,0,0,0
2023/5/11,-0.008 ,-1.944 ,0.016 ,0,0,0,1,0,0,0,0,1,0,0,0,0,0,0
2023/5/12,0.014 ,4.439 ,0.898 ,0,0,0,0,0,0,0,0,1,0,0,0,0,0,0
2023/5/15,-0.005 ,0.214 ,0.810 ,1,0,0,0,0,0,0,0,1,0,0,0,0,0,0
2023/5/16,-0.005 ,1.360 ,0.731 ,0,1,0,0,0,0,0,0,1,0,0,0,0,0,0
2023/5/17,0.002 ,0.711 ,0.840 ,0,0,1,0,0,0,0,0,1,0,0,0,0,0,0
2023/5/18,0.014 ,1.698 ,1.596 ,0,0,0,1,0,0,0,0,1,0,0,0,0,0,0
2023/5/19,0.002 ,0.360 ,0.767 ,0,0,0,0,0,0,0,0,1,0,0,0,0,0,0
2023/5/22,-0.005 ,1.434 ,0.904 ,1,0,0,0,0,0,0,0,1,0,0,0,0,0,0
2023/5/23,-0.048 ,0.151 ,-0.415 ,0,1,0,0,0,0,0,0,1,0,0,0,0,0,0
2023/5/24,0.054 ,-0.253 ,-0.889 ,0,0,1,0,0,0,0,0,1,0,0,0,0,0,0
2023/5/25,-0.009 ,0.935 ,0.386 ,0,0,0,1,0,0,0,0,1,0,0,0,0,0,0
2023/5/26,-0.001 ,-0.526 ,0.374 ,0,0,0,0,0,0,0,0,1,0,0,0,0,0,0
2023/5/29,-0.004 ,1.283 ,1.026 ,1,0,0,0,0,0,0,0,1,0,0,0,0,0,0
2023/5/30,0.006 ,1.143 ,0.303 ,0,1,0,0,0,0,0,0,1,0,0,0,0,0,0
2023/5/31,-0.016 ,-1.621 ,-1.405 ,0,0,1,0,0,0,0,0,1,0,0,0,0,0,0
2023/6/1,0.018 ,-0.674 ,0.842 ,0,0,0,1,0,0,0,0,0,1,0,0,0,0,0
2023/6/2,0.034 ,1.936 ,1.208 ,0,0,0,0,0,0,0,0,0,1,0,0,0,0,0
2023/6/5,0.009 ,3.206 ,2.199 ,1,0,0,0,0,0,0,0,0,1,0,0,0,0,0
2023/6/6,0.011 ,1.482 ,0.898 ,0,1,0,0,0,0,0,0,0,1,0,0,0,0,0
2023/6/7,-0.014 ,-2.025 ,-1.824 ,0,0,1,0,0,0,0,0,0,1,0,0,0,0,0
2023/6/8,0.001 ,-0.312 ,-0.854 ,0,0,0,1,0,0,0,0,0,1,0,0,0,0,0
2023/6/9,0.014 ,2.434 ,1.972 ,0,0,0,0,0,0,0,0,0,1,0,0,0,0,0
2023/6/12,0.009 ,1.130 ,0.523 ,1,0,0,0,0,0,0,0,0,1,0,0,0,0,0
2023/6/13,0.051 ,1.909 ,1.803 ,0,1,0,0,0,0,0,0,0,1,0,0,0,0,0
2023/6/14,0.063 ,3.585 ,1.465 ,0,0,1,0,0,0,0,0,0,1,0,0,0,0,0
2023/6/15,0.005 ,-0.551 ,-0.051 ,0,0,0,1,0,0,0,0,0,1,0,0,0,0,0
2023/6/16,-0.002 ,-1.264 ,0.659 ,0,0,0,0,0,0,0,0,0,1,0,0,0,0,0
2023/6/19,-0.027 ,-1.325 ,-0.996 ,1,0,0,0,0,0,0,0,0,1,0,0,0,0,0
2023/6/20,-0.004 ,-0.705 ,0.055 ,0,1,0,0,0,0,0,0,0,1,0,0,0,0,0
2023/6/21,-0.011 ,1.398 ,0.558 ,0,0,1,0,0,0,0,0,0,1,0,0,0,0,0
2023/6/22,0.010 ,-0.249 ,-0.924 ,0,0,0,1,0,0,0,0,0,1,0,0,0,0,0
2023/6/23,-0.018 ,-1.631 ,-1.453 ,0,0,0,0,0,0,0,0,0,1,0,0,0,0,0
2023/6/26,0.010 ,-0.921 ,-0.252 ,1,0,0,0,0,0,0,0,0,1,0,0,0,0,0
2023/6/27,0.007 ,0.047 ,-0.491 ,0,1,0,0,0,0,0,0,0,1,0,0,0,0,0
2023/6/28,0.028 ,2.253 ,2.015 ,0,0,1,0,0,0,0,0,0,1,0,0,0,0,0
2023/6/29,-0.002 ,-0.455 ,0.121 ,0,0,0,1,0,0,0,0,0,1,0,0,0,0,0
2023/6/30,0.006 ,-0.913 ,-0.136 ,0,0,0,0,0,0,0,0,0,1,0,0,0,0,0
2023/7/3,0.007 ,2.189 ,1.700 ,1,0,0,0,0,0,0,0,0,0,1,0,0,0,0
2023/7/4,0.005 ,-0.473 ,-0.980 ,0,1,0,0,0,0,0,0,0,0,1,0,0,0,0
2023/7/5,0.001 ,0.430 ,-0.251 ,0,0,1,0,0,0,0,0,0,0,1,0,0,0,0
2023/7/6,-0.006 ,-1.060 ,-1.697 ,0,0,0,1,0,0,0,0,0,0,1,0,0,0,0
2023/7/7,-0.012 ,-2.188 ,-1.174 ,0,0,0,0,0,0,0,0,0,0,1,0,0,0,0
2023/7/10,-0.017 ,-1.724 ,-0.613 ,1,0,0,0,0,0,0,0,0,0,1,0,0,0,0
2023/7/11,-0.022 ,-0.783 ,0.043 ,0,1,0,0,0,0,0,0,0,0,1,0,0,0,0
2023/7/12,-0.006 ,-0.072 ,-0.806 ,0,0,1,0,0,0,0,0,0,0,1,0,0,0,0
2023/7/13,0.006 ,0.191 ,1.488 ,0,0,0,1,0,0,0,0,0,0,1,0,0,0,0
2023/7/14,0.003 ,0.215 ,-0.087 ,0,0,0,0,0,0,0,0,0,0,1,0,0,0,0
2023/7/18,0.010 ,0.525 ,0.317 ,0,1,0,0,0,0,0,0,0,0,1,0,0,0,0
2023/7/19,0.023 ,3.246 ,1.238 ,0,0,1,0,0,0,0,0,0,0,1,0,0,0,0
2023/7/20,-0.002 ,-0.711 ,-1.233 ,0,0,0,1,0,0,0,0,0,0,1,0,0,0,0
2023/7/21,0.000 ,1.248 ,-0.573 ,0,0,0,0,0,0,0,0,0,0,1,0,0,0,0
2023/7/24,0.016 ,1.849 ,1.228 ,1,0,0,0,0,0,0,0,0,0,1,0,0,0,0
2023/7/25,0.009 ,0.449 ,-0.056 ,0,1,0,0,0,0,0,0,0,0,1,0,0,0,0
2023/7/26,-0.010 ,-1.027 ,-0.043 ,0,0,1,0,0,0,0,0,0,0,1,0,0,0,0
2023/7/27,-0.001 ,-0.383 ,0.682 ,0,0,0,1,0,0,0,0,0,0,1,0,0,0,0
2023/7/28,-0.005 ,-0.407 ,-0.401 ,0,0,0,0,0,0,0,0,0,0,1,0,0,0,0
2023/7/31,0.033 ,2.568 ,1.261 ,1,0,0,0,0,0,0,0,0,0,1,0,0,0,0
2023/8/1,0.025 ,1.751 ,0.918 ,0,1,0,0,0,0,0,0,0,0,0,1,0,0,0
2023/8/2,0.023 ,-1.416 ,-2.297 ,0,0,1,0,0,0,0,0,0,0,0,1,0,0,0
2023/8/3,-0.038 ,-2.099 ,-1.677 ,0,0,0,1,0,0,0,0,0,0,0,1,0,0,0
2023/8/4,0.012 ,-0.609 ,0.104 ,0,0,0,0,0,0,0,0,0,0,0,1,0,0,0
2023/8/7,0.003 ,-0.113 ,0.192 ,1,0,0,0,0,0,0,0,0,0,0,1,0,0,0
2023/8/8,-0.008 ,1.204 ,0.381 ,0,1,0,0,0,0,0,0,0,0,0,1,0,0,0
2023/8/9,-0.012 ,-0.943 ,-0.534 ,0,0,1,0,0,0,0,0,0,0,0,1,0,0,0
2023/8/10,0.014 ,5.872 ,0.836 ,0,0,0,1,0,0,0,0,0,0,0,1,0,0,0
2023/8/14,-0.009 ,-4.005 ,-1.274 ,1,0,0,0,0,0,0,0,0,0,0,1,0,0,0
2023/8/15,0.005 ,0.446 ,0.558 ,0,1,0,0,0,0,0,0,0,0,0,1,0,0,0
2023/8/16,-0.020 ,-1.932 ,-1.464 ,0,0,1,0,0,0,0,0,0,0,0,1,0,0,0
2023/8/17,0.003 ,0.430 ,-0.443 ,0,0,0,1,0,0,0,0,0,0,0,1,0,0,0
2023/8/18,-0.012 ,-0.338 ,-0.554 ,0,0,0,0,0,0,0,0,0,0,0,1,0,0,0
2023/8/21,0.003 ,0.181 ,0.365 ,1,0,0,0,0,0,0,0,0,0,0,1,0,0,0
2023/8/22,0.025 ,1.491 ,0.922 ,0,1,0,0,0,0,0,0,0,0,0,1,0,0,0
2023/8/23,-0.002 ,1.557 ,0.482 ,0,0,1,0,0,0,0,0,0,0,0,1,0,0,0
2023/8/24,-0.004 ,-0.306 ,0.865 ,0,0,0,1,0,0,0,0,0,0,0,1,0,0,0
2023/8/25,-0.002 ,-0.791 ,-2.053 ,0,0,0,0,0,0,0,0,0,0,0,1,0,0,0
2023/8/28,0.017 ,2.858 ,1.726 ,1,0,0,0,0,0,0,0,0,0,0,1,0,0,0
2023/8/29,-0.002 ,-0.582 ,0.177 ,0,1,0,0,0,0,0,0,0,0,0,1,0,0,0
2023/8/30,0.010 ,0.758 ,0.330 ,0,0,1,0,0,0,0,0,0,0,0,1,0,0,0
2023/8/31,0.024 ,1.118 ,0.884 ,0,0,0,1,0,0,0,0,0,0,0,1,0,0,0
2023/9/1,0.002 ,0.361 ,0.280 ,0,0,0,0,0,0,0,0,0,0,0,0,1,0,0
2023/9/4,0.031 ,2.415 ,0.699 ,1,0,0,0,0,0,0,0,0,0,0,0,1,0,0
2023/9/5,-0.003 ,0.683 ,0.296 ,0,1,0,0,0,0,0,0,0,0,0,0,1,0,0
2023/9/6,0.024 ,1.911 ,0.618 ,0,0,1,0,0,0,0,0,0,0,0,0,1,0,0
2023/9/7,-0.005 ,-0.584 ,-0.752 ,0,0,0,1,0,0,0,0,0,0,0,0,1,0,0
2023/9/8,-0.013 ,0.426 ,-1.165 ,0,0,0,0,0,0,0,0,0,0,0,0,1,0,0
2023/9/11,-0.003 ,0.020 ,-0.427 ,1,0,0,0,0,0,0,0,0,0,0,0,1,0,0
2023/9/12,0.024 ,1.737 ,0.951 ,0,1,0,0,0,0,0,0,0,0,0,0,1,0,0
2023/9/13,0.019 ,0.436 ,-0.213 ,0,0,1,0,0,0,0,0,0,0,0,0,1,0,0
2023/9/14,0.015 ,3.497 ,1.411 ,0,0,0,1,0,0,0,0,0,0,0,0,1,0,0
2023/9/15,0.027 ,0.248 ,1.100 ,0,0,0,0,0,0,0,0,0,0,0,0,1,0,0
2023/9/19,0.021 ,2.971 ,-0.866 ,0,1,0,0,0,0,0,0,0,0,0,0,1,0,0
2023/9/20,-0.028 ,-1.239 ,-0.658 ,0,0,1,0,0,0,0,0,0,0,0,0,1,0,0
2023/9/21,-0.005 ,-1.367 ,-1.371 ,0,0,0,1,0,0,0,0,0,0,0,0,1,0,0
2023/9/22,0.001 ,-0.228 ,-0.518 ,0,0,0,0,0,0,0,0,0,0,0,0,1,0,0
2023/9/25,-0.010 ,-0.019 ,0.852 ,1,0,0,0,0,0,0,0,0,0,0,0,1,0,0
2023/9/26,-0.016 ,-0.228 ,-1.113 ,0,1,0,0,0,0,0,0,0,0,0,0,1,0,0
2023/9/27,0.012 ,0.267 ,0.176 ,0,0,1,0,0,0,0,0,0,0,0,0,1,0,0
2023/9/28,-0.004 ,-1.227 ,-1.543 ,0,0,0,1,0,0,0,0,0,0,0,0,1,0,0
2023/9/29,-0.011 ,-2.803 ,-0.047 ,0,0,0,0,0,0,0,0,0,0,0,0,1,0,0
2023/10/2,0.004 ,0.386 ,-0.307 ,1,0,0,0,0,0,0,0,0,0,0,0,0,1,0
2023/10/3,-0.031 ,-2.576 ,-1.643 ,0,1,0,0,0,0,0,0,0,0,0,0,0,1,0
2023/10/4,-0.049 ,-5.502 ,-2.276 ,0,0,1,0,0,0,0,0,0,0,0,0,0,1,0
2023/10/5,0.045 ,3.023 ,1.797 ,0,0,0,1,0,0,0,0,0,0,0,0,0,1,0
2023/10/6,-0.007 ,1.062 ,-0.260 ,0,0,0,0,0,0,0,0,0,0,0,0,0,1,0
2023/10/10,0.020 ,2.502 ,2.426 ,0,1,0,0,0,0,0,0,0,0,0,0,0,1,0
2023/10/11,0.010 ,0.964 ,0.598 ,0,0,1,0,0,0,0,0,0,0,0,0,0,1,0
2023/10/12,0.034 ,2.537 ,1.748 ,0,0,0,1,0,0,0,0,0,0,0,0,0,1,0
2023/10/13,-0.019 ,-2.038 ,-0.550 ,0,0,0,0,0,0,0,0,0,0,0,0,0,1,0
2023/10/16,-0.010 ,-1.159 ,-2.033 ,1,0,0,0,0,0,0,0,0,0,0,0,0,1,0
2023/10/17,0.008 ,1.203 ,1.204 ,0,1,0,0,0,0,0,0,0,0,0,0,0,1,0
2023/10/18,-0.004 ,-0.475 ,0.006 ,0,0,1,0,0,0,0,0,0,0,0,0,0,1,0
2023/10/19,-0.009 ,-1.522 ,-1.909 ,0,0,0,1,0,0,0,0,0,0,0,0,0,1,0
2023/10/20,-0.011 ,-1.061 ,-0.545 ,0,0,0,0,0,0,0,0,0,0,0,0,0,1,0
2023/10/23,-0.003 ,-1.195 ,-0.831 ,1,0,0,0,0,0,0,0,0,0,0,0,0,1,0
2023/10/24,-0.005 ,-0.341 ,0.203 ,0,1,0,0,0,0,0,0,0,0,0,0,0,1,0
2023/10/25,0.016 ,0.840 ,0.668 ,0,0,1,0,0,0,0,0,0,0,0,0,0,1,0
2023/10/26,-0.017 ,-1.635 ,-2.137 ,0,0,0,1,0,0,0,0,0,0,0,0,0,1,0
2023/10/27,0.017 ,0.063 ,1.274 ,0,0,0,0,0,0,0,0,0,0,0,0,0,1,0
2023/10/30,-0.024 ,-4.232 ,-0.951 ,1,0,0,0,0,0,0,0,0,0,0,0,0,1,0
2023/10/31,0.006 ,-1.375 ,0.527 ,0,1,0,0,0,0,0,0,0,0,0,0,0,1,0
2023/11/1,0.047 ,4.115 ,2.407 ,0,0,1,0,0,0,0,0,0,0,0,0,0,0,1
2023/11/2,0.018 ,0.287 ,1.102 ,0,0,0,1,0,0,0,0,0,0,0,0,0,0,1
2023/11/6,0.031 ,3.051 ,2.374 ,1,0,0,0,0,0,0,0,0,0,0,0,0,0,1
2023/11/7,-0.005 ,-0.432 ,-1.335 ,0,1,0,0,0,0,0,0,0,0,0,0,0,0,1
2023/11/8,-0.026 ,-0.372 ,-0.326 ,0,0,1,0,0,0,0,0,0,0,0,0,0,0,1
2023/11/9,0.022 ,2.861 ,1.492 ,0,0,0,1,0,0,0,0,0,0,0,0,0,0,1
2023/11/10,-0.005 ,-4.111 ,-0.240 ,0,0,0,0,0,0,0,0,0,0,0,0,0,0,1
2023/11/13,0.005 ,-1.419 ,0.052 ,1,0,0,0,0,0,0,0,0,0,0,0,0,0,1
2023/11/14,0.009 ,2.303 ,0.340 ,0,1,0,0,0,0,0,0,0,0,0,0,0,0,1
2023/11/15,0.006 ,0.188 ,2.519 ,0,0,1,0,0,0,0,0,0,0,0,0,0,0,1
2023/11/16,0.007 ,0.530 ,-0.284 ,0,0,0,1,0,0,0,0,0,0,0,0,0,0,1
2023/11/17,0.005 ,0.931 ,0.481 ,0,0,0,0,0,0,0,0,0,0,0,0,0,0,1
2023/11/20,-0.039 ,-3.782 ,-0.587 ,1,0,0,0,0,0,0,0,0,0,0,0,0,0,1
2023/11/21,-0.016 ,-2.205 ,-0.102 ,0,1,0,0,0,0,0,0,0,0,0,0,0,0,1
2023/11/22,-0.002 ,0.817 ,0.293 ,0,0,1,0,0,0,0,0,0,0,0,0,0,0,1
2023/11/24,0.027 ,1.783 ,0.519 ,0,0,0,0,0,0,0,0,0,0,0,0,0,0,1
2023/11/27,-0.012 ,-1.561 ,-0.529 ,1,0,0,0,0,0,0,0,0,0,0,0,0,0,1
2023/11/28,-0.005 ,-1.262 ,-0.117 ,0,1,0,0,0,0,0,0,0,0,0,0,0,0,1
2023/11/29,0.017 ,-1.376 ,-0.261 ,0,0,1,0,0,0,0,0,0,0,0,0,0,0,1
2023/11/30,-0.003 ,0.266 ,0.497 ,0,0,0,1,0,0,0,0,0,0,0,0,0,0,1
2023/12/1,0.014 ,1.359 ,-0.165 ,0,0,0,0,0,0,0,0,0,0,0,0,0,0,0
2023/12/4,-0.023 ,-2.648 ,-0.599 ,1,0,0,0,0,0,0,0,0,0,0,0,0,0,0
2023/12/5,-0.005 ,0.504 ,-1.371 ,0,1,0,0,0,0,0,0,0,0,0,0,0,0,0
2023/12/6,0.027 ,2.038 ,2.044 ,0,0,1,0,0,0,0,0,0,0,0,0,0,0,0
2023/12/7,-0.011 ,-1.997 ,-1.757 ,0,0,0,1,0,0,0,0,0,0,0,0,0,0,0
2023/12/8,-0.041 ,-2.573 ,-1.675 ,0,0,0,0,0,0,0,0,0,0,0,0,0,0,0
2023/12/11,0.009 ,2.503 ,1.498 ,1,0,0,0,0,0,0,0,0,0,0,0,0,0,0
2023/12/12,-0.009 ,-1.138 ,0.158 ,0,1,0,0,0,0,0,0,0,0,0,0,0,0,0
2023/12/13,-0.003 ,-0.575 ,0.252 ,0,0,1,0,0,0,0,0,0,0,0,0,0,0,0
2023/12/14,-0.038 ,-5.003 ,-0.729 ,0,0,0,1,0,0,0,0,0,0,0,0,0,0,0
2023/12/15,0.011 ,2.042 ,0.870 ,0,0,0,0,0,0,0,0,0,0,0,0,0,0,0
2023/12/18,0.007 ,0.035 ,-0.642 ,1,0,0,0,0,0,0,0,0,0,0,0,0,0,0
2023/12/19,0.008 ,1.474 ,1.405 ,0,1,0,0,0,0,0,0,0,0,0,0,0,0,0
2023/12/20,0.001 ,2.767 ,1.374 ,0,0,1,0,0,0,0,0,0,0,0,0,0,0,0
2023/12/21,-0.040 ,-2.928 ,-1.590 ,0,0,0,1,0,0,0,0,0,0,0,0,0,0,0
2023/12/22,-0.008 ,0.312 ,0.086 ,0,0,0,0,0,0,0,0,0,0,0,0,0,0,0
2023/12/26,0.002 ,-0.242 ,0.156 ,0,1,0,0,0,0,0,0,0,0,0,0,0,0,0
2023/12/27,0.017 ,0.693 ,1.127 ,0,0,1,0,0,0,0,0,0,0,0,0,0,0,0
2023/12/28,-0.010 ,-0.206 ,-0.420 ,0,0,0,1,0,0,0,0,0,0,0,0,0,0,0
2023/12/29,0.013 ,1.103 ,-0.225 ,0,0,0,0,0,0,0,0,0,0,0,0,0,0,0
2024/1/4,0.017 ,2.115 ,-0.526 ,0,0,0,1,1,0,0,0,0,0,0,0,0,0,0
2024/1/5,0.025 ,2.204 ,0.268 ,0,0,0,0,1,0,0,0,0,0,0,0,0,0,0
2024/1/9,-0.003 ,-0.817 ,1.156 ,0,1,0,0,1,0,0,0,0,0,0,0,0,0,0
2024/1/10,0.019 ,1.054 ,2.010 ,0,0,1,0,1,0,0,0,0,0,0,0,0,0,0
2024/1/11,0.036 ,2.282 ,1.766 ,0,0,0,1,1,0,0,0,0,0,0,0,0,0,0
2024/1/12,-0.002 ,-0.319 ,1.504 ,0,0,0,0,1,0,0,0,0,0,0,0,0,0,0
2024/1/15,0.008 ,-0.320 ,0.913 ,1,0,0,0,1,0,0,0,0,0,0,0,0,0,0
2024/1/16,-0.002 ,0.192 ,-0.787 ,0,1,0,0,1,0,0,0,0,0,0,0,0,0,0
2024/1/17,0.001 ,0.640 ,-0.397 ,0,0,1,0,1,0,0,0,0,0,0,0,0,0,0
2024/1/18,0.026 ,1.432 ,-0.033 ,0,0,0,1,1,0,0,0,0,0,0,0,0,0,0
2024/1/19,0.010 ,-0.439 ,1.402 ,0,0,0,0,1,0,0,0,0,0,0,0,0,0,0
2024/1/22,0.007 ,1.449 ,1.623 ,1,0,0,0,1,0,0,0,0,0,0,0,0,0,0
2024/1/23,0.003 ,-0.807 ,-0.080 ,0,1,0,0,1,0,0,0,0,0,0,0,0,0,0
2024/1/24,-0.011 ,-0.626 ,-0.797 ,0,0,1,0,1,0,0,0,0,0,0,0,0,0,0
2024/1/25,0.002 ,0.410 ,0.028 ,0,0,0,1,1,0,0,0,0,0,0,0,0,0,0
2024/1/26,-0.024 ,-0.628 ,-1.340 ,0,0,0,0,1,0,0,0,0,0,0,0,0,0,0
2024/1/29,0.031 ,3.852 ,0.772 ,1,0,0,0,1,0,0,0,0,0,0,0,0,0,0
2024/1/30,-0.008 ,-1.034 ,0.108 ,0,1,0,0,1,0,0,0,0,0,0,0,0,0,0
2024/1/31,0.014 ,2.949 ,0.612 ,0,0,1,0,1,0,0,0,0,0,0,0,0,0,0
2024/2/1,-0.018 ,-1.850 ,-0.759 ,0,0,0,1,0,1,0,0,0,0,0,0,0,0,0
2024/2/2,0.002 ,-0.578 ,0.407 ,0,0,0,0,0,1,0,0,0,0,0,0,0,0,0
2024/2/5,0.014 ,2.966 ,0.542 ,1,0,0,0,0,1,0,0,0,0,0,0,0,0,0
2024/2/6,0.048 ,0.446 ,-0.532 ,0,1,0,0,0,1,0,0,0,0,0,0,0,0,0
2024/2/7,0.040 ,1.153 ,-0.113 ,0,0,1,0,0,1,0,0,0,0,0,0,0,0,0
2024/2/8,0.028 ,1.374 ,2.058 ,0,0,0,1,0,1,0,0,0,0,0,0,0,0,0
2024/2/9,-0.008 ,-1.759 ,0.093 ,0,0,0,0,0,1,0,0,0,0,0,0,0,0,0
2024/2/13,0.040 ,0.910 ,2.891 ,0,1,0,0,0,1,0,0,0,0,0,0,0,0,0
2024/2/14,-0.021 ,-1.716 ,-0.687 ,0,0,1,0,0,1,0,0,0,0,0,0,0,0,0
2024/2/15,-0.001 ,1.894 ,1.206 ,0,0,0,1,0,1,0,0,0,0,0,0,0,0,0
2024/2/16,0.009 ,1.772 ,0.863 ,0,0,0,0,0,1,0,0,0,0,0,0,0,0,0
2024/2/19,0.005 ,-0.457 ,-0.044 ,1,0,0,0,0,1,0,0,0,0,0,0,0,0,0
2024/2/20,-0.005 ,0.229 ,-0.278 ,0,1,0,0,0,1,0,0,0,0,0,0,0,0,0
2024/2/21,0.004 ,-0.057 ,-0.264 ,0,0,1,0,0,1,0,0,0,0,0,0,0,0,0
2024/2/22,0.027 ,3.005 ,2.186 ,0,0,0,1,0,1,0,0,0,0,0,0,0,0,0
2024/2/26,0.012 ,-0.806 ,0.345 ,1,0,0,0,0,1,0,0,0,0,0,0,0,0,0
2024/2/27,0.005 ,-0.476 ,0.015 ,0,1,0,0,0,1,0,0,0,0,0,0,0,0,0
2024/2/28,-0.003 ,-0.141 ,-0.080 ,0,0,1,0,0,1,0,0,0,0,0,0,0,0,0
2024/2/29,0.014 ,0.451 ,-0.107 ,0,0,0,1,0,1,0,0,0,0,0,0,0,0,0
2024/3/1,0.016 ,1.319 ,1.901 ,0,0,0,0,0,0,1,0,0,0,0,0,0,0,0
2024/3/4,-0.005 ,-0.138 ,0.497 ,1,0,0,0,0,0,1,0,0,0,0,0,0,0,0
2024/3/5,0.018 ,-0.250 ,-0.029 ,0,1,0,0,0,0,1,0,0,0,0,0,0,0,0
2024/3/6,0.011 ,1.251 ,-0.017 ,0,0,1,0,0,0,1,0,0,0,0,0,0,0,0
2024/3/7,-0.029 ,-3.762 ,-1.227 ,0,0,0,1,0,0,1,0,0,0,0,0,0,0,0
2024/3/8,-0.014 ,0.713 ,0.228 ,0,0,0,0,0,0,1,0,0,0,0,0,0,0,0
2024/3/11,-0.031 ,-2.266 ,-2.188 ,1,0,0,0,0,0,1,0,0,0,0,0,0,0,0
2024/3/13,-0.009 ,0.435 ,-0.262 ,0,0,1,0,0,0,1,0,0,0,0,0,0,0,0
2024/3/14,0.000 ,1.126 ,0.288 ,0,0,0,1,0,0,1,0,0,0,0,0,0,0,0
2024/3/15,0.012 ,1.741 ,-0.257 ,0,0,0,0,0,0,1,0,0,0,0,0,0,0,0
2024/3/18,0.023 ,2.693 ,2.668 ,1,0,0,0,0,0,1,0,0,0,0,0,0,0,0
2024/3/19,0.030 ,1.830 ,0.662 ,0,1,0,0,0,0,1,0,0,0,0,0,0,0,0
2024/3/21,0.034 ,1.395 ,2.030 ,0,0,0,1,0,0,1,0,0,0,0,0,0,0,0
2024/3/22,0.019 ,1.667 ,0.178 ,0,0,0,0,0,0,1,0,0,0,0,0,0,0,0
2024/3/25,-0.011 ,-2.212 ,-1.160 ,1,0,0,0,0,0,1,0,0,0,0,0,0,0,0
2024/3/26,0.005 ,0.053 ,-0.040 ,0,1,0,0,0,0,1,0,0,0,0,0,0,0,0
2024/3/27,0.001 ,0.957 ,0.903 ,0,0,1,0,0,0,1,0,0,0,0,0,0,0,0
2024/3/28,-0.001 ,-1.818 ,-1.459 ,0,0,0,1,0,0,1,0,0,0,0,0,0,0,0
2024/3/29,-0.004 ,1.476 ,0.501 ,0,0,0,0,0,0,1,0,0,0,0,0,0,0,0
2024/4/1,-0.040 ,-2.142 ,-1.403 ,1,0,0,0,0,0,0,1,0,0,0,0,0,0,0
2024/4/2,-0.002 ,-0.378 ,0.090 ,0,1,0,0,0,0,0,1,0,0,0,0,0,0,0
2024/4/3,-0.004 ,-0.759 ,-0.972 ,0,0,1,0,0,0,0,1,0,0,0,0,0,0,0
2024/4/4,0.013 ,1.039 ,0.814 ,0,0,0,1,0,0,0,1,0,0,0,0,0,0,0
2024/4/5,-0.013 ,-0.703 ,-1.964 ,0,0,0,0,0,0,0,1,0,0,0,0,0,0,0
2024/4/8,0.022 ,1.525 ,0.910 ,1,0,0,0,0,0,0,1,0,0,0,0,0,0,0
2024/4/9,0.021 ,1.181 ,1.083 ,0,1,0,0,0,0,0,1,0,0,0,0,0,0,0
2024/4/10,-0.010 ,-0.504 ,-0.481 ,0,0,1,0,0,0,0,1,0,0,0,0,0,0,0
2024/4/11,0.011 ,-0.160 ,-0.352 ,0,0,0,1,0,0,0,1,0,0,0,0,0,0,0
2024/4/12,-0.004 ,0.320 ,0.205 ,0,0,0,0,0,0,0,1,0,0,0,0,0,0,0
2024/4/16,-0.031 ,-2.527 ,-1.941 ,0,1,0,0,0,0,0,1,0,0,0,0,0,0,0
2024/4/17,-0.014 ,-1.296 ,-1.324 ,0,0,1,0,0,0,0,1,0,0,0,0,0,0,0
2024/4/18,0.001 ,-0.224 ,0.311 ,0,0,0,1,0,0,0,1,0,0,0,0,0,0,0
2024/4/19,-0.022 ,-2.156 ,-2.656 ,0,0,0,0,0,0,0,1,0,0,0,0,0,0,0
2024/4/22,-0.001 ,1.517 ,0.999 ,1,0,0,0,0,0,0,1,0,0,0,0,0,0,0
2024/4/23,-0.002 ,-0.507 ,0.303 ,0,1,0,0,0,0,0,1,0,0,0,0,0,0,0
2024/4/24,0.030 ,1.417 ,2.418 ,0,0,1,0,0,0,0,1,0,0,0,0,0,0,0
2024/4/25,-0.033 ,-2.431 ,-2.162 ,0,0,0,1,0,0,0,1,0,0,0,0,0,0,0
2024/4/26,0.004 ,0.258 ,0.814 ,0,0,0,0,0,0,0,1,0,0,0,0,0,0,0
2024/4/30,0.036 ,3.513 ,1.241 ,0,1,0,0,0,0,0,1,0,0,0,0,0,0,0
2024/5/1,-0.009 ,-1.352 ,-0.343 ,0,0,1,0,0,0,0,0,1,0,0,0,0,0,0
2024/5/2,-0.007 ,-0.252 ,-0.099 ,0,0,0,1,0,0,0,0,1,0,0,0,0,0,0
2024/5/7,0.005 ,-0.533 ,1.567 ,0,1,0,0,0,0,0,0,1,0,0,0,0,0,0
2024/5/8,-0.006 ,-1.325 ,-1.629 ,0,0,1,0,0,0,0,0,1,0,0,0,0,0,0
2024/5/9,-0.014 ,-0.114 ,-0.336 ,0,0,0,1,0,0,0,0,1,0,0,0,0,0,0
2024/5/10,-0.029 ,-0.658 ,0.407 ,0,0,0,0,0,0,0,0,1,0,0,0,0,0,0
2024/5/13,-0.017 ,1.123 ,-0.130 ,1,0,0,0,0,0,0,0,1,0,0,0,0,0,0
2024/5/14,0.007 ,-0.569 ,0.463 ,0,1,0,0,0,0,0,0,1,0,0,0,0,0,0
2024/5/15,0.006 ,0.258 ,0.077 ,0,0,1,0,0,0,0,0,1,0,0,0,0,0,0
2024/5/16,-0.016 ,-2.399 ,1.393 ,0,0,0,1,0,0,0,0,1,0,0,0,0,0,0
2024/5/17,0.025 ,1.083 ,-0.341 ,0,0,0,0,0,0,0,0,1,0,0,0,0,0,0
2024/5/20,0.003 ,2.490 ,0.728 ,1,0,0,0,0,0,0,0,1,0,0,0,0,0,0
2024/5/21,-0.003 ,-1.384 ,-0.314 ,0,1,0,0,0,0,0,0,1,0,0,0,0,0,0
2024/5/22,-0.014 ,-1.003 ,-0.847 ,0,0,1,0,0,0,0,0,1,0,0,0,0,0,0
2024/5/23,0.004 ,0.203 ,1.259 ,0,0,0,1,0,0,0,0,1,0,0,0,0,0,0
2024/5/24,-0.003 ,0.144 ,-1.169 ,0,0,0,0,0,0,0,0,1,0,0,0,0,0,0
2024/5/27,0.017 ,0.634 ,0.657 ,1,0,0,0,0,0,0,0,1,0,0,0,0,0,0
2024/5/28,-0.001 ,0.229 ,-0.115 ,0,1,0,0,0,0,0,0,1,0,0,0,0,0,0
2024/5/29,-0.017 ,-0.515 ,-0.768 ,0,0,1,0,0,0,0,0,1,0,0,0,0,0,0
2024/5/30,-0.018 ,-0.546 ,-1.304 ,0,0,0,1,0,0,0,0,1,0,0,0,0,0,0
2024/5/31,0.021 ,2.254 ,1.140 ,0,0,0,0,0,0,0,0,1,0,0,0,0,0,0
2024/6/3,-0.018 ,-0.226 ,1.131 ,1,0,0,0,0,0,0,0,0,1,0,0,0,0,0
2024/6/4,-0.013 ,-2.237 ,-0.220 ,0,1,0,0,0,0,0,0,0,1,0,0,0,0,0
2024/6/5,-0.024 ,-3.360 ,-0.894 ,0,0,1,0,0,0,0,0,0,1,0,0,0,0,0
2024/6/6,0.017 ,0.629 ,0.554 ,0,0,0,1,0,0,0,0,0,1,0,0,0,0,0
2024/6/7,-0.016 ,-0.655 ,-0.051 ,0,0,0,0,0,0,0,0,0,1,0,0,0,0,0
2024/6/10,0.016 ,2.429 ,0.916 ,1,0,0,0,0,0,0,0,0,1,0,0,0,0,0
2024/6/13,-0.025 ,-1.376 ,-0.402 ,0,0,0,1,0,0,0,0,0,1,0,0,0,0,0
2024/6/14,-0.004 ,0.653 ,0.243 ,0,0,0,0,0,0,0,0,0,1,0,0,0,0,0
2024/6/17,-0.026 ,-3.126 ,-1.835 ,1,0,0,0,0,0,0,0,0,1,0,0,0,0,0
2024/6/18,0.005 ,1.674 ,0.996 ,0,1,0,0,0,0,0,0,0,1,0,0,0,0,0
2024/6/19,0.018 ,0.659 ,0.230 ,0,0,1,0,0,0,0,0,0,1,0,0,0,0,0
2024/6/20,-0.007 ,-1.041 ,0.161 ,0,0,0,1,0,0,0,0,0,1,0,0,0,0,0
2024/6/21,-0.003 ,-0.210 ,-0.095 ,0,0,0,0,0,0,0,0,0,1,0,0,0,0,0
2024/6/24,0.025 ,1.687 ,0.539 ,1,0,0,0,0,0,0,0,0,1,0,0,0,0,0
2024/6/25,0.046 ,2.488 ,0.950 ,0,1,0,0,0,0,0,0,0,1,0,0,0,0,0
2024/6/26,-0.006 ,-0.694 ,1.261 ,0,0,1,0,0,0,0,0,0,1,0,0,0,0,0
2024/6/27,-0.004 ,-0.320 ,-0.821 ,0,0,0,1,0,0,0,0,0,1,0,0,0,0,0
2024/6/28,0.008 ,0.438 ,0.614 ,0,0,0,0,0,0,0,0,0,1,0,0,0,0,0
2024/7/1,-0.002 ,2.355 ,0.121 ,1,0,0,0,0,0,0,0,0,0,1,0,0,0,0
2024/7/2,0.015 ,-1.448 ,1.119 ,0,1,0,0,0,0,0,0,0,0,1,0,0,0,0
2024/7/3,-0.002 ,0.202 ,1.263 ,0,0,1,0,0,0,0,0,0,0,1,0,0,0,0
2024/7/4,0.020 ,3.020 ,0.820 ,0,0,0,1,0,0,0,0,0,0,1,0,0,0,0
2024/7/5,-0.021 ,-3.238 ,-0.003 ,0,0,0,0,0,0,0,0,0,0,1,0,0,0,0
2024/7/8,-0.010 ,-1.904 ,-0.322 ,1,0,0,0,0,0,0,0,0,0,1,0,0,0,0
2024/7/9,-0.005 ,0.088 ,1.960 ,0,1,0,0,0,0,0,0,0,0,1,0,0,0,0
2024/7/10,0.006 ,0.088 ,0.606 ,0,0,1,0,0,0,0,0,0,0,1,0,0,0,0
2024/7/11,-0.002 ,1.204 ,0.937 ,0,0,0,1,0,0,0,0,0,0,1,0,0,0,0
2024/7/12,-0.003 ,-1.160 ,-2.447 ,0,0,0,0,0,0,0,0,0,0,1,0,0,0,0
2024/7/16,-0.002 ,0.088 ,0.205 ,0,1,0,0,0,0,0,0,0,0,1,0,0,0,0
2024/7/17,-0.005 ,0.645 ,-0.430 ,0,0,1,0,0,0,0,0,0,0,1,0,0,0,0
2024/7/18,-0.035 ,-2.972 ,-2.363 ,0,0,0,1,0,0,0,0,0,0,1,0,0,0,0
2024/7/19,-0.003 ,-0.030 ,-0.156 ,0,0,0,0,0,0,0,0,0,0,1,0,0,0,0
2024/7/22,-0.014 ,0.391 ,-1.160 ,1,0,0,0,0,0,0,0,0,0,1,0,0,0,0
2024/7/23,0.006 ,0.180 ,-0.012 ,0,1,0,0,0,0,0,0,0,0,1,0,0,0,0
2024/7/24,-0.003 ,-2.628 ,-1.110 ,0,0,1,0,0,0,0,0,0,0,1,0,0,0,0
2024/7/25,-0.026 ,-2.761 ,-3.283 ,0,0,0,1,0,0,0,0,0,0,1,0,0,0,0
2024/7/26,-0.037 ,-0.284 ,-0.534 ,0,0,0,0,0,0,0,0,0,0,1,0,0,0,0
2024/7/29,0.020 ,2.657 ,2.127 ,1,0,0,0,0,0,0,0,0,0,1,0,0,0,0
2024/7/30,0.010 ,0.832 ,0.149 ,0,1,0,0,0,0,0,0,0,0,1,0,0,0,0
2024/7/31,-0.016 ,0.672 ,1.495 ,0,0,1,0,0,0,0,0,0,0,1,0,0,0,0
2024/8/1,-0.085 ,-4.372 ,-2.495 ,0,0,0,1,0,0,0,0,0,0,0,1,0,0,0
2024/8/2,-0.042 ,-3.365 ,-5.814 ,0,0,0,0,0,0,0,0,0,0,0,1,0,0,0
2024/8/5,-0.137 ,-17.773 ,-12.396 ,1,0,0,0,0,0,0,0,0,0,0,1,0,0,0
2024/8/6,0.128 ,14.702 ,10.226 ,0,1,0,0,0,0,0,0,0,0,0,1,0,0,0
2024/8/7,-0.007 ,-0.871 ,1.194 ,0,0,1,0,0,0,0,0,0,0,0,1,0,0,0
2024/8/8,-0.020 ,-0.070 ,-0.737 ,0,0,0,1,0,0,0,0,0,0,0,1,0,0,0
2024/8/9,-0.001 ,-0.141 ,0.557 ,0,0,0,0,0,0,0,0,0,0,0,1,0,0,0
2024/8/13,0.033 ,2.430 ,3.448 ,0,1,0,0,0,0,0,0,0,0,0,1,0,0,0
2024/8/14,0.034 ,3.472 ,0.579 ,0,0,1,0,0,0,0,0,0,0,0,1,0,0,0
2024/8/15,0.016 ,2.757 ,0.780 ,0,0,0,1,0,0,0,0,0,0,0,1,0,0,0
2024/8/16,0.033 ,2.425 ,3.638 ,0,0,0,0,0,0,0,0,0,0,0,1,0,0,0
2024/8/19,-0.031 ,-1.042 ,-1.771 ,1,0,0,0,0,0,0,0,0,0,0,1,0,0,0
2024/8/20,0.010 ,0.670 ,1.803 ,0,1,0,0,0,0,0,0,0,0,0,1,0,0,0
2024/8/21,0.002 ,-1.014 ,-0.292 ,0,0,1,0,0,0,0,0,0,0,0,1,0,0,0
2024/8/22,-0.010 ,-0.384 ,0.683 ,0,0,0,1,0,0,0,0,0,0,0,1,0,0,0
2024/8/23,0.006 ,1.414 ,0.401 ,0,0,0,0,0,0,0,0,0,0,0,1,0,0,0
2024/8/26,-0.032 ,-2.788 ,-0.662 ,1,0,0,0,0,0,0,0,0,0,0,1,0,0,0
2024/8/27,0.018 ,1.760 ,0.468 ,0,1,0,0,0,0,0,0,0,0,0,1,0,0,0
2024/8/28,0.039 ,0.705 ,0.217 ,0,0,1,0,0,0,0,0,0,0,0,1,0,0,0
2024/8/29,-0.009 ,0.700 ,-0.024 ,0,0,0,1,0,0,0,0,0,0,0,1,0,0,0
2024/8/30,0.014 ,0.316 ,0.743 ,0,0,0,0,0,0,0,0,0,0,0,1,0,0,0
2024/9/2,0.008 ,1.385 ,0.137 ,1,0,0,0,0,0,0,0,0,0,0,0,1,0,0
2024/9/3,-0.003 ,-0.342 ,-0.038 ,0,1,0,0,0,0,0,0,0,0,0,0,1,0,0
2024/9/4,-0.035 ,-4.643 ,-4.236 ,0,0,1,0,0,0,0,0,0,0,0,0,1,0,0
2024/9/5,-0.022 ,0.556 ,-1.054 ,0,0,0,1,0,0,0,0,0,0,0,0,1,0,0
2024/9/6,-0.013 ,-0.715 ,-0.725 ,0,0,0,0,0,0,0,0,0,0,0,0,1,0,0
2024/9/9,-0.032 ,-1.211 ,-0.483 ,1,0,0,0,0,0,0,0,0,0,0,0,1,0,0
2024/9/10,0.000 ,-1.491 ,-0.156 ,0,1,0,0,0,0,0,0,0,0,0,0,1,0,0
2024/9/11,-0.031 ,-3.027 ,-1.492 ,0,0,1,0,0,0,0,0,0,0,0,0,1,0,0
2024/9/12,0.038 ,3.607 ,3.407 ,0,0,0,1,0,0,0,0,0,0,0,0,1,0,0
2024/9/13,-0.023 ,-1.440 ,-0.683 ,0,0,0,0,0,0,0,0,0,0,0,0,1,0,0
2024/9/17,-0.020 ,-1.019 ,-1.035 ,0,1,0,0,0,0,0,0,0,0,0,0,1,0,0
2024/9/18,0.033 ,2.505 ,0.489 ,0,0,1,0,0,0,0,0,0,0,0,0,1,0,0
2024/9/19,0.051 ,3.348 ,2.131 ,0,0,0,1,0,0,0,0,0,0,0,0,1,0,0
2024/9/20,0.009 ,0.842 ,1.530 ,0,0,0,0,0,0,0,0,0,0,0,0,1,0,0
2024/9/24,-0.006 ,0.289 ,0.574 ,0,1,0,0,0,0,0,0,0,0,0,0,1,0,0
2024/9/25,0.010 ,0.897 ,-0.185 ,0,0,1,0,0,0,0,0,0,0,0,0,1,0,0
2024/9/26,0.031 ,2.540 ,2.787 ,0,0,0,1,0,0,0,0,0,0,0,0,1,0,0
2024/9/27,0.024 ,0.402 ,2.322 ,0,0,0,0,0,0,0,0,0,0,0,0,1,0,0
2024/9/30,-0.076 ,-7.031 ,-4.795 ,1,0,0,0,0,0,0,0,0,0,0,0,1,0,0
2024/10/1,0.021 ,2.289 ,1.932 ,0,1,0,0,0,0,0,0,0,0,0,0,0,1,0
2024/10/3,0.012 ,1.459 ,1.966 ,0,0,0,1,0,0,0,0,0,0,0,0,0,1,0
2024/10/4,-0.006 ,0.256 ,0.217 ,0,0,0,0,0,0,0,0,0,0,0,0,0,1,0
2024/10/7,0.023 ,2.136 ,1.804 ,1,0,0,0,0,0,0,0,0,0,0,0,0,1,0
2024/10/8,-0.029 ,-2.247 ,-1.005 ,0,1,0,0,0,0,0,0,0,0,0,0,0,1,0
2024/10/9,-0.002 ,-0.830 ,0.874 ,0,0,1,0,0,0,0,0,0,0,0,0,0,1,0
2024/10/10,0.007 ,1.352 ,0.262 ,0,0,0,1,0,0,0,0,0,0,0,0,0,1,0
2024/10/11,-0.007 ,-1.017 ,0.571 ,0,0,0,0,0,0,0,0,0,0,0,0,0,1,0
2024/10/15,-0.003 ,-0.706 ,0.769 ,0,1,0,0,0,0,0,0,0,0,0,0,0,1,0
2024/10/16,-0.012 ,-0.905 ,-1.830 ,0,0,1,0,0,0,0,0,0,0,0,0,0,1,0
2024/10/17,0.010 ,0.130 ,-0.687 ,0,0,0,1,0,0,0,0,0,0,0,0,0,1,0
2024/10/18,0.001 ,-0.130 ,0.181 ,0,0,0,0,0,0,0,0,0,0,0,0,0,1,0
2024/10/21,-0.004 ,-0.489 ,-0.070 ,1,0,0,0,0,0,0,0,0,0,0,0,0,1,0
2024/10/22,0.001 ,-0.852 ,-1.393 ,0,1,0,0,0,0,0,0,0,0,0,0,0,1,0
2024/10/23,0.030 ,2.215 ,-0.799 ,0,0,1,0,0,0,0,0,0,0,0,0,0,1,0
2024/10/24,-0.007 ,-0.614 ,0.101 ,0,0,0,1,0,0,0,0,0,0,0,0,0,1,0
2024/10/25,-0.001 ,-1.041 ,-0.601 ,0,0,0,0,0,0,0,0,0,0,0,0,0,1,0
2024/10/28,0.041 ,4.045 ,1.824 ,1,0,0,0,0,0,0,0,0,0,0,0,0,1,0
2024/10/29,-0.003 ,0.126 ,0.772 ,0,1,0,0,0,0,0,0,0,0,0,0,0,1,0
2024/10/30,0.004 ,-0.410 ,0.961 ,0,0,1,0,0,0,0,0,0,0,0,0,0,1,0
2024/10/31,-0.011 ,-1.268 ,-0.499 ,0,0,0,1,0,0,0,0,0,0,0,0,0,1,0
2024/11/1,-0.025 ,-2.151 ,-2.629 ,0,0,0,0,0,0,0,0,0,0,0,0,0,0,1
2024/11/5,0.009 ,-0.525 ,1.107 ,0,1,0,0,0,0,0,0,0,0,0,0,0,0,1
2024/11/6,0.017 ,-6.464 ,2.614 ,0,0,1,0,0,0,0,0,0,0,0,0,0,0,1
2024/11/7,0.029 ,0.141 ,-0.251 ,0,0,0,1,0,0,0,0,0,0,0,0,0,0,1
2024/11/8,-0.036 ,-2.711 ,0.302 ,0,0,0,0,0,0,0,0,0,0,0,0,0,0,1
2024/11/11,-0.003 ,-0.145 ,0.083 ,1,0,0,0,0,0,0,0,0,0,0,0,0,0,1
2024/11/12,0.024 ,0.290 ,-0.398 ,0,1,0,0,0,0,0,0,0,0,0,0,0,0,1
2024/11/13,-0.020 ,-4.228 ,-1.662 ,0,0,1,0,0,0,0,0,0,0,0,0,0,0,1
2024/11/14,0.002 ,-0.189 ,-0.480 ,0,0,0,1,0,0,0,0,0,0,0,0,0,0,1
2024/11/15,0.014 ,2.193 ,0.278 ,0,0,0,0,0,0,0,0,0,0,0,0,0,0,1
2024/11/18,-0.010 ,0.740 ,-1.092 ,1,0,0,0,0,0,0,0,0,0,0,0,0,0,1
2024/11/19,0.020 ,2.424 ,0.506 ,0,1,0,0,0,0,0,0,0,0,0,0,0,0,1
2024/11/20,-0.012 ,-2.151 ,-0.162 ,0,0,1,0,0,0,0,0,0,0,0,0,0,0,1
2024/11/21,-0.009 ,-1.392 ,-0.850 ,0,0,0,1,0,0,0,0,0,0,0,0,0,0,1
2024/11/22,-0.004 ,1.263 ,0.678 ,0,0,0,0,0,0,0,0,0,0,0,0,0,0,1
2024/11/25,0.011 ,-0.294 ,1.296 ,1,0,0,0,0,0,0,0,0,0,0,0,0,0,1
2024/11/26,-0.010 ,-1.877 ,-0.872 ,0,1,0,0,0,0,0,0,0,0,0,0,0,0,1
2024/11/27,-0.036 ,-3.038 ,-0.799 ,0,0,1,0,0,0,0,0,0,0,0,0,0,0,1
2024/11/28,0.014 ,0.503 ,0.561 ,0,0,0,1,0,0,0,0,0,0,0,0,0,0,1
2024/11/29,-0.021 ,-0.577 ,-0.368 ,0,0,0,0,0,0,0,0,0,0,0,0,0,0,1
2024/12/2,0.023 ,0.813 ,0.798 ,1,0,0,0,0,0,0,0,0,0,0,0,0,0,0
2024/12/3,0.016 ,1.421 ,1.911 ,0,1,0,0,0,0,0,0,0,0,0,0,0,0,0
2024/12/4,-0.008 ,-2.234 ,0.070 ,0,0,1,0,0,0,0,0,0,0,0,0,0,0,0
2024/12/5,0.000 ,-0.581 ,0.304 ,0,0,0,1,0,0,0,0,0,0,0,0,0,0,0
2024/12/6,-0.001 ,0.234 ,-0.773 ,0,0,0,0,0,0,0,0,0,0,0,0,0,0,0
2024/12/9,0.006 ,1.049 ,0.177 ,1,0,0,0,0,0,0,0,0,0,0,0,0,0,0
2024/12/10,0.013 ,1.115 ,0.529 ,0,1,0,0,0,0,0,0,0,0,0,0,0,0,0
2024/12/11,0.001 ,-0.609 ,0.012 ,0,0,1,0,0,0,0,0,0,0,0,0,0,0,0
2024/12/12,0.013 ,-0.498 ,1.211 ,0,0,0,1,0,0,0,0,0,0,0,0,0,0,0
2024/12/13,-0.008 ,-0.500 ,-0.950 ,0,0,0,0,0,0,0,0,0,0,0,0,0,0,0
2024/12/16,-0.002 ,-0.464 ,-0.033 ,1,0,0,0,0,0,0,0,0,0,0,0,0,0,0
2024/12/17,-0.007 ,-0.311 ,-0.235 ,0,1,0,0,0,0,0,0,0,0,0,0,0,0,0
2024/12/18,0.020 ,-3.039 ,-0.719 ,0,0,1,0,0,0,0,0,0,0,0,0,0,0,0
2024/12/19,-0.001 ,-1.969 ,-0.686 ,0,0,0,1,0,0,0,0,0,0,0,0,0,0,0
2024/12/20,0.017 ,0.779 ,-0.288 ,0,0,0,0,0,0,0,0,0,0,0,0,0,0,0
2024/12/23,0.024 ,3.823 ,1.187 ,1,0,0,0,0,0,0,0,0,0,0,0,0,0,0
2024/12/24,-0.001 ,12.221 ,-0.318 ,0,1,0,0,0,0,0,0,0,0,0,0,0,0,0
2024/12/25,0.046 ,0.838 ,0.240 ,0,0,1,0,0,0,0,0,0,0,0,0,0,0,0
2024/12/26,0.060 ,3.842 ,1.118 ,0,0,0,1,0,0,0,0,0,0,0,0,0,0,0
2024/12/27,0.015 ,2.067 ,1.802 ,0,0,0,0,0,0,0,0,0,0,0,0,0,0,0
2024/12/30,-0.013 ,0.261 ,-0.960 ,1,0,0,0,0,0,0,0,0,0,0,0,0,0,0
2025/1/6,-0.043 ,2.834 ,-1.473 ,1,0,0,0,1,0,0,0,0,0,0,0,0,0,0
2025/1/7,0.014 ,1.615 ,1.975 ,0,1,0,0,1,0,0,0,0,0,0,0,0,0,0
2025/1/8,0.007 ,-0.592 ,-0.255 ,0,0,1,0,1,0,0,0,0,0,0,0,0,0,0
2025/1/9,-0.022 ,-2.571 ,-0.940 ,0,0,0,1,1,0,0,0,0,0,0,0,0,0,0
2025/1/10,-0.024 ,-1.609 ,-1.047 ,0,0,0,0,1,0,0,0,0,0,0,0,0,0,0
2025/1/14,-0.008 ,-3.238 ,-1.827 ,0,1,0,0,1,0,0,0,0,0,0,0,0,0,0
2025/1/15,-0.002 ,-0.439 ,-0.077 ,0,0,1,0,1,0,0,0,0,0,0,0,0,0,0
2025/1/16,-0.022 ,-1.121 ,0.333 ,0,0,0,1,1,0,0,0,0,0,0,0,0,0,0
2025/1/17,-0.017 ,0.275 ,-0.314 ,0,0,0,0,1,0,0,0,0,0,0,0,0,0,0
2025/1/20,0.029 ,1.507 ,1.173 ,1,0,0,0,1,0,0,0,0,0,0,0,0,0,0
2025/1/21,0.002 ,-0.270 ,0.323 ,0,1,0,0,1,0,0,0,0,0,0,0,0,0,0
2025/1/22,0.014 ,0.643 ,1.584 ,0,0,1,0,1,0,0,0,0,0,0,0,0,0,0
2025/1/23,0.003 ,0.269 ,0.789 ,0,0,0,1,1,0,0,0,0,0,0,0,0,0,0
2025/1/24,-0.015 ,-0.838 ,-0.067 ,0,0,0,0,1,0,0,0,0,0,0,0,0,0,0
2025/1/27,0.014 ,1.048 ,-0.917 ,1,0,0,0,1,0,0,0,0,0,0,0,0,0,0
2025/1/28,-0.011 ,-0.335 ,-1.387 ,0,1,0,0,1,0,0,0,0,0,0,0,0,0,0
2025/1/29,0.014 ,-0.504 ,1.020 ,0,0,1,0,1,0,0,0,0,0,0,0,0,0,0
2025/1/30,0.006 ,-0.337 ,0.252 ,0,0,0,1,1,0,0,0,0,0,0,0,0,0,0
2025/1/31,0.008 ,0.102 ,0.148 ,0,0,0,0,1,0,0,0,0,0,0,0,0,0,0
2025/2/3,-0.050 ,-7.203 ,-2.659 ,1,0,0,0,0,1,0,0,0,0,0,0,0,0,0
2025/2/4,0.017 ,1.057 ,0.722 ,0,1,0,0,0,1,0,0,0,0,0,0,0,0,0
2025/2/5,0.031 ,8.186 ,0.085 ,0,0,1,0,0,1,0,0,0,0,0,0,0,0,0
2025/2/6,-0.020 ,-4.000 ,0.605 ,0,0,0,1,0,1,0,0,0,0,0,0,0,0,0
2025/2/7,-0.027 ,-0.243 ,-0.715 ,0,0,0,0,0,1,0,0,0,0,0,0,0,0,0
2025/2/10,0.000 ,-0.940 ,0.036 ,1,0,0,0,0,1,0,0,0,0,0,0,0,0,0
2025/2/12,-0.009 ,-1.335 ,0.419 ,0,0,1,0,0,1,0,0,0,0,0,0,0,0,0
2025/2/13,0.009 ,2.137 ,1.278 ,0,0,0,1,0,1,0,0,0,0,0,0,0,0,0
2025/2/14,-0.007 ,2.476 ,-0.791 ,0,0,0,0,0,1,0,0,0,0,0,0,0,0,0
2025/2/17,-0.011 ,-3.096 ,0.063 ,1,0,0,0,0,1,0,0,0,0,0,0,0,0,0
2025/2/18,0.011 ,-0.456 ,0.245 ,0,1,0,0,0,1,0,0,0,0,0,0,0,0,0
2025/2/19,-0.017 ,-2.257 ,-0.269 ,0,0,1,0,0,1,0,0,0,0,0,0,0,0,0
2025/2/20,-0.016 ,-1.371 ,-1.242 ,0,0,0,1,0,1,0,0,0,0,0,0,0,0,0
2025/2/21,-0.002 ,0.988 ,0.256 ,0,0,0,0,0,1,0,0,0,0,0,0,0,0,0
2025/2/25,0.002 ,0.616 ,-1.390 ,0,1,0,0,0,1,0,0,0,0,0,0,0,0,0
2025/2/26,0.005 ,1.008 ,-0.250 ,0,0,1,0,0,1,0,0,0,0,0,0,0,0,0
2025/2/27,0.022 ,0.535 ,0.298 ,0,0,0,1,0,1,0,0,0,0,0,0,0,0,0
2025/2/28,-0.034 ,-1.206 ,-2.877 ,0,0,0,0,0,1,0,0,0,0,0,0,0,0,0
2025/3/3,0.039 ,1.400 ,1.695 ,1,0,0,0,0,0,1,0,0,0,0,0,0,0,0
2025/3/4,-0.015 ,-2.230 ,-1.202 ,0,1,0,0,0,0,1,0,0,0,0,0,0,0,0
2025/3/5,0.035 ,2.136 ,0.233 ,0,0,1,0,0,0,1,0,0,0,0,0,0,0,0
2025/3/6,-0.009 ,2.021 ,0.766 ,0,0,0,1,0,0,1,0,0,0,0,0,0,0,0
2025/3/7,-0.007 ,-0.556 ,-2.169 ,0,0,0,0,0,0,1,0,0,0,0,0,0,0,0
2025/3/10,0.009 ,0.908 ,0.383 ,1,0,0,0,0,0,1,0,0,0,0,0,0,0,0
2025/3/11,-0.026 ,0.416 ,-0.635 ,0,1,0,0,0,0,1,0,0,0,0,0,0,0,0
2025/3/12,0.003 ,-0.138 ,0.071 ,0,0,1,0,0,0,1,0,0,0,0,0,0,0,0
2025/3/13,-0.015 ,-1.209 ,-0.079 ,0,0,0,1,0,0,1,0,0,0,0,0,0,0,0
2025/3/14,0.010 ,1.363 ,0.715 ,0,0,0,0,0,0,1,0,0,0,0,0,0,0,0
2025/3/17,0.005 ,1.793 ,0.927 ,1,0,0,0,0,0,1,0,0,0,0,0,0,0,0
2025/3/18,0.028 ,2.846 ,1.200 ,0,1,0,0,0,0,1,0,0,0,0,0,0,0,0
2025/3/19,0.019 ,-0.165 ,-0.247 ,0,0,1,0,0,0,1,0,0,0,0,0,0,0,0
2025/3/21,-0.016 ,-0.825 ,-0.198 ,0,0,0,0,0,0,1,0,0,0,0,0,0,0,0
2025/3/24,0.007 ,-0.100 ,-0.182 ,1,0,0,0,0,0,1,0,0,0,0,0,0,0,0
2025/3/25,0.007 ,0.100 ,0.457 ,0,1,0,0,0,0,1,0,0,0,0,0,0,0,0
2025/3/26,0.002 ,-0.665 ,0.653 ,0,0,1,0,0,0,1,0,0,0,0,0,0,0,0
2025/3/27,-0.020 ,-2.478 ,-0.598 ,0,0,0,1,0,0,1,0,0,0,0,0,0,0,0
2025/3/28,-0.045 ,-4.876 ,-1.798 ,0,0,0,0,0,0,1,0,0,0,0,0,0,0,0
2025/3/31,-0.031 ,-3.069 ,-4.048 ,1,0,0,0,0,0,1,0,0,0,0,0,0,0,0
2025/4/1,0.006 ,0.186 ,0.019 ,0,1,0,0,0,0,0,1,0,0,0,0,0,0,0
2025/4/2,0.010 ,1.190 ,0.285 ,0,0,1,0,0,0,0,1,0,0,0,0,0,0,0
2025/4/3,-0.052 ,-2.314 ,-2.771 ,0,0,0,1,0,0,0,1,0,0,0,0,0,0,0
2025/4/4,-0.044 ,-5.453 ,-2.750 ,0,0,0,0,0,0,0,1,0,0,0,0,0,0,0
2025/4/7,-0.059 ,-4.137 ,-7.827 ,1,0,0,0,0,0,0,1,0,0,0,0,0,0,0
2025/4/8,0.071 ,6.556 ,6.025 ,0,1,0,0,0,0,0,1,0,0,0,0,0,0,0
2025/4/9,-0.026 ,-3.154 ,-3.934 ,0,0,1,0,0,0,0,1,0,0,0,0,0,0,0
2025/4/10,0.075 ,8.444 ,9.128 ,0,0,0,1,0,0,0,1,0,0,0,0,0,0,0
2025/4/11,-0.048 ,-2.484 ,-2.957 ,0,0,0,0,0,0,0,1,0,0,0,0,0,0,0
2025/4/14,-0.004 ,0.342 ,1.181 ,1,0,0,0,0,0,0,1,0,0,0,0,0,0,0
2025/4/15,0.037 ,3.600 ,0.839 ,0,1,0,0,0,0,0,1,0,0,0,0,0,0,0
2025/4/17,0.000 ,1.880 ,1.348 ,0,0,0,1,0,0,0,1,0,0,0,0,0,0,0
2025/4/18,0.018 ,0.904 ,1.026 ,0,0,0,0,0,0,0,1,0,0,0,0,0,0,0
2025/4/21,-0.029 ,-1.004 ,-1.297 ,1,0,0,0,0,0,0,1,0,0,0,0,0,0,0
2025/4/22,-0.005 ,0.398 ,-0.173 ,0,1,0,0,0,0,0,1,0,0,0,0,0,0,0
2025/4/23,0.050 ,2.345 ,1.894 ,0,0,1,0,0,0,0,1,0,0,0,0,0,0,0
2025/4/24,0.029 ,0.634 ,0.489 ,0,0,0,1,0,0,0,1,0,0,0,0,0,0,0
2025/4/25,0.012 ,0.701 ,1.902 ,0,0,0,0,0,0,0,1,0,0,0,0,0,0,0
2025/4/28,0.036 ,0.974 ,0.376 ,1,0,0,0,0,0,0,1,0,0,0,0,0,0,0
2025/4/30,-0.021 ,0.103 ,0.573 ,0,0,1,0,0,0,0,1,0,0,0,0,0,0,0
2025/5/1,0.008 ,0.826 ,1.129 ,0,0,0,1,0,0,0,0,1,0,0,0,0,0,0
2025/5/2,0.011 ,1.297 ,1.038 ,0,0,0,0,0,0,0,0,1,0,0,0,0,0,0
2025/5/7,-0.027 ,-1.752 ,-0.139 ,0,0,1,0,0,0,0,0,1,0,0,0,0,0,0
2025/5/8,-0.013 ,-1.029 ,0.405 ,0,0,0,1,0,0,0,0,1,0,0,0,0,0,0
2025/5/9,0.018 ,2.737 ,1.556 ,0,0,0,0,0,0,0,0,1,0,0,0,0,0,0
2025/5/12,0.013 ,0.405 ,0.376 ,1,0,0,0,0,0,0,0,1,0,0,0,0,0,0
2025/5/13,0.035 ,1.008 ,1.432 ,0,1,0,0,0,0,0,0,1,0,0,0,0,0,0
2025/5/14,-0.035 ,-2.860 ,-0.144 ,0,0,1,0,0,0,0,0,1,0,0,0,0,0,0
2025/5/15,-0.034 ,-3.903 ,-0.977 ,0,0,0,1,0,0,0,0,1,0,0,0,0,0,0
2025/5/16,-0.005 ,0.178 ,-0.005 ,0,0,0,0,0,0,0,0,1,0,0,0,0,0,0
2025/5/19,0.009 ,0.356 ,-0.676 ,1,0,0,0,0,0,0,0,1,0,0,0,0,0,0
2025/5/20,0.003 ,0.780 ,0.082 ,0,1,0,0,0,0,0,0,1,0,0,0,0,0,0
2025/5/21,-0.004 ,1.090 ,-0.614 ,0,0,1,0,0,0,0,0,1,0,0,0,0,0,0
2025/5/22,-0.016 ,-1.565 ,-0.839 ,0,0,0,1,0,0,0,0,1,0,0,0,0,0,0
2025/5/23,0.001 ,0.247 ,0.472 ,0,0,0,0,0,0,0,0,1,0,0,0,0,0,0
2025/5/26,-0.001 ,-0.846 ,0.999 ,1,0,0,0,0,0,0,0,1,0,0,0,0,0,0
2025/5/27,0.007 ,0.391 ,0.513 ,0,1,0,0,0,0,0,0,1,0,0,0,0,0,0
2025/5/28,-0.003 ,1.275 ,-0.005 ,0,0,1,0,0,0,0,0,1,0,0,0,0,0,0
2025/5/29,0.039 ,4.615 ,1.884 ,0,0,0,1,0,0,0,0,1,0,0,0,0,0,0
2025/5/30,0.013 ,-1.872 ,-1.217 ,0,0,0,0,0,0,0,0,1,0,0,0,0,0,0
2025/6/2,-0.028 ,-2.112 ,-1.302 ,1,0,0,0,0,0,0,0,0,1,0,0,0,0,0
2025/6/3,-0.006 ,-0.939 ,-0.064 ,0,1,0,0,0,0,0,0,0,1,0,0,0,0,0
2025/6/4,0.019 ,-0.105 ,0.803 ,0,0,1,0,0,0,0,0,0,1,0,0,0,0,0
2025/6/5,-0.027 ,-2.672 ,-0.511 ,0,0,0,1,0,0,0,0,0,1,0,0,0,0,0
2025/6/6,0.001 ,1.301 ,0.498 ,0,0,0,0,0,0,0,0,0,1,0,0,0,0,0
2025/6/9,-0.005 ,-0.143 ,0.919 ,1,0,0,0,0,0,0,0,0,1,0,0,0,0,0
2025/6/11,-0.001 ,0.893 ,0.549 ,0,0,1,0,0,0,0,0,0,1,0,0,0,0,0
2025/6/12,-0.015 ,-0.850 ,-0.646 ,0,0,0,1,0,0,0,0,0,1,0,0,0,0,0
2025/6/13,-0.024 ,-0.500 ,-0.888 ,0,0,0,0,0,0,0,0,0,1,0,0,0,0,0
2025/6/16,0.000 ,2.942 ,1.261 ,1,0,0,0,0,0,0,0,0,1,0,0,0,0,0
2025/6/18,0.012 ,0.802 ,0.904 ,0,0,1,0,0,0,0,0,0,1,0,0,0,0,0
2025/6/19,-0.017 ,-1.072 ,-1.020 ,0,0,0,1,0,0,0,0,0,1,0,0,0,0,0
2025/6/20,-0.009 ,-0.489 ,-0.221 ,0,0,0,0,0,0,0,0,0,1,0,0,0,0,0
2025/6/23,-0.004 ,-1.229 ,-0.128 ,1,0,0,0,0,0,0,0,0,1,0,0,0,0,0
2025/6/24,-0.001 ,-1.138 ,1.138 ,0,1,0,0,0,0,0,0,0,1,0,0,0,0,0
2025/6/25,-0.012 ,0.180 ,0.391 ,0,0,1,0,0,0,0,0,0,1,0,0,0,0,0
2025/6/26,-0.002 ,-0.898 ,1.650 ,0,0,0,1,0,0,0,0,0,1,0,0,0,0,0
2025/6/27,0.029 ,2.971 ,1.430 ,0,0,0,0,0,0,0,0,0,1,0,0,0,0,0
2025/6/30,-0.013 ,-1.865 ,0.838 ,1,0,0,0,0,0,0,0,0,1,0,0,0,0,0
2025/7/1,-0.016 ,0.108 ,-1.238 ,0,1,0,0,0,0,0,0,0,0,1,0,0,0,0
2025/7/2,0.005 ,1.827 ,-0.560 ,0,0,1,0,0,0,0,0,0,0,1,0,0,0,0
2025/7/3,0.019 ,1.970 ,0.059 ,0,0,0,1,0,0,0,0,0,0,1,0,0,0,0
2025/7/4,-0.011 ,-0.448 ,0.063 ,0,0,0,0,0,0,0,0,0,0,1,0,0,0,0
2025/7/7,-0.012 ,-1.455 ,-0.561 ,1,0,0,0,0,0,0,0,0,0,1,0,0,0,0
2025/7/8,0.005 ,0.774 ,0.255 ,0,1,0,0,0,0,0,0,0,0,1,0,0,0,0
2025/7/9,0.009 ,3.350 ,0.334 ,0,0,1,0,0,0,0,0,0,0,1,0,0,0,0
2025/7/10,-0.006 ,0.236 ,-0.439 ,0,0,0,1,0,0,0,0,0,0,1,0,0,0,0
2025/7/11,0.014 ,1.650 ,-0.193 ,0,0,0,0,0,0,0,0,0,0,1,0,0,0,0
2025/7/14,0.009 ,0.861 ,-0.278 ,1,0,0,0,0,0,0,0,0,0,1,0,0,0,0
2025/7/15,0.000 ,0.263 ,0.553 ,0,1,0,0,0,0,0,0,0,0,1,0,0,0,0
2025/7/16,-0.009 ,-1.540 ,-0.037 ,0,0,1,0,0,0,0,0,0,0,1,0,0,0,0
2025/7/17,0.004 ,-0.566 ,0.600 ,0,0,0,1,0,0,0,0,0,0,1,0,0,0,0
2025/7/18,-0.002 ,-0.469 ,-0.206 ,0,0,0,0,0,0,0,0,0,0,1,0,0,0,0
2025/7/22,-0.008 ,-0.168 ,-0.111 ,0,1,0,0,0,0,0,0,0,0,1,0,0,0,0
2025/7/23,0.143 ,11.149 ,3.511 ,0,0,1,0,0,0,0,0,0,0,1,0,0,0,0
2025/7/24,-0.004 ,0.030 ,1.591 ,0,0,0,1,0,0,0,0,0,0,1,0,0,0,0
2025/7/25,-0.020 ,-1.787 ,-0.885 ,0,0,0,0,0,0,0,0,0,0,1,0,0,0,0
2025/7/28,0.006 ,2.283 ,-1.105 ,1,0,0,0,0,0,0,0,0,0,1,0,0,0,0
2025/7/29,-0.023 ,-2.111 ,-0.790 ,0,1,0,0,0,0,0,0,0,0,1,0,0,0,0
2025/7/30,0.001 ,-2.064 ,-0.049 ,0,0,1,0,0,0,0,0,0,0,1,0,0,0,0
2025/7/31,-0.017 ,-1.290 ,1.021 ,0,0,0,1,0,0,0,0,0,0,1,0,0,0,0
2025/8/1,0.010 ,0.510 ,-0.658 ,0,0,0,0,0,0,0,0,0,0,0,1,0,0,0
2025/8/4,-0.018 ,-1.744 ,-1.247 ,1,0,0,0,0,0,0,0,0,0,0,1,0,0,0
2025/8/5,0.001 ,-0.097 ,0.642 ,0,1,0,0,0,0,0,0,0,0,0,1,0,0,0
2025/8/6,0.016 ,1.518 ,0.605 ,0,0,1,0,0,0,0,0,0,0,0,1,0,0,0
2025/8/7,-0.015 ,-1.654 ,0.648 ,0,0,0,1,0,0,0,0,0,0,0,1,0,0,0
2025/8/8,0.035 ,3.947 ,1.854 ,0,0,0,0,0,0,0,0,0,0,0,1,0,0,0
2025/8/12,0.030 ,2.614 ,2.147 ,0,1,0,0,0,0,0,0,0,0,0,1,0,0,0
2025/8/13,0.007 ,-0.273 ,1.303 ,0,0,1,0,0,0,0,0,0,0,0,1,0,0,0
2025/8/14,-0.024 ,-1.247 ,-1.445 ,0,0,0,1,0,0,0,0,0,0,0,1,0,0,0
2025/8/15,0.017 ,0.862 ,1.709 ,0,0,0,0,0,0,0,0,0,0,0,1,0,0,0
2025/8/18,0.017 ,1.557 ,0.775 ,1,0,0,0,0,0,0,0,0,0,0,1,0,0,0
2025/8/19,0.008 ,0.361 ,-0.384 ,0,1,0,0,0,0,0,0,0,0,0,1,0,0,0
2025/8/20,0.004 ,2.007 ,-1.510 ,0,0,1,0,0,0,0,0,0,0,0,1,0,0,0
2025/8/21,-0.011 ,-1.938 ,-0.649 ,0,0,0,1,0,0,0,0,0,0,0,1,0,0,0
2025/8/22,0.013 ,0.569 ,0.054 ,0,0,0,0,0,0,0,0,0,0,0,1,0,0,0
2025/8/25,-0.001 ,1.013 ,0.409 ,1,0,0,0,0,0,0,0,0,0,0,1,0,0,0
2025/8/26,-0.014 ,-1.710 ,-0.966 ,0,1,0,0,0,0,0,0,0,0,0,1,0,0,0
2025/8/27,0.002 ,-0.480 ,0.297 ,0,0,1,0,0,0,0,0,0,0,0,1,0,0,0
2025/8/28,0.005 ,0.271 ,0.726 ,0,0,0,1,0,0,0,0,0,0,0,1,0,0,0
2025/8/29,-0.016 ,-1.292 ,-0.258 ,0,0,0,0,0,0,0,0,0,0,0,1,0,0,0
2025/9/1,-0.005 ,1.644 ,-1.240 ,1,0,0,0,0,0,0,0,0,0,0,0,1,0,0
2025/9/2,0.004 ,0.090 ,0.288 ,0,1,0,0,0,0,0,0,0,0,0,0,1,0,0
2025/9/3,-0.006 ,-0.868 ,-0.878 ,0,0,1,0,0,0,0,0,0,0,0,0,1,0,0
2025/9/4,0.019 ,1.087 ,1.529 ,0,0,0,1,0,0,0,0,0,0,0,0,1,0,0
2025/9/5,0.020 ,1.135 ,1.030 ,0,0,0,0,0,0,0,0,0,0,0,0,1,0,0
2025/9/8,0.003 ,0.059 ,1.453 ,1,0,0,0,0,0,0,0,0,0,0,0,1,0,0
2025/9/9,-0.007 ,0.207 ,-0.423 ,0,1,0,0,0,0,0,0,0,0,0,0,1,0,0
2025/9/10,-0.012 ,-1.856 ,0.871 ,0,0,1,0,0,0,0,0,0,0,0,0,1,0,0
2025/9/11,-0.009 ,-0.930 ,1.220 ,0,0,0,1,0,0,0,0,0,0,0,0,1,0,0
2025/9/12,0.001 ,-0.061 ,0.892 ,0,0,0,0,0,0,0,0,0,0,0,0,1,0,0
2025/9/16,0.016 ,0.697 ,0.300 ,0,1,0,0,0,0,0,0,0,0,0,0,1,0,0
2025/9/17,0.005 ,-0.241 ,-0.249 ,0,0,1,0,0,0,0,0,0,0,0,0,1,0,0
2025/9/18,-0.003 ,-1.026 ,1.145 ,0,0,0,1,0,0,0,0,0,0,0,0,1,0,0
2025/9/19,-0.006 ,-0.549 ,-0.569 ,0,0,0,0,0,0,0,0,0,0,0,0,1,0,0
2025/9/22,0.014 ,1.870 ,0.994 ,1,0,0,0,0,0,0,0,0,0,0,0,1,0,0
2025/9/24,-0.012 ,-1.053 ,0.300 ,0,0,1,0,0,0,0,0,0,0,0,0,1,0,0
2025/9/25,0.011 ,0.973 ,0.273 ,0,0,0,1,0,0,0,0,0,0,0,0,1,0,0
2025/9/26,0.003 ,-0.602 ,-0.874 ,0,0,0,0,0,0,0,0,0,0,0,0,1,0,0
2025/9/29,-0.034 ,-5.212 ,-0.686 ,1,0,0,0,0,0,0,0,0,0,0,0,1,0,0
2025/9/30,-0.007 ,-2.110 ,-0.247 ,0,1,0,0,0,0,0,0,0,0,0,0,1,0,0
2025/10/1,-0.010 ,-1.274 ,-0.850 ,0,0,1,0,0,0,0,0,0,0,0,0,0,1,0
2025/10/2,-0.006 ,-0.529 ,0.866 ,0,0,0,1,0,0,0,0,0,0,0,0,0,1,0
2025/10/3,0.012 ,1.397 ,1.853 ,0,0,0,0,0,0,0,0,0,0,0,0,0,1,0
2025/10/6,0.047 ,4.231 ,4.753 ,1,0,0,0,0,0,0,0,0,0,0,0,0,1,0
2025/10/7,0.016 ,0.503 ,0.013 ,0,1,0,0,0,0,0,0,0,0,0,0,0,1,0
2025/10/8,-0.005 ,-0.063 ,-0.450 ,0,0,1,0,0,0,0,0,0,0,0,0,0,1,0
2025/10/9,-0.020 ,-1.410 ,1.771 ,0,0,0,1,0,0,0,0,0,0,0,0,0,1,0
2025/10/10,-0.017 ,-1.112 ,-1.012 ,0,0,0,0,0,0,0,0,0,0,0,0,0,1,0
2025/10/14,-0.009 ,-0.996 ,-2.582 ,0,1,0,0,0,0,0,0,0,0,0,0,0,1,0
2025/10/15,0.015 ,0.195 ,1.762 ,0,0,1,0,0,0,0,0,0,0,0,0,0,1,0
2025/10/16,0.014 ,0.259 ,1.269 ,0,0,0,1,0,0,0,0,0,0,0,0,0,1,0
2025/10/17,-0.007 ,-1.939 ,-1.441 ,0,0,0,0,0,0,0,0,0,0,0,0,0,1,0
2025/10/20,0.024 ,3.130 ,3.370 ,1,0,0,0,0,0,0,0,0,0,0,0,0,1,0
2025/10/21,0.001 ,-0.799 ,0.265 ,0,1,0,0,0,0,0,0,0,0,0,0,0,1,0
2025/10/22,0.033 ,4.348 ,-0.017 ,0,0,1,0,0,0,0,0,0,0,0,0,0,1,0
2025/10/23,-0.004 ,-1.481 ,-1.351 ,0,0,0,1,0,0,0,0,0,0,0,0,0,1,0
2025/10/24,0.012 ,-0.094 ,1.353 ,0,0,0,0,0,0,0,0,0,0,0,0,0,1,0
2025/10/27,0.029 ,1.537 ,2.460 ,1,0,0,0,0,0,0,0,0,0,0,0,0,1,0
2025/10/28,-0.015 ,-1.390 ,-0.580 ,0,1,0,0,0,0,0,0,0,0,0,0,0,1,0
2025/10/29,-0.008 ,-0.814 ,2.167 ,0,0,1,0,0,0,0,0,0,0,0,0,0,1,0
2025/10/30,0.012 ,0.695 ,0.035 ,0,0,0,1,0,0,0,0,0,0,0,0,0,1,0
2025/10/31,-0.015 ,-2.164 ,2.115 ,0,0,0,0,0,0,0,0,0,0,0,0,0,1,0
2025/11/4,0.005 ,1.923 ,-1.744 ,0,1,0,0,0,0,0,0,0,0,0,0,0,0,1
2025/11/5,-0.036 ,-1.824 ,-2.495 ,0,0,1,0,0,0,0,0,0,0,0,0,0,0,1
2025/11/6,0.033 ,-0.256 ,1.337 ,0,0,0,1,0,0,0,0,0,0,0,0,0,0,1
2025/11/7,-0.007 ,1.798 ,-1.194 ,0,0,0,0,0,0,0,0,0,0,0,0,0,0,1
2025/11/10,0.004 ,-4.669 ,1.264 ,1,0,0,0,0,0,0,0,0,0,0,0,0,0,1
2025/11/11,0.005 ,0.827 ,-0.135 ,0,1,0,0,0,0,0,0,0,0,0,0,0,0,1
2025/11/12,0.014 ,1.378 ,0.433 ,0,0,1,0,0,0,0,0,0,0,0,0,0,0,1
2025/11/13,0.003 ,1.327 ,0.428 ,0,0,0,1,0,0,0,0,0,0,0,0,0,0,1
2025/11/14,-0.006 ,-0.543 ,-1.765 ,0,0,0,0,0,0,0,0,0,0,0,0,0,0,1
2025/11/17,-0.019 ,-2.538 ,-0.104 ,1,0,0,0,0,0,0,0,0,0,0,0,0,0,1
2025/11/18,-0.029 ,-1.681 ,-3.221 ,0,1,0,0,0,0,0,0,0,0,0,0,0,0,1
2025/11/19,0.003 ,1.442 ,-0.339 ,0,0,1,0,0,0,0,0,0,0,0,0,0,0,1
2025/11/20,0.002 ,0.066 ,2.650 ,0,0,0,1,0,0,0,0,0,0,0,0,0,0,1
2025/11/21,0.017 ,1.618 ,-2.405 ,0,0,0,0,0,0,0,0,0,0,0,0,0,0,1
2025/11/25,-0.006 ,0.195 ,0.069 ,0,1,0,0,0,0,0,0,0,0,0,0,0,0,1
2025/11/26,0.021 ,1.849 ,1.849 ,0,0,1,0,0,0,0,0,0,0,0,0,0,0,1
2025/11/27,-0.001 ,-0.796 ,1.227 ,0,0,0,1,0,0,0,0,0,0,0,0,0,0,1
2025/11/28,-0.002 ,0.931 ,0.173 ,0,0,0,0,0,0,0,0,0,0,0,0,0,0,1
2025/12/1,-0.016 ,-2.354 ,-1.892 ,1,0,0,0,0,0,0,0,0,0,0,0,0,0,0
2025/12/2,-0.012 ,-1.303 ,0.000 ,0,1,0,0,0,0,0,0,0,0,0,0,0,0,0
2025/12/3,-0.013 ,-0.759 ,1.138 ,0,0,1,0,0,0,0,0,0,0,0,0,0,0,0
2025/12/4,0.033 ,2.927 ,2.334 ,0,0,0,1,0,0,0,0,0,0,0,0,0,0,0
2025/12/5,-0.023 ,-1.777 ,-1.051 ,0,0,0,0,0,0,0,0,0,0,0,0,0,0,0
2025/12/8,0.009 ,0.559 ,0.178 ,1,0,0,0,0,0,0,0,0,0,0,0,0,0,0
2025/12/9,0.002 ,-0.229 ,0.145 ,0,1,0,0,0,0,0,0,0,0,0,0,0,0,0
2025/12/10,0.016 ,3.311 ,-0.103 ,0,0,1,0,0,0,0,0,0,0,0,0,0,0,0
2025/12/11,-0.002 ,-0.222 ,-0.897 ,0,0,0,1,0,0,0,0,0,0,0,0,0,0,0
2025/12/12,0.048 ,1.781 ,1.371 ,0,0,0,0,0,0,0,0,0,0,0,0,0,0,0
2025/12/15,0.028 ,0.594 ,-1.315 ,1,0,0,0,0,0,0,0,0,0,0,0,0,0,0
2025/12/16,-0.006 ,-1.522 ,-1.564 ,0,1,0,0,0,0,0,0,0,0,0,0,0,0,0
2025/12/17,0.006 ,-0.126 ,0.261 ,0,0,1,0,0,0,0,0,0,0,0,0,0,0,0
2025/12/18,0.004 ,-2.527 ,-1.032 ,0,0,0,1,0,0,0,0,0,0,0,0,0,0,0
2025/12/19,0.018 ,0.907 ,1.032 ,0,0,0,0,0,0,0,0,0,0,0,0,0,0,0
2025/12/22,0.009 ,1.606 ,1.808 ,1,0,0,0,0,0,0,0,0,0,0,0,0,0,0
2025/12/23,-0.012 ,-1.138 ,0.021 ,0,1,0,0,0,0,0,0,0,0,0,0,0,0,0
2025/12/24,-0.018 ,-0.671 ,-0.136 ,0,0,1,0,0,0,0,0,0,0,0,0,0,0,0
2025/12/25,0.006 ,0.386 ,0.127 ,0,0,0,1,0,0,0,0,0,0,0,0,0,0,0
2025/12/26,0.002 ,-1.218 ,0.680 ,0,0,0,0,0,0,0,0,0,0,0,0,0,0,0
2025/12/29,-0.005 ,0.032 ,-0.440 ,1,0,0,0,0,0,0,0,0,0,0,0,0,0,0
2025/12/30,-0.002 ,-0.324 ,-0.371 ,0,1,0,0,0,0,0,0,0,0,0,0,0,0,0
2026/1/5,0.013 ,1.432 ,2.966 ,1,0,0,0,1,0,0,0,0,0,0,0,0,0,0
2026/1/6,0.009 ,0.481 ,1.322 ,0,1,0,0,1,0,0,0,0,0,0,0,0,0,0
2026/1/7,-0.027 ,-2.140 ,-1.059 ,0,0,1,0,1,0,0,0,0,0,0,0,0,0,0
2026/1/8,-0.012 ,-0.490 ,-1.626 ,0,0,0,1,1,0,0,0,0,0,0,0,0,0,0
2026/1/9,0.029 ,3.116 ,1.609 ,0,0,0,0,1,0,0,0,0,0,0,0,0,0,0
2026/1/13,0.075 ,2.004 ,3.098 ,0,1,0,0,1,0,0,0,0,0,0,0,0,0,0
2026/1/14,-0.005 ,1.715 ,1.479 ,0,0,1,0,1,0,0,0,0,0,0,0,0,0,0
2026/1/15,0.025 ,1.226 ,-0.425 ,0,0,0,1,1,0,0,0,0,0,0,0,0,0,0
2026/1/16,-0.012 ,-0.939 ,-0.322 ,0,0,0,0,1,0,0,0,0,0,0,0,0,0,0
2026/1/19,-0.013 ,-0.520 ,-0.654 ,1,0,0,0,1,0,0,0,0,0,0,0,0,0,0
2026/1/20,-0.023 ,-0.307 ,-1.106 ,0,1,0,0,1,0,0,0,0,0,0,0,0,0,0
2026/1/21,0.003 ,-0.894 ,-0.408 ,0,0,1,0,1,0,0,0,0,0,0,0,0,0,0
2026/1/22,0.009 ,1.960 ,1.732 ,0,0,0,1,1,0,0,0,0,0,0,0,0,0,0
2026/1/23,0.011 ,-1.403 ,0.294 ,0,0,0,0,1,0,0,0,0,0,0,0,0,0,0
2026/1/26,-0.041 ,-4.425 ,-1.786 ,1,0,0,0,1,0,0,0,0,0,0,0,0,0,0
2026/1/27,-0.005 ,-0.550 ,0.848 ,0,1,0,0,1,0,0,0,0,0,0,0,0,0,0
2026/1/28,-0.032 ,-2.344 ,0.047 ,0,0,1,0,1,0,0,0,0,0,0,0,0,0,0
2026/1/29,0.030 ,2.167 ,0.032 ,0,0,0,1,1,0,0,0,0,0,0,0,0,0,0
2026/1/30,0.016 ,1.468 ,-0.099 ,0,0,0,0,1,0,0,0,0,0,0,0,0,0,0
2026/2/2,0.009 ,0.418 ,-1.252 ,1,0,0,0,0,1,0,0,0,0,0,0,0,0,0
2026/2/3,0.017 ,1.057 ,3.923 ,0,1,0,0,0,1,0,0,0,0,0,0,0,0,0
2026/2/4,0.036 ,2.186 ,-0.781 ,0,0,1,0,0,1,0,0,0,0,0,0,0,0,0
2026/2/5,-0.005 ,1.674 ,-0.875 ,0,0,0,1,0,1,0,0,0,0,0,0,0,0,0
2026/2/6,0.020 ,3.202 ,0.809 ,0,0,0,0,0,1,0,0,0,0,0,0,0,0,0
2026/2/9,-0.013 ,-3.369 ,3.890 ,1,0,0,0,0,1,0,0,0,0,0,0,0,0,0
2026/2/10,-0.004 ,2.110 ,2.283 ,0,1,0,0,0,1,0,0,0,0,0,0,0,0,0
2026/2/12,-0.002 ,-3.504 ,-0.019 ,0,0,0,1,0,1,0,0,0,0,0,0,0,0,0
2026/2/13,0.019 ,-0.621 ,-1.211 ,0,0,0,0,0,1,0,0,0,0,0,0,0,0,0
2026/2/16,-0.029 ,-2.842 ,-0.238 ,1,0,0,0,0,1,0,0,0,0,0,0,0,0,0
2026/2/17,0.013 ,0.964 ,-0.422 ,0,1,0,0,0,1,0,0,0,0,0,0,0,0,0
2026/2/18,0.005 ,0.764 ,1.021 ,0,0,1,0,0,1,0,0,0,0,0,0,0,0,0
2026/2/19,0.012 ,-0.063 ,0.567 ,0,0,0,1,0,1,0,0,0,0,0,0,0,0,0
2026/2/20,-0.037 ,-2.434 ,-1.117 ,0,0,0,0,0,1,0,0,0,0,0,0,0,0,0
2026/2/25,0.018 ,0.356 ,2.202 ,0,0,1,0,0,1,0,0,0,0,0,0,0,0,0
2026/2/26,0.015 ,0.807 ,0.291 ,0,0,0,1,0,1,0,0,0,0,0,0,0,0,0
2026/2/27,0.013 ,1.505 ,0.165 ,0,0,0,0,0,1,0,0,0,0,0,0,0,0,0
2026/3/2,0.031 ,-1.988 ,-1.348 ,1,0,0,0,0,0,1,0,0,0,0,0,0,0,0
2026/3/3,-0.061 ,-3.992 ,-3.063 ,0,1,0,0,0,0,1,0,0,0,0,0,0,0,0
2026/3/4,-0.049 ,-2.716 ,-3.613 ,0,0,1,0,0,0,1,0,0,0,0,0,0,0,0
2026/3/5,-0.011 ,-1.310 ,1.903 ,0,0,0,1,0,0,1,0,0,0,0,0,0,0,0
2026/3/6,0.010 ,2.131 ,0.620 ,0,0,0,0,0,0,1,0,0,0,0,0,0,0,0
2026/3/9,-0.035 ,-0.547 ,-5.200 ,1,0,0,0,0,0,1,0,0,0,0,0,0,0,0
2026/3/10,0.024 ,0.860 ,2.882 ,0,1,0,0,0,0,1,0,0,0,0,0,0,0,0
2026/3/12,-0.012 ,-1.227 ,-1.040 ,0,0,0,1,0,0,1,0,0,0,0,0,0,0,0
2026/3/13,-0.028 ,-5.557 ,-1.163 ,0,0,0,0,0,0,1,0,0,0,0,0,0,0,0
