Date,Toyota,Honda,Nikkei,Mon,Tue,Wed,Thr,Jan,Feb,Mar,Apr,May,Jun,Jul,Aug,Sep,Oct,Nov
2015/1/5,1112.37,959.19,17408.71,1,0,0,0,1,0,0,0,0,0,0,0,0,0,0
2015/1/6,1081.7,938.263,16883.19,0,1,0,0,1,0,0,0,0,0,0,0,0,0,0
2015/1/7,1097.55,930.657,16885.33,0,0,1,0,1,0,0,0,0,0,0,0,0,0,0
2015/1/8,1119.32,948.587,17167.1,0,0,0,1,1,0,0,0,0,0,0,0,0,0,0
2015/1/9,1127.48,959.453,17197.73,0,0,0,0,1,0,0,0,0,0,0,0,0,0,0
2015/1/13,1114.13,959.19,17087.71,0,1,0,0,1,0,0,0,0,0,0,0,0,0,0
2015/1/14,1095.93,963.937,16795.96,0,0,1,0,1,0,0,0,0,0,0,0,0,0,0
2015/1/15,1115.18,975.753,17108.7,0,0,0,1,1,0,0,0,0,0,0,0,0,0,0
2015/1/16,1113.4,975.077,16864.16,0,0,0,0,1,0,0,0,0,0,0,0,0,0,0
2015/1/19,1106.14,984.583,17014.29,1,0,0,0,1,0,0,0,0,0,0,0,0,0,0
2015/1/20,1134.88,990.563,17366.3,0,1,0,0,1,0,0,0,0,0,0,0,0,0,0
2015/1/21,1124.39,987.977,17280.48,0,0,1,0,1,0,0,0,0,0,0,0,0,0,0
2015/1/22,1123.91,992.333,17329.02,0,0,0,1,1,0,0,0,0,0,0,0,0,0,0
2015/1/23,1138.74,1001.16,17511.75,0,0,0,0,1,0,0,0,0,0,0,0,0,0,0
2015/1/26,1144.69,987.577,17468.52,1,0,0,0,1,0,0,0,0,0,0,0,0,0,0
2015/1/27,1159.49,1006.86,17768.3,0,1,0,0,1,0,0,0,0,0,0,0,0,0,0
2015/1/28,1158.43,991.243,17795.73,0,0,1,0,1,0,0,0,0,0,0,0,0,0,0
2015/1/29,1145.27,980.507,17606.22,0,0,0,1,1,0,0,0,0,0,0,0,0,0,0
2015/1/30,1132.8,972.9,17674.39,0,0,0,0,1,0,0,0,0,0,0,0,0,0,0
2015/2/2,1135.04,1005.1,17558.04,1,0,0,0,0,1,0,0,0,0,0,0,0,0,0
2015/2/3,1118.73,976.297,17335.85,0,1,0,0,0,1,0,0,0,0,0,0,0,0,0
2015/2/4,1145.11,1002.24,17678.74,0,0,1,0,0,1,0,0,0,0,0,0,0,0,0
2015/2/5,1134.16,1015.83,17504.62,0,0,0,1,0,1,0,0,0,0,0,0,0,0,0
2015/2/6,1129.55,1028.05,17648.5,0,0,0,0,0,1,0,0,0,0,0,0,0,0,0
2015/2/9,1140.96,1037.97,17711.93,1,0,0,0,0,1,0,0,0,0,0,0,0,0,0
2015/2/10,1142.88,1044.08,17652.68,0,1,0,0,0,1,0,0,0,0,0,0,0,0,0
2015/2/12,1163.33,1056.72,17979.72,0,0,0,1,0,1,0,0,0,0,0,0,0,0,0
2015/2/13,1156.96,1054.68,17913.36,0,0,0,0,0,1,0,0,0,0,0,0,0,0,0
2015/2/16,1160.1,1069.62,18004.77,1,0,0,0,0,1,0,0,0,0,0,0,0,0,0
2015/2/17,1156.08,1068.27,17987.09,0,1,0,0,0,1,0,0,0,0,0,0,0,0,0
2015/2/18,1179.34,1072.89,18199.17,0,0,1,0,0,1,0,0,0,0,0,0,0,0,0
2015/2/19,1185.11,1075.33,18264.79,0,0,0,1,0,1,0,0,0,0,0,0,0,0,0
2015/2/20,1196.97,1077.1,18332.3,0,0,0,0,0,1,0,0,0,0,0,0,0,0,0
2015/2/23,1204.66,1067.31,18466.92,1,0,0,0,0,1,0,0,0,0,0,0,0,0,0
2015/2/24,1215.21,1065.55,18603.48,0,1,0,0,0,1,0,0,0,0,0,0,0,0,0
2015/2/25,1204.24,1070.98,18585.2,0,0,1,0,0,1,0,0,0,0,0,0,0,0,0
2015/2/26,1204.08,1085.65,18785.79,0,0,0,1,0,1,0,0,0,0,0,0,0,0,0
2015/2/27,1194.76,1073.02,18797.94,0,0,0,0,0,1,0,0,0,0,0,0,0,0,0
2015/3/2,1203.92,1075.06,18826.88,1,0,0,0,0,0,1,0,0,0,0,0,0,0,0
2015/3/3,1205.58,1086.74,18815.16,0,1,0,0,0,0,1,0,0,0,0,0,0,0,0
2015/3/4,1202,1078.72,18703.6,0,0,1,0,0,0,1,0,0,0,0,0,0,0,0
2015/3/5,1194.76,1079.41,18751.84,0,0,0,1,0,0,1,0,0,0,0,0,0,0,0
2015/3/6,1213.57,1105.34,18971,0,0,0,0,0,0,1,0,0,0,0,0,0,0,0
2015/3/9,1214.02,1097.75,18790.55,1,0,0,0,0,0,1,0,0,0,0,0,0,0,0
2015/3/10,1211.81,1109.02,18665.11,0,1,0,0,0,0,1,0,0,0,0,0,0,0,0
2015/3/11,1208.83,1099.38,18723.52,0,0,1,0,0,0,1,0,0,0,0,0,0,0,0
2015/3/12,1223.63,1120.3,18991.11,0,0,0,1,0,0,1,0,0,0,0,0,0,0,0
2015/3/13,1223.49,1123.96,19254.25,0,0,0,0,0,0,1,0,0,0,0,0,0,0,0
2015/3/16,1226.9,1122.87,19246.06,1,0,0,0,0,0,1,0,0,0,0,0,0,0,0
2015/3/17,1235.48,1119.89,19437,0,1,0,0,0,0,1,0,0,0,0,0,0,0,0
2015/3/18,1254,1121.92,19544.48,0,0,1,0,0,0,1,0,0,0,0,0,0,0,0
2015/3/19,1258.19,1110.65,19476.56,0,0,0,1,0,0,1,0,0,0,0,0,0,0,0
2015/3/20,1274.02,1118.39,19560.22,0,0,0,0,0,0,1,0,0,0,0,0,0,0,0
2015/3/23,1295.23,1123.28,19754.36,1,0,0,0,0,0,1,0,0,0,0,0,0,0,0
2015/3/24,1287.51,1112.55,19713.45,0,1,0,0,0,0,1,0,0,0,0,0,0,0,0
2015/3/25,1288.41,1116.62,19746.2,0,0,1,0,0,0,1,0,0,0,0,0,0,0,0
2015/3/26,1275.07,1100.45,19471.12,0,0,0,1,0,0,1,0,0,0,0,0,0,0,0
2015/3/27,1275.22,1082.39,19285.63,0,0,0,0,0,0,1,0,0,0,0,0,0,0,0
2015/3/30,1266.95,1085.39,19411.4,1,0,0,0,0,0,1,0,0,0,0,0,0,0,0
2015/3/31,1260.48,1060.39,19206.99,0,1,0,0,0,0,1,0,0,0,0,0,0,0,0
2015/4/1,1238.36,1052.78,19034.84,0,0,1,0,0,0,0,1,0,0,0,0,0,0,0
2015/4/2,1259.57,1070.58,19312.79,0,0,0,1,0,0,0,1,0,0,0,0,0,0,0
2015/4/3,1266.95,1085.52,19435.08,0,0,0,0,0,0,0,1,0,0,0,0,0,0,0
2015/4/6,1252.94,1096.52,19397.98,1,0,0,0,0,0,0,1,0,0,0,0,0,0,0
2015/4/7,1264.54,1099.38,19640.54,0,1,0,0,0,0,0,1,0,0,0,0,0,0,0
2015/4/8,1258.83,1107.39,19789.81,0,0,1,0,0,0,0,1,0,0,0,0,0,0,0
2015/4/9,1258.08,1115,19937.72,0,0,0,1,0,0,0,1,0,0,0,0,0,0,0
2015/4/10,1251.92,1133.33,19907.63,0,0,0,0,0,0,0,1,0,0,0,0,0,0,0
2015/4/13,1240.17,1104.54,19905.46,1,0,0,0,0,0,0,1,0,0,0,0,0,0,0
2015/4/14,1245.73,1116.62,19908.68,0,1,0,0,0,0,0,1,0,0,0,0,0,0,0
2015/4/15,1243.94,1126.13,19869.76,0,0,1,0,0,0,0,1,0,0,0,0,0,0,0
2015/4/16,1249.36,1145.02,19885.77,0,0,0,1,0,0,0,1,0,0,0,0,0,0,0
2015/4/17,1247.55,1148.69,19652.88,0,0,0,0,0,0,0,1,0,0,0,0,0,0,0
2015/4/20,1242.29,1134.97,19634.49,1,0,0,0,0,0,0,1,0,0,0,0,0,0,0
2015/4/21,1270.11,1152.62,19909.09,0,1,0,0,0,0,0,1,0,0,0,0,0,0,0
2015/4/22,1272.36,1156.02,20133.9,0,0,1,0,0,0,0,1,0,0,0,0,0,0,0
2015/4/23,1274.77,1173.68,20187.65,0,0,0,1,0,0,0,1,0,0,0,0,0,0,0
2015/4/24,1264.99,1180.74,20020.04,0,0,0,0,0,0,0,1,0,0,0,0,0,0,0
2015/4/27,1254,1172.73,19983.32,1,0,0,0,0,0,0,1,0,0,0,0,0,0,0
2015/4/28,1280.33,1176.53,20058.95,0,1,0,0,0,0,0,1,0,0,0,0,0,0,0
2015/4/30,1256.73,1098.01,19520.01,0,0,0,1,0,0,0,1,0,0,0,0,0,0,0
2015/5/1,1250.27,1113.77,19531.63,0,0,0,0,0,0,0,0,1,0,0,0,0,0,0
2015/5/7,1235.08,1110.92,19291.99,0,0,0,1,0,0,0,0,1,0,0,0,0,0,0
2015/5/8,1244.85,1136.59,19379.19,0,0,0,0,0,0,0,0,1,0,0,0,0,0,0
2015/5/11,1238.23,1143.93,19620.91,1,0,0,0,0,0,0,0,1,0,0,0,0,0,0
2015/5/12,1245.59,1133.2,19624.84,0,1,0,0,0,0,0,0,1,0,0,0,0,0,0
2015/5/13,1232.34,1138.63,19764.72,0,0,1,0,0,0,0,0,1,0,0,0,0,0,0
2015/5/14,1229.8,1137.82,19570.24,0,0,0,1,0,0,0,0,1,0,0,0,0,0,0
2015/5/15,1247.39,1135.09,19732.92,0,0,0,0,0,0,0,0,1,0,0,0,0,0,0
2015/5/18,1255.83,1151,19890.27,1,0,0,0,0,0,0,0,1,0,0,0,0,0,0
2015/5/19,1257.64,1135.77,20026.38,0,1,0,0,0,0,0,0,1,0,0,0,0,0,0
2015/5/20,1263.77,1136.59,20196.56,0,0,1,0,0,0,0,0,1,0,0,0,0,0,0
2015/5/21,1266.5,1128.85,20202.87,0,0,0,1,0,0,0,0,1,0,0,0,0,0,0
2015/5/22,1254.92,1120.43,20264.41,0,0,0,0,0,0,0,0,1,0,0,0,0,0,0
2015/5/25,1271.89,1135.77,20413.77,1,0,0,0,0,0,0,0,1,0,0,0,0,0,0
2015/5/26,1270.72,1136.73,20437.48,0,1,0,0,0,0,0,0,1,0,0,0,0,0,0
2015/5/27,1277.48,1143.93,20472.58,0,0,1,0,0,0,0,0,1,0,0,0,0,0,0
2015/5/28,1298.66,1163.08,20551.46,0,0,0,1,0,0,0,0,1,0,0,0,0,0,0
2015/5/29,1293.72,1157.65,20563.15,0,0,0,0,0,0,0,0,1,0,0,0,0,0,0
2015/6/1,1281.1,1157.11,20569.87,1,0,0,0,0,0,0,0,0,1,0,0,0,0,0
2015/6/2,1280.18,1141.21,20543.19,0,1,0,0,0,0,0,0,0,1,0,0,0,0,0
2015/6/3,1280.33,1161.73,20473.51,0,0,1,0,0,0,0,0,0,1,0,0,0,0,0
2015/6/4,1282.13,1157.38,20488.19,0,0,0,1,0,0,0,0,0,1,0,0,0,0,0
2015/6/5,1273.57,1148.69,20460.9,0,0,0,0,0,0,0,0,0,1,0,0,0,0,0
2015/6/8,1256.73,1150.86,20457.19,1,0,0,0,0,0,0,0,0,1,0,0,0,0,0
2015/6/9,1235.24,1126.4,20096.3,0,1,0,0,0,0,0,0,0,1,0,0,0,0,0
2015/6/10,1230.26,1122.74,20046.36,0,0,1,0,0,0,0,0,0,1,0,0,0,0,0
2015/6/11,1251.31,1130.88,20382.97,0,0,0,1,0,0,0,0,0,1,0,0,0,0,0
2015/6/12,1262.14,1114.45,20407.08,0,0,0,0,0,0,0,0,0,1,0,0,0,0,0
2015/6/15,1264.39,1107.12,20387.79,1,0,0,0,0,0,0,0,0,1,0,0,0,0,0
2015/6/16,1262.28,1094.35,20257.94,0,1,0,0,0,0,0,0,0,1,0,0,0,0,0
2015/6/17,1249.65,1091.9,20219.27,0,0,1,0,0,0,0,0,0,1,0,0,0,0,0
2015/6/18,1230.55,1075.88,19990.82,0,0,0,1,0,0,0,0,0,1,0,0,0,0,0
2015/6/19,1238.08,1082.79,20174.24,0,0,0,0,0,0,0,0,0,1,0,0,0,0,0
2015/6/22,1247.55,1106.43,20428.19,1,0,0,0,0,0,0,0,0,1,0,0,0,0,0
2015/6/23,1274.32,1129.26,20809.42,0,1,0,0,0,0,0,0,0,1,0,0,0,0,0
2015/6/24,1270.38,1103.17,20868.03,0,0,1,0,0,0,0,0,0,1,0,0,0,0,0
2015/6/25,1253.71,1103.17,20771.4,0,0,0,1,0,0,0,0,0,1,0,0,0,0,0
2015/6/26,1252.94,1097.06,20706.15,0,0,0,0,0,0,0,0,0,1,0,0,0,0,0
2015/6/29,1225.59,1067.04,20109.95,1,0,0,0,0,0,0,0,0,1,0,0,0,0,0
2015/6/30,1233.42,1076.28,20235.73,0,1,0,0,0,0,0,0,0,1,0,0,0,0,0
2015/7/1,1223.95,1059.84,20329.32,0,0,1,0,0,0,0,0,0,0,1,0,0,0,0
2015/7/2,1225.9,1097.19,20522.5,0,0,0,1,0,0,0,0,0,0,1,0,0,0,0
2015/7/3,1230.26,1097.34,20539.79,0,0,0,0,0,0,0,0,0,0,1,0,0,0,0
2015/7/6,1212.95,1077.23,20112.12,1,0,0,0,0,0,0,0,0,0,1,0,0,0,0
2015/7/7,1220.33,1073.16,20376.59,0,1,0,0,0,0,0,0,0,0,1,0,0,0,0
2015/7/8,1192.51,1041.92,19737.64,0,0,1,0,0,0,0,0,0,0,1,0,0,0,0
2015/7/9,1187.56,1041.1,19855.5,0,0,0,1,0,0,0,0,0,0,1,0,0,0,0
2015/7/10,1191.61,1040.96,19779.83,0,0,0,0,0,0,0,0,0,0,1,0,0,0,0
2015/7/13,1219.88,1052.78,20089.77,1,0,0,0,0,0,0,0,0,0,1,0,0,0,0
2015/7/14,1233.1,1069.22,20385.33,0,1,0,0,0,0,0,0,0,0,1,0,0,0,0
2015/7/15,1243.94,1085.79,20463.33,0,0,1,0,0,0,0,0,0,0,1,0,0,0,0
2015/7/16,1267.84,1078.72,20600.12,0,0,0,1,0,0,0,0,0,0,1,0,0,0,0
2015/7/17,1254.77,1080.76,20650.92,0,0,0,0,0,0,0,0,0,0,1,0,0,0,0
2015/7/21,1259.43,1069.76,20841.97,0,1,0,0,0,0,0,0,0,0,1,0,0,0,0
2015/7/22,1244.7,1063.11,20593.67,0,0,1,0,0,0,0,0,0,0,1,0,0,0,0
2015/7/23,1244.53,1066.22,20683.95,0,0,0,1,0,0,0,0,0,0,1,0,0,0,0
2015/7/24,1244.53,1058.63,20544.53,0,0,0,0,0,0,0,0,0,0,1,0,0,0,0
2015/7/27,1230.39,1058.07,20350.1,1,0,0,0,0,0,0,0,0,0,1,0,0,0,0
2015/7/28,1214.47,1046.25,20328.89,0,1,0,0,0,0,0,0,0,0,1,0,0,0,0
2015/7/29,1219.73,1045.04,20302.91,0,0,1,0,0,0,0,0,0,0,1,0,0,0,0
2015/7/30,1227.39,1064.86,20522.83,0,0,0,1,0,0,0,0,0,0,1,0,0,0,0
2015/7/31,1240.93,1081.17,20585.24,0,0,0,0,0,0,0,0,0,0,1,0,0,0,0
2015/8/3,1232.97,1175.99,20548.11,1,0,0,0,0,0,0,0,0,0,0,1,0,0,0
2015/8/4,1221.09,1174.22,20520.36,0,1,0,0,0,0,0,0,0,0,0,1,0,0,0
2015/8/5,1192.35,1183.73,20614.06,0,0,1,0,0,0,0,0,0,0,0,1,0,0,0
2015/8/6,1207.85,1218.78,20664.44,0,0,0,1,0,0,0,0,0,0,0,1,0,0,0
2015/8/7,1220.64,1200.98,20724.56,0,0,0,0,0,0,0,0,0,0,0,1,0,0,0
2015/8/10,1224.53,1193.37,20808.69,1,0,0,0,0,0,0,0,0,0,0,1,0,0,0
2015/8/11,1221.24,1193.92,20720.75,0,1,0,0,0,0,0,0,0,0,0,1,0,0,0
2015/8/12,1200.94,1167.7,20392.77,0,0,1,0,0,0,0,0,0,0,0,1,0,0,0
2015/8/13,1194.02,1170.42,20595.55,0,0,0,1,0,0,0,0,0,0,0,1,0,0,0
2015/8/14,1194.61,1140.94,20519.45,0,0,0,0,0,0,0,0,0,0,0,1,0,0,0
2015/8/17,1192.68,1143.79,20620.26,1,0,0,0,0,0,0,0,0,0,0,1,0,0,0
2015/8/18,1197.92,1147.19,20554.47,0,1,0,0,0,0,0,0,0,0,0,1,0,0,0
2015/8/19,1187.38,1133.33,20222.63,0,0,1,0,0,0,0,0,0,0,0,1,0,0,0
2015/8/20,1162.58,1105.75,20033.52,0,0,0,1,0,0,0,0,0,0,0,1,0,0,0
2015/8/21,1127.71,1076.55,19435.83,0,0,0,0,0,0,0,0,0,0,0,1,0,0,0
2015/8/24,1051.63,1006.32,18540.68,1,0,0,0,0,0,0,0,0,0,0,1,0,0,0
2015/8/25,1011.18,964.477,17806.7,0,1,0,0,0,0,0,0,0,0,0,1,0,0,0
2015/8/26,1040.49,997.49,18376.83,0,0,1,0,0,0,0,0,0,0,0,1,0,0,0
2015/8/27,1056.45,1000.34,18574.44,0,0,0,1,0,0,0,0,0,0,0,1,0,0,0
2015/8/28,1104.54,1048.43,19136.32,0,0,0,0,0,0,0,0,0,0,0,1,0,0,0
2015/8/31,1081.39,1038.92,18890.48,1,0,0,0,0,0,0,0,0,0,0,1,0,0,0
2015/9/1,1052.54,999.663,18165.69,0,1,0,0,0,0,0,0,0,0,0,0,1,0,0
2015/9/2,1054.78,993.96,18095.4,0,0,1,0,0,0,0,0,0,0,0,0,1,0,0
2015/9/3,1080.33,998.71,18182.39,0,0,0,1,0,0,0,0,0,0,0,0,1,0,0
2015/9/4,1053.12,979.69,17792.16,0,0,0,0,0,0,0,0,0,0,0,0,1,0,0
2015/9/7,1065.92,991.373,17860.47,1,0,0,0,0,0,0,0,0,0,0,0,1,0,0
2015/9/8,1060.07,983.093,17427.08,0,1,0,0,0,0,0,0,0,0,0,0,1,0,0
2015/9/9,1126.36,1047.89,18770.51,0,0,1,0,0,0,0,0,0,0,0,0,1,0,0
2015/9/10,1078.84,1016.78,18299.62,0,0,0,1,0,0,0,0,0,0,0,0,1,0,0
2015/9/11,1063.36,1010.54,18264.22,0,0,0,0,0,0,0,0,0,0,0,0,1,0,0
2015/9/14,1053.57,993.007,17965.7,1,0,0,0,0,0,0,0,0,0,0,0,1,0,0
2015/9/15,1076.76,1005.65,18026.48,0,1,0,0,0,0,0,0,0,0,0,0,1,0,0
2015/9/16,1097.18,1040.55,18171.6,0,0,1,0,0,0,0,0,0,0,0,0,1,0,0
2015/9/17,1103.34,1046.94,18432.27,0,0,0,1,0,0,0,0,0,0,0,0,1,0,0
2015/9/18,1087.71,1032.13,18070.21,0,0,0,0,0,0,0,0,0,0,0,0,1,0,0
2015/9/24,1067.55,1001.71,17571.83,0,0,0,1,0,0,0,0,0,0,0,0,1,0,0
2015/9/25,1081.86,1006.6,17880.51,0,0,0,0,0,0,0,0,0,0,0,0,1,0,0
2015/9/28,1074.83,983.5,17645.11,1,0,0,0,0,0,0,0,0,0,0,0,1,0,0
2015/9/29,1024.53,944.647,16930.84,0,1,0,0,0,0,0,0,0,0,0,0,1,0,0
2015/9/30,1062.92,961.493,17388.15,0,0,1,0,0,0,0,0,0,0,0,0,1,0,0
2015/10/1,1090.38,979.427,17722.42,0,0,0,1,0,0,0,0,0,0,0,0,0,1,0
2015/10/2,1106.56,989.21,17725.13,0,0,0,0,0,0,0,0,0,0,0,0,0,1,0
2015/10/5,1104.87,988.663,18005.49,1,0,0,0,0,0,0,0,0,0,0,0,0,1,0
2015/10/6,1100.61,998.99,18186.1,0,1,0,0,0,0,0,0,0,0,0,0,0,1,0
2015/10/7,1120.88,1049.25,18322.98,0,0,1,0,0,0,0,0,0,0,0,0,0,1,0
2015/10/8,1120.59,1045.72,18141.17,0,0,0,1,0,0,0,0,0,0,0,0,0,1,0
2015/10/9,1143.6,1088.09,18438.67,0,0,0,0,0,0,0,0,0,0,0,0,0,1,0
2015/10/13,1115.56,1058.21,18234.74,0,1,0,0,0,0,0,0,0,0,0,0,0,1,0
2015/10/14,1096.03,1032.4,17891,0,0,1,0,0,0,0,0,0,0,0,0,0,1,0
2015/10/15,1105.63,1039.47,18096.9,0,0,0,1,0,0,0,0,0,0,0,0,0,1,0
2015/10/16,1128.34,1049.52,18291.8,0,0,0,0,0,0,0,0,0,0,0,0,0,1,0
2015/10/19,1121.65,1036.2,18131.23,1,0,0,0,0,0,0,0,0,0,0,0,0,1,0
2015/10/20,1116.17,1037.84,18207.15,0,1,0,0,0,0,0,0,0,0,0,0,0,1,0
2015/10/21,1138.57,1074.23,18554.28,0,0,1,0,0,0,0,0,0,0,0,0,0,1,0
2015/10/22,1132.64,1061.21,18435.87,0,0,0,1,0,0,0,0,0,0,0,0,0,1,0
2015/10/23,1146.95,1103.86,18825.3,0,0,0,0,0,0,0,0,0,0,0,0,0,1,0
2015/10/26,1152.76,1110.37,18947.12,1,0,0,0,0,0,0,0,0,0,0,0,0,1,0
2015/10/27,1146.95,1097.6,18777.04,0,1,0,0,0,0,0,0,0,0,0,0,0,1,0
2015/10/28,1151.22,1100.6,18903.02,0,0,1,0,0,0,0,0,0,0,0,0,0,1,0
2015/10/29,1137.05,1080.21,18935.71,0,0,0,1,0,0,0,0,0,0,0,0,0,1,0
2015/10/30,1138.87,1098.69,19083.1,0,0,0,0,0,0,0,0,0,0,0,0,0,1,0
2015/11/2,1126.38,1073.7,18683.24,1,0,0,0,0,0,0,0,0,0,0,0,0,0,1
2015/11/4,1136.89,1094.35,18926.91,0,0,1,0,0,0,0,0,0,0,0,0,0,0,1
2015/11/5,1142.83,1074.79,19116.41,0,0,0,1,0,0,0,0,0,0,0,0,0,0,1
2015/11/6,1143.9,1083.48,19265.6,0,0,0,0,0,0,0,0,0,0,0,0,0,0,1
2015/11/9,1162.66,1103.86,19642.74,1,0,0,0,0,0,0,0,0,0,0,0,0,0,1
2015/11/10,1163.27,1098.96,19671.26,0,1,0,0,0,0,0,0,0,0,0,0,0,0,1
2015/11/11,1158.56,1094.35,19691.39,0,0,1,0,0,0,0,0,0,0,0,0,0,0,1
2015/11/12,1157.02,1093.25,19697.77,0,0,0,1,0,0,0,0,0,0,0,0,0,0,1
2015/11/13,1147.41,1086.47,19596.91,0,0,0,0,0,0,0,0,0,0,0,0,0,0,1
2015/11/16,1130.03,1073.7,19393.69,1,0,0,0,0,0,0,0,0,0,0,0,0,0,1
2015/11/17,1150.48,1081.04,19630.63,0,1,0,0,0,0,0,0,0,0,0,0,0,0,1
2015/11/18,1158.71,1087.83,19649.18,0,0,1,0,0,0,0,0,0,0,0,0,0,0,1
2015/11/19,1161.9,1106.3,19859.81,0,0,0,1,0,0,0,0,0,0,0,0,0,0,1
2015/11/20,1156.26,1096.52,19879.81,0,0,0,0,0,0,0,0,0,0,0,0,0,0,1
2015/11/24,1164.34,1100.33,19924.89,0,1,0,0,0,0,0,0,0,0,0,0,0,0,1
2015/11/25,1158.85,1088.91,19847.58,0,0,1,0,0,0,0,0,0,0,0,0,0,0,1
2015/11/26,1172.11,1104.67,19944.41,0,0,0,1,0,0,0,0,0,0,0,0,0,0,1
2015/11/27,1169.52,1090.28,19883.94,0,0,0,0,0,0,0,0,0,0,0,0,0,0,1
2015/11/30,1167.55,1087.28,19747.47,1,0,0,0,0,0,0,0,0,0,0,0,0,0,1
2015/12/1,1183.55,1115,20012.4,0,1,0,0,0,0,0,0,0,0,0,0,0,0,0
2015/12/2,1192.39,1111.18,19938.13,0,0,1,0,0,0,0,0,0,0,0,0,0,0,0
2015/12/3,1193.47,1110.92,19939.9,0,0,0,1,0,0,0,0,0,0,0,0,0,0,0
2015/12/4,1172.88,1084.02,19504.48,0,0,0,0,0,0,0,0,0,0,0,0,0,0,0
2015/12/7,1174.72,1097.88,19698.15,1,0,0,0,0,0,0,0,0,0,0,0,0,0,0
2015/12/8,1158.98,1086.47,19492.6,0,1,0,0,0,0,0,0,0,0,0,0,0,0,0
2015/12/9,1167.07,1081.31,19301.07,0,0,1,0,0,0,0,0,0,0,0,0,0,0,0
2015/12/10,1158.98,1056.57,19046.55,0,0,0,1,0,0,0,0,0,0,0,0,0,0,0
2015/12/11,1171.83,1063.37,19230.48,0,0,0,0,0,0,0,0,0,0,0,0,0,0,0
2015/12/14,1137.96,1045.44,18883.42,1,0,0,0,0,0,0,0,0,0,0,0,0,0,0
2015/12/15,1116.78,1025.88,18565.9,0,1,0,0,0,0,0,0,0,0,0,0,0,0,0
2015/12/16,1160.68,1071.79,19049.91,0,0,1,0,0,0,0,0,0,0,0,0,0,0,0
2015/12/17,1174.57,1084.85,19353.56,0,0,0,1,0,0,0,0,0,0,0,0,0,0,0
2015/12/18,1167.69,1064.74,18986.8,0,0,0,0,0,0,0,0,0,0,0,0,0,0,0
2015/12/21,1155.65,1057.67,18916.02,1,0,0,0,0,0,0,0,0,0,0,0,0,0,0
2015/12/22,1164.18,1054.14,18886.7,0,1,0,0,0,0,0,0,0,0,0,0,0,0,0
2015/12/24,1149.7,1055.49,18789.69,0,0,0,1,0,0,0,0,0,0,0,0,0,0,0
2015/12/25,1141,1048.16,18769.06,0,0,0,0,0,0,0,0,0,0,0,0,0,0,0
2015/12/28,1141.16,1058.81,18873.35,1,0,0,0,0,0,0,0,0,0,0,0,0,0,0
2015/12/29,1136.58,1061.27,18982.23,0,1,0,0,0,0,0,0,0,0,0,0,0,0,0
2015/12/30,1141.78,1068.38,19033.71,0,0,1,0,0,0,0,0,0,0,0,0,0,0,0
2016/1/4,1118.74,1019.47,18450.98,1,0,0,0,1,0,0,0,0,0,0,0,0,0,0
2016/1/5,1101.82,1000.07,18374,0,1,0,0,1,0,0,0,0,0,0,0,0,0,0
2016/1/6,1080.03,993.513,18191.32,0,0,1,0,1,0,0,0,0,0,0,0,0,0,0
2016/1/7,1051.81,962.91,17767.34,0,0,0,1,1,0,0,0,0,0,0,0,0,0,0
2016/1/8,1046.62,956.897,17697.96,0,0,0,0,1,0,0,0,0,0,0,0,0,0,0
2016/1/12,1030,957.17,17218.96,0,1,0,0,1,0,0,0,0,0,0,0,0,0,0
2016/1/13,1060.19,985.31,17715.63,0,0,1,0,1,0,0,0,0,0,0,0,0,0,0
2016/1/14,1036.41,956.35,17240.95,0,0,0,1,1,0,0,0,0,0,0,0,0,0,0
2016/1/15,1030.61,954.437,17147.11,0,0,0,0,1,0,0,0,0,0,0,0,0,0,0
2016/1/18,1028.03,931.76,16955.57,1,0,0,0,1,0,0,0,0,0,0,0,0,0,0
2016/1/19,1037.49,940.233,17048.37,0,1,0,0,1,0,0,0,0,0,0,0,0,0,0
2016/1/20,1002.4,905.803,16416.19,0,0,1,0,1,0,0,0,0,0,0,0,0,0,0
2016/1/21,974.659,863.993,16017.26,0,0,0,1,1,0,0,0,0,0,0,0,0,0,0
2016/1/22,1040.22,915.637,16958.53,0,0,0,0,1,0,0,0,0,0,0,0,0,0,0
2016/1/25,1040.53,914.817,17110.91,1,0,0,0,1,0,0,0,0,0,0,0,0,0,0
2016/1/26,1010.79,885.587,16708.9,0,1,0,0,1,0,0,0,0,0,0,0,0,0,0
2016/1/27,1049.23,906.073,17163.92,0,0,1,0,1,0,0,0,0,0,0,0,0,0,0
2016/1/28,1049.51,888.583,17041.45,0,0,0,1,1,0,0,0,0,0,0,0,0,0,0
2016/1/29,1097.84,912.903,17518.3,0,0,0,0,1,0,0,0,0,0,0,0,0,0,0
2016/2/1,1119.07,924.923,17865.23,1,0,0,0,0,1,0,0,0,0,0,0,0,0,0
2016/2/2,1113.72,926.017,17750.68,0,1,0,0,0,1,0,0,0,0,0,0,0,0,0
2016/2/3,1052.11,871.37,17191.25,0,0,1,0,0,1,0,0,0,0,0,0,0,0,0
2016/2/4,1029.55,869.463,17044.99,0,0,0,1,0,1,0,0,0,0,0,0,0,0,0
2016/2/5,1010.17,851.963,16819.59,0,0,0,0,0,1,0,0,0,0,0,0,0,0,0
2016/2/8,999.498,854.98,17004.3,1,0,0,0,0,1,0,0,0,0,0,0,0,0,0
2016/2/9,938.36,797.33,16085.44,0,1,0,0,0,1,0,0,0,0,0,0,0,0,0
2016/2/10,934.238,791.313,15713.39,0,0,1,0,0,1,0,0,0,0,0,0,0,0,0
2016/2/12,870.662,747.727,14952.61,0,0,0,0,0,1,0,0,0,0,0,0,0,0,0
2016/2/15,953.918,807.563,16022.58,1,0,0,0,0,1,0,0,0,0,0,0,0,0,0
2016/2/16,953.009,805.797,16054.43,0,1,0,0,0,1,0,0,0,0,0,0,0,0,0
2016/2/17,926.473,808.257,15836.36,0,0,1,0,0,1,0,0,0,0,0,0,0,0,0
2016/2/18,942.325,828.747,16196.8,0,0,0,1,0,1,0,0,0,0,0,0,0,0,0
2016/2/19,914.729,806.34,15967.17,0,0,0,0,0,1,0,0,0,0,0,0,0,0,0
2016/2/22,911.832,799.233,16111.05,1,0,0,0,0,1,0,0,0,0,0,0,0,0,0
2016/2/23,913.964,794.173,16052.05,0,1,0,0,0,1,0,0,0,0,0,0,0,0,0
2016/2/24,910.922,778.197,15915.79,0,0,1,0,0,1,0,0,0,0,0,0,0,0,0
2016/2/25,904.362,783.657,16140.34,0,0,0,1,0,1,0,0,0,0,0,0,0,0,0
2016/2/26,901.162,791.447,16188.41,0,0,0,0,0,1,0,0,0,0,0,0,0,0,0
2016/2/29,899.174,788.853,16026.76,1,0,0,0,0,1,0,0,0,0,0,0,0,0,0
2016/3/1,898.572,793.36,16085.51,0,1,0,0,0,0,1,0,0,0,0,0,0,0,0
2016/3/2,929.68,843.227,16746.55,0,0,1,0,0,0,1,0,0,0,0,0,0,0,0
2016/3/3,942.027,867.817,16960.16,0,0,0,1,0,0,1,0,0,0,0,0,0,0,0
2016/3/4,949.807,871.103,17014.78,0,0,0,0,0,0,1,0,0,0,0,0,0,0,0
2016/3/7,930.131,866.18,16911.32,1,0,0,0,0,0,1,0,0,0,0,0,0,0,0
2016/3/8,913.354,857.993,16783.15,0,1,0,0,0,0,1,0,0,0,0,0,0,0,0
2016/3/9,911.214,849.79,16642.2,0,0,1,0,0,0,1,0,0,0,0,0,0,0,0
2016/3/10,938.36,863.443,16852.35,0,0,0,1,0,0,1,0,0,0,0,0,0,0,0
2016/3/11,936.234,860.717,16938.87,0,0,0,0,0,0,1,0,0,0,0,0,0,0,0
2016/3/14,945.375,864.817,17233.75,1,0,0,0,0,0,1,0,0,0,0,0,0,0,0
2016/3/15,928.141,859.077,17117.07,0,1,0,0,0,0,1,0,0,0,0,0,0,0,0
2016/3/16,921.598,840.217,16974.45,0,0,1,0,0,0,1,0,0,0,0,0,0,0,0
2016/3/17,918.699,844.053,16936.38,0,0,0,1,0,0,1,0,0,0,0,0,0,0,0
2016/3/18,897.801,835.573,16724.81,0,0,0,0,0,0,1,0,0,0,0,0,0,0,0
2016/3/22,929.827,845.967,17048.55,0,1,0,0,0,0,1,0,0,0,0,0,0,0,0
2016/3/23,931.034,835.293,17000.98,0,0,1,0,0,0,1,0,0,0,0,0,0,0,0
2016/3/24,916.559,821.907,16892.33,0,0,0,1,0,0,1,0,0,0,0,0,0,0,0
2016/3/25,942.325,845.14,17002.75,0,0,0,0,0,0,1,0,0,0,0,0,0,0,0
2016/3/28,948.881,849.79,17134.37,1,0,0,0,0,0,1,0,0,0,0,0,0,0,0
2016/3/29,955.25,854.46,17103.53,0,1,0,0,0,0,1,0,0,0,0,0,0,0,0
2016/3/30,931.347,823.503,16878.96,0,0,1,0,0,0,1,0,0,0,0,0,0,0,0
2016/3/31,923.902,849.24,16758.67,0,0,0,1,0,0,1,0,0,0,0,0,0,0,0
2016/4/1,895.803,809.61,16164.16,0,0,0,0,0,0,0,1,0,0,0,0,0,0,0
2016/4/4,873.139,800.667,16123.27,1,0,0,0,0,0,0,1,0,0,0,0,0,0,0
2016/4/5,844.263,781.403,15732.82,0,1,0,0,0,0,0,1,0,0,0,0,0,0,0
2016/4/6,847.061,789.377,15715.36,0,0,1,0,0,0,0,1,0,0,0,0,0,0,0
2016/4/7,841.941,784.84,15749.84,0,0,0,1,0,0,0,1,0,0,0,0,0,0,0
2016/4/8,848.608,793.24,15821.52,0,0,0,0,0,0,0,1,0,0,0,0,0,0,0
2016/4/11,819.279,776.723,15751.13,1,0,0,0,0,0,0,1,0,0,0,0,0,0,0
2016/4/12,851.405,806.173,15928.79,0,1,0,0,0,0,0,1,0,0,0,0,0,0,0
2016/4/13,872.825,827.773,16381.22,0,0,1,0,0,0,0,1,0,0,0,0,0,0,0
2016/4/14,901.234,843.73,16911.05,0,0,0,1,0,0,0,1,0,0,0,0,0,0,0
2016/4/15,890.985,835.207,16848.03,0,0,0,0,0,0,0,1,0,0,0,0,0,0,0
2016/4/18,848.608,810.84,16275.95,1,0,0,0,0,0,0,1,0,0,0,0,0,0,0
2016/4/19,881.672,847.033,16874.44,0,1,0,0,0,0,0,1,0,0,0,0,0,0,0
2016/4/20,875.929,839.333,16906.54,0,0,1,0,0,0,0,1,0,0,0,0,0,0,0
2016/4/21,904.031,857.22,17363.62,0,0,0,1,0,0,0,1,0,0,0,0,0,0,0
2016/4/22,918.772,869.603,17572.49,0,0,0,0,0,0,0,1,0,0,0,0,0,0,0
2016/4/25,930.102,877.023,17439.3,1,0,0,0,0,0,0,1,0,0,0,0,0,0,0
2016/4/26,923.423,870.967,17353.28,0,1,0,0,0,0,0,1,0,0,0,0,0,0,0
2016/4/27,907.284,859.42,17290.49,0,0,1,0,0,0,0,1,0,0,0,0,0,0,0
2016/4/28,877.64,823.503,16666.05,0,0,0,1,0,0,0,1,0,0,0,0,0,0,0
2016/5/2,844.732,790.76,16147.38,1,0,0,0,0,0,0,0,1,0,0,0,0,0,0
2016/5/6,850.318,812.083,16106.72,0,0,0,0,0,0,0,0,1,0,0,0,0,0,0
2016/5/9,862.112,824.743,16216.03,1,0,0,0,0,0,0,0,1,0,0,0,0,0,0
2016/5/10,881.204,837.953,16565.19,0,1,0,0,0,0,0,0,1,0,0,0,0,0,0
2016/5/11,874.53,836.577,16579.01,0,0,1,0,0,0,0,0,1,0,0,0,0,0,0
2016/5/12,861.963,831.63,16646.34,0,0,0,1,0,0,0,0,1,0,0,0,0,0,0
2016/5/13,846.591,813.597,16412.21,0,0,0,0,0,0,0,0,1,0,0,0,0,0,0
2016/5/16,848.608,810.43,16466.4,1,0,0,0,0,0,0,0,1,0,0,0,0,0,0
2016/5/17,858.853,818.69,16652.8,0,1,0,0,0,0,0,0,1,0,0,0,0,0,0
2016/5/18,859.479,808.503,16644.69,0,0,1,0,0,0,0,0,1,0,0,0,0,0,0
2016/5/19,852.803,811.677,16646.66,0,0,0,1,0,0,0,0,1,0,0,0,0,0,0
2016/5/20,863.355,811.26,16736.35,0,0,0,0,0,0,0,0,1,0,0,0,0,0,0
2016/5/23,854.665,812.907,16654.6,1,0,0,0,0,0,0,0,1,0,0,0,0,0,0
2016/5/24,842.707,803.96,16498.76,0,1,0,0,0,0,0,0,1,0,0,0,0,0,0
2016/5/25,862.267,823.233,16757.35,0,0,1,0,0,0,0,0,1,0,0,0,0,0,0
2016/5/26,868.63,838.233,16772.46,0,0,0,1,0,0,0,0,1,0,0,0,0,0,0
2016/5/27,867.551,832.993,16834.84,0,0,0,0,0,0,0,0,1,0,0,0,0,0,0
2016/5/30,881.829,859.14,17068.02,1,0,0,0,0,0,0,0,1,0,0,0,0,0,0
2016/5/31,897.659,867.12,17234.98,0,1,0,0,0,0,0,0,1,0,0,0,0,0,0
2016/6/1,893.32,847.31,16955.73,0,0,1,0,0,0,0,0,0,1,0,0,0,0,0
2016/6/2,879.968,812.083,16562.55,0,0,0,1,0,0,0,0,0,1,0,0,0,0,0
2016/6/3,880.899,815.247,16642.23,0,0,0,0,0,0,0,0,0,1,0,0,0,0,0
2016/6/6,879.657,799.98,16580.03,1,0,0,0,0,0,0,0,0,1,0,0,0,0,0
2016/6/7,877.64,804.933,16675.45,0,1,0,0,0,0,0,0,0,1,0,0,0,0,0
2016/6/8,881.829,810.16,16830.92,0,0,1,0,0,0,0,0,0,1,0,0,0,0,0
2016/6/9,869.724,796.127,16668.41,0,0,0,1,0,0,0,0,0,1,0,0,0,0,0
2016/6/10,873.452,795.433,16601.36,0,0,0,0,0,0,0,0,0,1,0,0,0,0,0
2016/6/13,842.559,763.927,16019.18,1,0,0,0,0,0,0,0,0,1,0,0,0,0,0
2016/6/14,837.119,753.327,15859,0,1,0,0,0,0,0,0,0,1,0,0,0,0,0
2016/6/15,,,15919.58,0,0,1,0,0,0,0,0,0,1,0,0,0,0,0
2016/6/16,819.74,742.32,15434.14,0,0,0,1,0,0,0,0,0,1,0,0,0,0,0
2016/6/17,841.474,745.9,15599.66,0,0,0,0,0,0,0,0,0,1,0,0,0,0,0
2016/6/20,864.292,756.083,15965.3,1,0,0,0,0,0,0,0,0,1,0,0,0,0,0
2016/6/21,874.999,760.627,16169.11,0,1,0,0,0,0,0,0,0,1,0,0,0,0,0
2016/6/22,870.341,742.32,16065.72,0,0,1,0,0,0,0,0,0,1,0,0,0,0,0
2016/6/23,890.52,761.03,16238.35,0,0,0,1,0,0,0,0,0,1,0,0,0,0,0
2016/6/24,813.378,697.74,14952.02,0,0,0,0,0,0,0,0,0,1,0,0,0,0,0
2016/6/27,799.563,701.457,15309.21,1,0,0,0,0,0,0,0,0,1,0,0,0,0,0
2016/6/28,772.238,700.487,15323.14,0,1,0,0,0,0,0,0,0,1,0,0,0,0,0
2016/6/29,794.591,712.557,15566.83,0,0,1,0,0,0,0,0,0,1,0,0,0,0,0
2016/6/30,784.198,714.093,15575.92,0,0,0,1,0,0,0,0,0,1,0,0,0,0,0
2016/7/1,792.731,712.557,15682.48,0,0,0,0,0,0,0,0,0,0,1,0,0,0,0
2016/7/4,795.833,725.05,15775.8,1,0,0,0,0,0,0,0,0,0,1,0,0,0,0
2016/7/5,799.875,717.007,15669.33,0,1,0,0,0,0,0,0,0,0,1,0,0,0,0
2016/7/6,786.057,684.387,15378.99,0,0,1,0,0,0,0,0,0,0,1,0,0,0,0
2016/7/7,787.457,683.55,15276.24,0,0,0,1,0,0,0,0,0,0,1,0,0,0,0
2016/7/8,784.657,687.443,15106.98,0,0,0,0,0,0,0,0,0,0,1,0,0,0,0
2016/7/11,822.842,715.203,15708.82,1,0,0,0,0,0,0,0,0,0,1,0,0,0,0
2016/7/12,844.888,734.487,16095.65,0,1,0,0,0,0,0,0,0,0,1,0,0,0,0
2016/7/13,873.609,760.167,16231.43,0,0,1,0,0,0,0,0,0,0,1,0,0,0,0
2016/7/14,876.708,749.623,16385.89,0,0,0,1,0,0,0,0,0,0,1,0,0,0,0
2016/7/15,893.931,777.243,16497.85,0,0,0,0,0,0,0,0,0,0,1,0,0,0,0
2016/7/19,897.82,784.037,16723.31,0,1,0,0,0,0,0,0,0,0,1,0,0,0,0
2016/7/20,896.423,776.54,16681.89,0,0,1,0,0,0,0,0,0,0,1,0,0,0,0
2016/7/21,911.942,811.52,16810.22,0,0,0,1,0,0,0,0,0,0,1,0,0,0,0
2016/7/22,906.2,791.95,16627.25,0,0,0,0,0,0,0,0,0,0,1,0,0,0,0
2016/7/25,907.445,792.497,16620.29,1,0,0,0,0,0,0,0,0,0,1,0,0,0,0
2016/7/26,884.626,777.517,16383.04,0,1,0,0,0,0,0,0,0,0,1,0,0,0,0
2016/7/27,910.556,794.727,16664.82,0,0,1,0,0,0,0,0,0,0,1,0,0,0,0
2016/7/28,909.453,787.923,16476.84,0,0,0,1,0,0,0,0,0,0,1,0,0,0,0
2016/7/29,914.893,788.753,16569.27,0,0,0,0,0,0,0,0,0,0,1,0,0,0,0
2016/8/1,899.836,788.9,16635.77,1,0,0,0,0,0,0,0,0,0,0,1,0,0,0
2016/8/2,884.157,765.997,16391.45,0,1,0,0,0,0,0,0,0,0,0,1,0,0,0
2016/8/3,867.551,795.283,16083.11,0,0,1,0,0,0,0,0,0,0,0,1,0,0,0
2016/8/4,883.384,811.797,16254.89,0,0,0,1,0,0,0,0,0,0,0,1,0,0,0
2016/8/5,909.605,806.107,16254.45,0,0,0,0,0,0,0,0,0,0,0,1,0,0,0
2016/8/8,939.872,833.307,16650.57,1,0,0,0,0,0,0,0,0,0,0,1,0,0,0
2016/8/9,933.061,830.537,16764.97,0,1,0,0,0,0,0,0,0,0,0,1,0,0,0
2016/8/10,922.657,822.077,16735.12,0,0,1,0,0,0,0,0,0,0,0,1,0,0,0
2016/8/12,931.347,820.267,16919.92,0,0,0,0,0,0,0,0,0,0,0,1,0,0,0
2016/8/15,923.58,818.453,16869.56,1,0,0,0,0,0,0,0,0,0,0,1,0,0,0
2016/8/16,911.942,813.043,16596.51,0,1,0,0,0,0,0,0,0,0,0,1,0,0,0
2016/8/17,932.267,840.53,16745.64,0,0,1,0,0,0,0,0,0,0,0,1,0,0,0
2016/8/18,915.822,829.29,16486.01,0,0,0,1,0,0,0,0,0,0,0,1,0,0,0
2016/8/19,935.385,858.573,16545.82,0,0,0,0,0,0,0,0,0,0,0,1,0,0,0
2016/8/22,946.858,869.123,16598.19,1,0,0,0,0,0,0,0,0,0,0,1,0,0,0
2016/8/23,930.887,851.077,16497.36,0,1,0,0,0,0,0,0,0,0,0,1,0,0,0
2016/8/24,949.978,857.46,16597.3,0,0,1,0,0,0,0,0,0,0,0,1,0,0,0
2016/8/25,949.353,858.02,16555.95,0,0,0,1,0,0,0,0,0,0,0,1,0,0,0
2016/8/26,917.534,839.42,16360.71,0,0,0,0,0,0,0,0,0,0,0,1,0,0,0
2016/8/29,954.153,870.51,16737.49,1,0,0,0,0,0,0,0,0,0,0,1,0,0,0
2016/8/30,960.221,876.063,16725.36,0,1,0,0,0,0,0,0,0,0,0,1,0,0,0
2016/8/31,968.305,879.943,16887.4,0,0,1,0,0,0,0,0,0,0,0,1,0,0,0
2016/9/1,975.419,889.383,16926.84,0,0,0,1,0,0,0,0,0,0,0,0,1,0,0
2016/9/2,972.649,884.107,16925.68,0,0,0,0,0,0,0,0,0,0,0,0,1,0,0
2016/9/5,972.312,881.893,17037.63,1,0,0,0,0,0,0,0,0,0,0,0,1,0,0
2016/9/6,967.814,882.443,17081.98,0,1,0,0,0,0,0,0,0,0,0,0,1,0,0
2016/9/7,959.909,879.663,17012.44,0,0,1,0,0,0,0,0,0,0,0,0,1,0,0
2016/9/8,960.836,879.107,16958.77,0,0,0,1,0,0,0,0,0,0,0,0,1,0,0
2016/9/9,957.887,870.51,16965.76,0,0,0,0,0,0,0,0,0,0,0,0,1,0,0
2016/9/12,945.781,857.74,16672.92,1,0,0,0,0,0,0,0,0,0,0,0,1,0,0
2016/9/13,948.256,863.577,16729.04,0,1,0,0,0,0,0,0,0,0,0,0,1,0,0
2016/9/14,939.106,852.473,16614.24,0,0,1,0,0,0,0,0,0,0,0,0,1,0,0
2016/9/15,926.685,827.76,16405.01,0,0,0,1,0,0,0,0,0,0,0,0,1,0,0
2016/9/16,910.556,828.173,16519.29,0,0,0,0,0,0,0,0,0,0,0,0,1,0,0
2016/9/20,923.902,821.92,16492.15,0,1,0,0,0,0,0,0,0,0,0,0,1,0,0
2016/9/21,953.7,854.963,16807.62,0,0,1,0,0,0,0,0,0,0,0,0,1,0,0
2016/9/23,923.58,834.7,16754.02,0,0,0,0,0,0,0,0,0,0,0,0,1,0,0
2016/9/26,918.463,816.797,16544.56,1,0,0,0,0,0,0,0,0,0,0,0,1,0,0
2016/9/27,933.519,824.99,16683.93,0,1,0,0,0,0,0,0,0,0,0,0,1,0,0
2016/9/28,926.896,816.033,16465.4,0,0,1,0,0,0,0,0,0,0,0,0,1,0,0
2016/9/29,930.987,826.387,16693.71,0,0,0,1,0,0,0,0,0,0,0,0,1,0,0
2016/9/30,912.217,807.5,16449.84,0,0,0,0,0,0,0,0,0,0,0,0,1,0,0
2016/10/3,914.1,819.533,16598.67,1,0,0,0,0,0,0,0,0,0,0,0,0,1,0
2016/10/4,931.153,835.193,16735.65,0,1,0,0,0,0,0,0,0,0,0,0,0,1,0
2016/10/5,945.205,859.67,16819.24,0,0,1,0,0,0,0,0,0,0,0,0,0,1,0
2016/10/6,952.15,859.103,16899.1,0,0,0,1,0,0,0,0,0,0,0,0,0,1,0
2016/10/7,948.039,858.26,16860.09,0,0,0,0,0,0,0,0,0,0,0,0,0,1,0
2016/10/11,949.457,855.743,17024.76,0,1,0,0,0,0,0,0,0,0,0,0,0,1,0
2016/10/12,940.31,849.87,16840,0,0,1,0,0,0,0,0,0,0,0,0,0,1,0
2016/10/13,942.204,852.667,16774.24,0,0,0,1,0,0,0,0,0,0,0,0,0,1,0
2016/10/14,945.989,858.54,16856.37,0,0,0,0,0,0,0,0,0,0,0,0,0,1,0
2016/10/17,951.83,857.707,16900.12,1,0,0,0,0,0,0,0,0,0,0,0,0,1,0
2016/10/18,945.506,863.86,16963.61,0,1,0,0,0,0,0,0,0,0,0,0,0,1,0
2016/10/19,939.685,854.63,16998.91,0,0,1,0,0,0,0,0,0,0,0,0,0,1,0
2016/10/20,953.104,866.653,17235.5,0,0,0,1,0,0,0,0,0,0,0,0,0,1,0
2016/10/21,942.67,866.09,17184.59,0,0,0,0,0,0,0,0,0,0,0,0,0,1,0
2016/10/24,940.142,861.623,17234.42,1,0,0,0,0,0,0,0,0,0,0,0,0,1,0
2016/10/25,953.568,879.793,17365.25,0,1,0,0,0,0,0,0,0,0,0,0,0,1,0
2016/10/26,951.045,879.237,17391.84,0,0,1,0,0,0,0,0,0,0,0,0,0,1,0
2016/10/27,947.728,875.88,17336.42,0,0,0,1,0,0,0,0,0,0,0,0,0,1,0
2016/10/28,953.879,880.913,17446.41,0,0,0,0,0,0,0,0,0,0,0,0,0,1,0
2016/10/31,959.549,879.237,17425.02,1,0,0,0,0,0,0,0,0,0,0,0,0,1,0
2016/11/1,958.453,861.333,17442.4,0,1,0,0,0,0,0,0,0,0,0,0,0,0,1
2016/11/2,937.316,831.553,17134.68,0,0,1,0,0,0,0,0,0,0,0,0,0,0,1
2016/11/4,899.425,802.333,16905.36,0,0,0,0,0,0,0,0,0,0,0,0,0,0,1
2016/11/7,917.096,822.47,17177.21,1,0,0,0,0,0,0,0,0,0,0,0,0,0,1
2016/11/8,930.361,830.02,17171.38,0,1,0,0,0,0,0,0,0,0,0,0,0,0,1
2016/11/9,869.742,764.997,16251.54,0,0,1,0,0,0,0,0,0,0,0,0,0,0,1
2016/11/10,921.516,833.517,17344.42,0,0,0,1,0,0,0,0,0,0,0,0,0,0,1
2016/11/11,939.517,838.547,17374.79,0,0,0,0,0,0,0,0,0,0,0,0,0,0,1
2016/11/14,953.104,863.583,17672.62,1,0,0,0,0,0,0,0,0,0,0,0,0,0,1
2016/11/15,957.187,866.377,17668.15,0,1,0,0,0,0,0,0,0,0,0,0,0,0,1
2016/11/16,976.45,878.403,17862.21,0,0,1,0,0,0,0,0,0,0,0,0,0,0,1
2016/11/17,970.925,882.593,17862.63,0,0,0,1,0,0,0,0,0,0,0,0,0,0,1
2016/11/18,996.966,891.263,17967.41,0,0,0,0,0,0,0,0,0,0,0,0,0,0,1
2016/11/21,1003.76,890.987,18106.02,1,0,0,0,0,0,0,0,0,0,0,0,0,0,1
2016/11/22,992.404,882.03,18162.94,0,1,0,0,0,0,0,0,0,0,0,0,0,0,1
2016/11/24,1039.9,916.71,18333.41,0,0,0,1,0,0,0,0,0,0,0,0,0,0,1
2016/11/25,1055.86,935.45,18381.22,0,0,0,0,0,0,0,0,0,0,0,0,0,0,1
2016/11/28,1050.17,929.853,18356.89,1,0,0,0,0,0,0,0,0,0,0,0,0,0,1
2016/11/29,1048.11,924.82,18307.04,0,1,0,0,0,0,0,0,0,0,0,0,0,0,1
2016/11/30,1049.52,931.82,18308.48,0,0,1,0,0,0,0,0,0,0,0,0,0,0,1
2016/12/1,1058.7,949.707,18513.12,0,0,0,1,0,0,0,0,0,0,0,0,0,0,0
2016/12/2,1055.37,941.6,18426.08,0,0,0,0,0,0,0,0,0,0,0,0,0,0,0
2016/12/5,1046.23,923.427,18274.99,1,0,0,0,0,0,0,0,0,0,0,0,0,0,0
2016/12/6,1054.9,931.253,18360.54,0,1,0,0,0,0,0,0,0,0,0,0,0,0,0
2016/12/7,1082.85,943.837,18496.69,0,0,1,0,0,0,0,0,0,0,0,0,0,0,0
2016/12/8,1102.42,961.177,18765.47,0,0,0,1,0,0,0,0,0,0,0,0,0,0,0
2016/12/9,1105.41,971.24,18996.37,0,0,0,0,0,0,0,0,0,0,0,0,0,0,0
2016/12/12,1105.11,969.29,19155.03,1,0,0,0,0,0,0,0,0,0,0,0,0,0,0
2016/12/13,1112.83,967.053,19250.52,0,1,0,0,0,0,0,0,0,0,0,0,0,0,0
2016/12/14,1109.84,972.363,19253.61,0,0,1,0,0,0,0,0,0,0,0,0,0,0,0
2016/12/15,1129.56,986.07,19273.79,0,0,0,1,0,0,0,0,0,0,0,0,0,0,0
2016/12/16,1129.4,995.573,19401.15,0,0,0,0,0,0,0,0,0,0,0,0,0,0,0
2016/12/19,1127.67,988.023,19391.6,1,0,0,0,0,0,0,0,0,0,0,0,0,0,0
2016/12/20,1125.63,985.783,19494.53,0,1,0,0,0,0,0,0,0,0,0,0,0,0,0
2016/12/21,1124.21,986.35,19444.49,0,0,1,0,0,0,0,0,0,0,0,0,0,0,0
2016/12/22,1119.16,998.377,19427.67,0,0,0,1,0,0,0,0,0,0,0,0,0,0,0
2016/12/26,1103.53,977.393,19396.64,1,0,0,0,0,0,0,0,0,0,0,0,0,0,0
2016/12/27,1099.88,977.957,19403.06,0,1,0,0,0,0,0,0,0,0,0,0,0,0,0
2016/12/28,1100.21,982.18,19401.72,0,0,1,0,0,0,0,0,0,0,0,0,0,0,0
2016/12/29,1079.36,968.957,19145.14,0,0,0,1,0,0,0,0,0,0,0,0,0,0,0
2016/12/30,1085.68,961.08,19114.37,0,0,0,0,0,0,0,0,0,0,0,0,0,0,0
2017/1/4,1120.24,1004.98,19594.16,0,0,1,0,1,0,0,0,0,0,0,0,0,0,0
2017/1/5,1112.68,1004.41,19520.69,0,0,0,1,1,0,0,0,0,0,0,0,0,0,0
2017/1/6,1093.88,985.277,19454.33,0,0,0,0,1,0,0,0,0,0,0,0,0,0,0
2017/1/10,1083,974.297,19301.44,0,1,0,0,1,0,0,0,0,0,0,0,0,0,0
2017/1/11,1091.04,976.83,19364.67,0,0,1,0,1,0,0,0,0,0,0,0,0,0,0
2017/1/12,1080.47,972.883,19134.7,0,0,0,1,1,0,0,0,0,0,0,0,0,0,0
2017/1/13,1086.33,969.797,19287.28,0,0,0,0,1,0,0,0,0,0,0,0,0,0,0
2017/1/16,1077.65,969.51,19095.24,1,0,0,0,1,0,0,0,0,0,0,0,0,0,0
2017/1/17,1060.58,943.62,18813.53,0,1,0,0,1,0,0,0,0,0,0,0,0,0,0
2017/1/18,1063.28,957.693,18894.37,0,0,1,0,1,0,0,0,0,0,0,0,0,0,0
2017/1/19,1082.06,981.617,19072.25,0,0,0,1,1,0,0,0,0,0,0,0,0,0,0
2017/1/20,1073.53,982.737,19137.91,0,0,0,0,1,0,0,0,0,0,0,0,0,0,0
2017/1/23,1056.01,965.86,18891.03,1,0,0,0,1,0,0,0,0,0,0,0,0,0,0
2017/1/24,1038.48,949.817,18787.99,0,1,0,0,1,0,0,0,0,0,0,0,0,0,0
2017/1/25,1058.52,970.917,19057.5,0,0,1,0,1,0,0,0,0,0,0,0,0,0,0
2017/1/26,1067.69,985.553,19402.39,0,0,0,1,1,0,0,0,0,0,0,0,0,0,0
2017/1/27,1058.22,980.49,19467.4,0,0,0,0,1,0,0,0,0,0,0,0,0,0,0
2017/1/30,1058.37,980.773,19368.85,1,0,0,0,1,0,0,0,0,0,0,0,0,0,0
2017/1/31,1039.29,953.187,19041.34,0,1,0,0,1,0,0,0,0,0,0,0,0,0,0
2017/2/1,1033.29,961.08,19148.08,0,0,1,0,0,1,0,0,0,0,0,0,0,0,0
2017/2/2,1014.98,961.627,18914.58,0,0,0,1,0,1,0,0,0,0,0,0,0,0,0
2017/2/3,1017.33,963.323,18918.2,0,0,0,0,0,1,0,0,0,0,0,0,0,0,0
2017/2/6,1024.91,983.02,18976.71,1,0,0,0,0,1,0,0,0,0,0,0,0,0,0
2017/2/7,1001.73,996.533,18910.78,0,1,0,0,0,1,0,0,0,0,0,0,0,0,0
2017/2/8,1007.84,1005.82,19007.6,0,0,1,0,0,1,0,0,0,0,0,0,0,0,0
2017/2/9,987.349,986.113,18907.67,0,0,0,1,0,1,0,0,0,0,0,0,0,0,0
2017/2/10,1017.49,1014.54,19378.93,0,0,0,0,0,1,0,0,0,0,0,0,0,0,0
2017/2/13,1024.6,1027.2,19459.15,1,0,0,0,0,1,0,0,0,0,0,0,0,0,0
2017/2/14,1018.75,1013.14,19238.98,0,1,0,0,0,1,0,0,0,0,0,0,0,0,0
2017/2/15,1024.6,1021.86,19437.98,0,0,1,0,0,1,0,0,0,0,0,0,0,0,0
2017/2/16,1019.23,1015.67,19347.53,0,0,0,1,0,1,0,0,0,0,0,0,0,0,0
2017/2/17,1010.23,1009.19,19234.62,0,0,0,0,0,1,0,0,0,0,0,0,0,0,0
2017/2/20,1015.28,1005.82,19251.08,1,0,0,0,0,1,0,0,0,0,0,0,0,0,0
2017/2/21,1022.55,1012.01,19381.44,0,1,0,0,0,1,0,0,0,0,0,0,0,0,0
2017/2/22,1026.5,1018.49,19379.87,0,0,1,0,0,1,0,0,0,0,0,0,0,0,0
2017/2/23,1025.71,1004.69,19371.46,0,0,0,1,0,1,0,0,0,0,0,0,0,0,0
2017/2/24,1017.82,999.91,19283.54,0,0,0,0,0,1,0,0,0,0,0,0,0,0,0
2017/2/27,1011.18,984.433,19107.47,1,0,0,0,0,1,0,0,0,0,0,0,0,0,0
2017/2/28,1004.71,981.897,19118.99,0,1,0,0,0,1,0,0,0,0,0,0,0,0,0
2017/3/1,1020.65,990.907,19393.54,0,0,1,0,0,0,1,0,0,0,0,0,0,0,0
2017/3/2,1021.27,997.093,19564.8,0,0,0,1,0,0,1,0,0,0,0,0,0,0,0
2017/3/3,1018.91,1001.03,19469.17,0,0,0,0,0,0,1,0,0,0,0,0,0,0,0
2017/3/6,1017.18,995.123,19379.14,1,0,0,0,0,0,1,0,0,0,0,0,0,0,0
2017/3/7,1014.98,1001.03,19344.15,0,1,0,0,0,0,1,0,0,0,0,0,0,0,0
2017/3/8,1005.49,995.403,19254.03,0,0,1,0,0,0,1,0,0,0,0,0,0,0,0
2017/3/9,1015.6,996.81,19318.58,0,0,0,1,0,0,1,0,0,0,0,0,0,0,0
2017/3/10,1029.19,1011.73,19604.61,0,0,0,0,0,0,1,0,0,0,0,0,0,0,0
2017/3/13,1030.76,1000.19,19633.75,1,0,0,0,0,0,1,0,0,0,0,0,0,0,0
2017/3/14,1018.75,995.123,19609.5,0,1,0,0,0,0,1,0,0,0,0,0,0,0,0
2017/3/15,1022.07,1005.82,19577.38,0,0,1,0,0,0,1,0,0,0,0,0,0,0,0
2017/3/16,1018.59,1000.75,19590.14,0,0,0,1,0,0,1,0,0,0,0,0,0,0,0
2017/3/17,1006.6,994.557,19521.59,0,0,0,0,0,0,1,0,0,0,0,0,0,0,0
2017/3/21,1005.98,996.81,19455.88,0,1,0,0,0,0,1,0,0,0,0,0,0,0,0
2017/3/22,972.504,960.507,19041.38,0,0,1,0,0,0,1,0,0,0,0,0,0,0,0
2017/3/23,972.341,966.42,19085.31,0,0,0,1,0,0,1,0,0,0,0,0,0,0,0
2017/3/24,983.238,968.103,19262.53,0,0,0,0,0,0,1,0,0,0,0,0,0,0,0
2017/3/27,972.032,954.033,18985.59,1,0,0,0,0,0,1,0,0,0,0,0,0,0,0
2017/3/28,981.515,957.693,19202.87,0,1,0,0,0,0,1,0,0,0,0,0,0,0,0
2017/3/29,984.076,973.843,19217.48,0,0,1,0,0,0,1,0,0,0,0,0,0,0,0
2017/3/30,981.982,962.227,19063.22,0,0,0,1,0,0,1,0,0,0,0,0,0,0,0
2017/3/31,970.896,949.757,18909.26,0,0,0,0,0,0,1,0,0,0,0,0,0,0,0
2017/4/3,971.54,949.757,18983.23,1,0,0,0,0,0,0,1,0,0,0,0,0,0,0
2017/4/4,961.582,924.53,18810.25,0,1,0,0,0,0,0,1,0,0,0,0,0,0,0
2017/4/5,949.513,909.797,18861.27,0,0,1,0,0,0,0,1,0,0,0,0,0,0,0
2017/4/6,933.612,892.227,18597.06,0,0,0,1,0,0,0,1,0,0,0,0,0,0,0
2017/4/7,937.148,894.77,18664.63,0,0,0,0,0,0,0,1,0,0,0,0,0,0,0
2017/4/10,947.443,901.857,18797.88,1,0,0,0,0,0,0,1,0,0,0,0,0,0,0
2017/4/11,949.693,901.857,18747.87,0,1,0,0,0,0,0,1,0,0,0,0,0,0,0
2017/4/12,931.687,887.407,18552.61,0,0,1,0,0,0,0,1,0,0,0,0,0,0,0
2017/4/13,920.922,888.527,18426.84,0,0,0,1,0,0,0,1,0,0,0,0,0,0,0
2017/4/14,931.687,883.437,18335.63,0,0,0,0,0,0,0,1,0,0,0,0,0,0,0
2017/4/17,925.422,878.333,18355.26,1,0,0,0,0,0,0,1,0,0,0,0,0,0,0
2017/4/18,925.109,878.05,18418.59,0,1,0,0,0,0,0,1,0,0,0,0,0,0,0
2017/4/19,915.131,867.56,18432.2,0,0,1,0,0,0,0,1,0,0,0,0,0,0,0
2017/4/20,924.631,872.093,18430.49,0,0,0,1,0,0,0,1,0,0,0,0,0,0,0
2017/4/21,940.85,882.86,18620.75,0,0,0,0,0,0,0,1,0,0,0,0,0,0,0
2017/4/24,945.989,897.037,18875.88,1,0,0,0,0,0,0,1,0,0,0,0,0,0,0
2017/4/25,964.144,903.843,19079.33,0,1,0,0,0,0,0,1,0,0,0,0,0,0,0
2017/4/26,988.886,922.83,19289.43,0,0,1,0,0,0,0,1,0,0,0,0,0,0,0
2017/4/27,982.965,919.713,19251.87,0,0,0,1,0,0,0,1,0,0,0,0,0,0,0
2017/4/28,969.788,916.03,19196.74,0,0,0,0,0,0,0,1,0,0,0,0,0,0,0
2017/5/1,970.896,919.713,19310.52,1,0,0,0,0,0,0,0,1,0,0,0,0,0,0
2017/5/2,987.132,916.877,19445.7,0,1,0,0,0,0,0,0,1,0,0,0,0,0,0
2017/5/8,1001.91,924.253,19895.7,1,0,0,0,0,0,0,0,1,0,0,0,0,0,0
2017/5/9,985.851,908.38,19843,0,1,0,0,0,0,0,0,1,0,0,0,0,0,0
2017/5/10,977.172,915.467,19900.09,0,0,1,0,0,0,0,0,1,0,0,0,0,0,0
2017/5/11,983.91,921.13,19961.55,0,0,0,1,0,0,0,0,1,0,0,0,0,0,0
2017/5/12,971.704,906.68,19883.9,0,0,0,0,0,0,0,0,1,0,0,0,0,0,0
2017/5/15,965.598,905.26,19869.85,1,0,0,0,0,0,0,0,1,0,0,0,0,0,0
2017/5/16,979.099,897.607,19919.82,0,1,0,0,0,0,0,0,1,0,0,0,0,0,0
2017/5/17,969.624,888.527,19814.88,0,0,1,0,0,0,0,0,1,0,0,0,0,0,0
2017/5/18,952.907,868.697,19553.86,0,0,0,1,0,0,0,0,1,0,0,0,0,0,0
2017/5/19,958.529,864.447,19590.76,0,0,0,0,0,0,0,0,1,0,0,0,0,0,0
2017/5/22,963.673,874.363,19678.28,1,0,0,0,0,0,0,0,1,0,0,0,0,0,0
2017/5/23,964.144,869.84,19613.28,0,1,0,0,0,0,0,0,1,0,0,0,0,0,0
2017/5/24,964.307,888.527,19742.98,0,0,1,0,0,0,0,0,1,0,0,0,0,0,0
2017/5/25,961.751,877.207,19813.13,0,0,0,1,0,0,0,0,1,0,0,0,0,0,0
2017/5/26,954.665,866.713,19686.84,0,0,0,0,0,0,0,0,1,0,0,0,0,0,0
2017/5/29,959.341,868.417,19682.57,1,0,0,0,0,0,0,0,1,0,0,0,0,0,0
2017/5/30,961.109,870.96,19677.85,0,1,0,0,0,0,0,0,1,0,0,0,0,0,0
2017/5/31,953.228,883.437,19650.57,0,0,1,0,0,0,0,0,1,0,0,0,0,0,0
2017/6/1,962.375,882.017,19860.03,0,0,0,1,0,0,0,0,0,1,0,0,0,0,0
2017/6/2,978.925,905.26,20177.28,0,0,0,0,0,0,0,0,0,1,0,0,0,0,0
2017/6/5,958.992,883.437,20170.82,1,0,0,0,0,0,0,0,0,1,0,0,0,0,0
2017/6/6,949.693,882.017,19979.9,0,1,0,0,0,0,0,0,0,1,0,0,0,0,0
2017/6/7,948.399,878.05,19984.62,0,0,1,0,0,0,0,0,0,1,0,0,0,0,0
2017/6/8,932.978,869.543,19909.26,0,0,0,1,0,0,0,0,0,1,0,0,0,0,0
2017/6/9,938.128,871.537,20013.26,0,0,0,0,0,0,0,0,0,1,0,0,0,0,0
2017/6/12,944.873,868.977,19908.58,1,0,0,0,0,0,0,0,0,1,0,0,0,0,0
2017/6/13,943.893,866.427,19898.75,0,1,0,0,0,0,0,0,0,1,0,0,0,0,0
2017/6/14,941.494,868.417,19883.52,0,0,1,0,0,0,0,0,0,1,0,0,0,0,0
2017/6/15,931.042,866.427,19831.82,0,0,0,1,0,0,0,0,0,1,0,0,0,0,0
2017/6/16,931.042,872.093,19943.26,0,0,0,0,0,0,0,0,0,1,0,0,0,0,0
2017/6/19,929.918,868.977,20067.75,1,0,0,0,0,0,0,0,0,1,0,0,0,0,0
2017/6/20,933.463,868.977,20230.41,0,1,0,0,0,0,0,0,0,1,0,0,0,0,0
2017/6/21,938.443,869.26,20138.79,0,0,1,0,0,0,0,0,0,1,0,0,0,0,0
2017/6/22,944.388,863.027,20110.51,0,0,0,1,0,0,0,0,0,1,0,0,0,0,0
2017/6/23,941.644,867.56,20132.67,0,0,0,0,0,0,0,0,0,1,0,0,0,0,0
2017/6/26,938.128,868.697,20153.35,1,0,0,0,0,0,0,0,0,1,0,0,0,0,0
2017/6/27,944.238,871.25,20225.09,0,1,0,0,0,0,0,0,0,1,0,0,0,0,0
2017/6/28,948.739,877.817,20130.41,0,0,1,0,0,0,0,0,0,1,0,0,0,0,0
2017/6/29,949.693,880.957,20220.3,0,0,0,1,0,0,0,0,0,1,0,0,0,0,0
2017/6/30,946.943,875.247,20033.43,0,0,0,0,0,0,0,0,0,1,0,0,0,0,0
2017/7/3,956.119,876.107,20055.8,1,0,0,0,0,0,0,0,0,0,1,0,0,0,0
2017/7/4,973.785,893.527,20032.35,0,1,0,0,0,0,0,0,0,0,1,0,0,0,0
2017/7/5,988.886,899.817,20081.63,0,0,1,0,0,0,0,0,0,0,1,0,0,0,0
2017/7/6,985.684,886.107,19994.06,0,0,0,1,0,0,0,0,0,0,1,0,0,0,0
2017/7/7,989.369,881.82,19929.09,0,0,0,0,0,0,0,0,0,0,1,0,0,0,0
2017/7/10,994.217,886.673,20080.98,1,0,0,0,0,0,0,0,0,0,1,0,0,0,0
2017/7/11,1006.41,886.673,20195.48,0,1,0,0,0,0,0,0,0,0,1,0,0,0,0
2017/7/12,1000.31,886.39,20098.38,0,0,1,0,0,0,0,0,0,0,1,0,0,0,0
2017/7/13,997.892,882.96,20099.81,0,0,0,1,0,0,0,0,0,0,1,0,0,0,0
2017/7/14,1005.61,895.243,20118.86,0,0,0,0,0,0,0,0,0,0,1,0,0,0,0
2017/7/18,993.084,884.387,19999.91,0,1,0,0,0,0,0,0,0,0,1,0,0,0,0
2017/7/19,984.728,882.96,20020.86,0,0,1,0,0,0,0,0,0,0,1,0,0,0,0
2017/7/20,988.256,885.243,20144.59,0,0,0,1,0,0,0,0,0,0,1,0,0,0,0
2017/7/21,984.387,878.673,20099.75,0,0,0,0,0,0,0,0,0,0,1,0,0,0,0
2017/7/24,976.849,868.96,19975.67,1,0,0,0,0,0,0,0,0,0,1,0,0,0,0
2017/7/25,981.349,875.82,19955.2,0,1,0,0,0,0,0,0,0,0,1,0,0,0,0
2017/7/26,994.039,880.103,20050.16,0,0,1,0,0,0,0,0,0,0,1,0,0,0,0
2017/7/27,1004.32,879.82,20079.64,0,0,0,1,0,0,0,0,0,0,1,0,0,0,0
2017/7/28,1000.79,878.963,19959.84,0,0,0,0,0,0,0,0,0,0,1,0,0,0,0
2017/7/31,1001.76,887.817,19925.18,1,0,0,0,0,0,0,0,0,0,1,0,0,0,0
2017/8/1,1012.35,893.247,19985.79,0,1,0,0,0,0,0,0,0,0,0,1,0,0,0
2017/8/2,1012.35,918.1,20080.04,0,0,1,0,0,0,0,0,0,0,0,1,0,0,0
2017/8/3,1000.31,909.817,20029.26,0,0,0,1,0,0,0,0,0,0,0,1,0,0,0
2017/8/4,998.858,892.68,19952.33,0,0,0,0,0,0,0,0,0,0,0,1,0,0,0
2017/8/7,1018.62,893.247,20055.89,1,0,0,0,0,0,0,0,0,0,0,1,0,0,0
2017/8/8,1018.14,888.1,19996.01,0,1,0,0,0,0,0,0,0,0,0,1,0,0,0
2017/8/9,1002.07,877.533,19738.71,0,0,1,0,0,0,0,0,0,0,0,1,0,0,0
2017/8/10,1008.36,879.243,19729.74,0,0,0,1,0,0,0,0,0,0,0,1,0,0,0
2017/8/14,993.084,865.827,19537.1,1,0,0,0,0,0,0,0,0,0,0,1,0,0,0
2017/8/15,1008.36,872.967,19753.31,0,1,0,0,0,0,0,0,0,0,0,1,0,0,0
2017/8/16,995.32,874.68,19729.28,0,0,1,0,0,0,0,0,0,0,0,1,0,0,0
2017/8/17,992.276,869.247,19702.63,0,0,0,1,0,0,0,0,0,0,0,1,0,0,0
2017/8/18,984.232,862.68,19470.41,0,0,0,0,0,0,0,0,0,0,0,1,0,0,0
2017/8/21,990.335,859.53,19393.13,1,0,0,0,0,0,0,0,0,0,0,1,0,0,0
2017/8/22,986.324,863.247,19383.84,0,1,0,0,0,0,0,0,0,0,0,1,0,0,0
2017/8/23,991.941,864.683,19434.64,0,0,1,0,0,0,0,0,0,0,0,1,0,0,0
2017/8/24,981.349,866.677,19353.77,0,0,0,1,0,0,0,0,0,0,0,1,0,0,0
2017/8/25,989.527,872.1,19452.61,0,0,0,0,0,0,0,0,0,0,0,1,0,0,0
2017/8/28,984.387,869.827,19449.9,1,0,0,0,0,0,0,0,0,0,0,1,0,0,0
2017/8/29,978.612,868.397,19362.55,0,1,0,0,0,0,0,0,0,0,0,1,0,0,0
2017/8/30,988.413,868.397,19506.54,0,0,1,0,0,0,0,0,0,0,0,1,0,0,0
2017/8/31,993.557,880.103,19646.24,0,0,0,1,0,0,0,0,0,0,0,1,0,0,0
2017/9/1,993.399,884.387,19691.47,0,0,0,0,0,0,0,0,0,0,0,0,1,0,0
2017/9/4,991.31,871.25,19508.25,1,0,0,0,0,0,0,0,0,0,0,0,1,0,0
2017/9/5,999.341,873.247,19385.81,0,1,0,0,0,0,0,0,0,0,0,0,1,0,0
2017/9/6,990.66,867.25,19357.97,0,0,1,0,0,0,0,0,0,0,0,0,1,0,0
2017/9/7,1001.91,879.537,19396.52,0,0,0,1,0,0,0,0,0,0,0,0,1,0,0
2017/9/8,999.498,876.967,19274.82,0,0,0,0,0,0,0,0,0,0,0,0,1,0,0
2017/9/11,1011.72,890.96,19545.77,1,0,0,0,0,0,0,0,0,0,0,0,1,0,0
2017/9/12,1022.16,910.667,19776.62,0,1,0,0,0,0,0,0,0,0,0,0,1,0,0
2017/9/13,1031.16,919.24,19865.82,0,0,1,0,0,0,0,0,0,0,0,0,1,0,0
2017/9/14,1033.41,918.67,19807.44,0,0,0,1,0,0,0,0,0,0,0,0,1,0,0
2017/9/15,1041.3,926.947,19909.5,0,0,0,0,0,0,0,0,0,0,0,0,1,0,0
2017/9/19,1081.31,940.947,20299.38,0,1,0,0,0,0,0,0,0,0,0,0,1,0,0
2017/9/20,1077.1,945.523,20310.46,0,0,1,0,0,0,0,0,0,0,0,0,1,0,0
2017/9/21,1082.74,951.52,20347.48,0,0,0,1,0,0,0,0,0,0,0,0,1,0,0
2017/9/22,1081.94,957.517,20296.45,0,0,0,0,0,0,0,0,0,0,0,0,1,0,0
2017/9/25,1090.15,960.373,20397.58,1,0,0,0,0,0,0,0,0,0,0,0,1,0,0
2017/9/26,1095.11,959.8,20330.19,0,1,0,0,0,0,0,0,0,0,0,0,1,0,0
2017/9/27,1100.49,964.983,20267.05,0,0,1,0,0,0,0,0,0,0,0,0,1,0,0
2017/9/28,1103.91,967.29,20363.11,0,0,0,1,0,0,0,0,0,0,0,0,1,0,0
2017/9/29,1094.32,958.647,20356.28,0,0,0,0,0,0,0,0,0,0,0,0,1,0,0
2017/10/2,1092.82,963.833,20400.78,1,0,0,0,0,0,0,0,0,0,0,0,0,1,0
2017/10/3,1100.34,974.477,20614.07,0,1,0,0,0,0,0,0,0,0,0,0,0,1,0
2017/10/4,1097.56,969.583,20626.66,0,0,1,0,0,0,0,0,0,0,0,0,0,1,0
2017/10/5,1106.36,974.757,20628.56,0,0,0,1,0,0,0,0,0,0,0,0,0,1,0
2017/10/6,1123.5,976.77,20690.71,0,0,0,0,0,0,0,0,0,0,0,0,0,1,0
2017/10/10,1141.6,979.647,20823.51,0,1,0,0,0,0,0,0,0,0,0,0,0,1,0
2017/10/11,1130.5,978.497,20881.27,0,0,1,0,0,0,0,0,0,0,0,0,0,1,0
2017/10/12,1129.36,980.227,20954.72,0,0,0,1,0,0,0,0,0,0,0,0,0,1,0
2017/10/13,1124.79,974.477,21155.18,0,0,0,0,0,0,0,0,0,0,0,0,0,1,0
2017/10/16,1122.19,978.213,21255.56,1,0,0,0,0,0,0,0,0,0,0,0,0,1,0
2017/10/17,1130.99,985.987,21336.12,0,1,0,0,0,0,0,0,0,0,0,0,0,1,0
2017/10/18,1139.33,987.417,21363.05,0,0,1,0,0,0,0,0,0,0,0,0,0,1,0
2017/10/19,1138.33,994.037,21448.52,0,0,0,1,0,0,0,0,0,0,0,0,0,1,0
2017/10/20,1141.43,986.273,21457.64,0,0,0,0,0,0,0,0,0,0,0,0,0,1,0
2017/10/23,1138.49,998.647,21696.65,1,0,0,0,0,0,0,0,0,0,0,0,0,1,0
2017/10/24,1146.15,1004.97,21805.17,0,1,0,0,0,0,0,0,0,0,0,0,0,1,0
2017/10/25,1139.63,1003.53,21707.62,0,0,1,0,0,0,0,0,0,0,0,0,0,1,0
2017/10/26,1146.82,1009.29,21739.78,0,0,0,1,0,0,0,0,0,0,0,0,0,1,0
2017/10/27,1153.51,1017.35,22008.45,0,0,0,0,0,0,0,0,0,0,0,0,0,1,0
2017/10/30,1154.17,1019.07,22011.67,1,0,0,0,0,0,0,0,0,0,0,0,0,1,0
2017/10/31,1139.97,1013.61,22011.61,0,1,0,0,0,0,0,0,0,0,0,0,0,1,0
2017/11/1,1147.78,1028.85,22420.08,0,0,1,0,0,0,0,0,0,0,0,0,0,0,1
2017/11/2,1166.87,1082.37,22539.12,0,0,0,1,0,0,0,0,0,0,0,0,0,0,1
2017/11/6,1169.16,1101.64,22548.35,1,0,0,0,0,0,0,0,0,0,0,0,0,0,1
2017/11/7,1171.42,1103.94,22937.6,0,1,0,0,0,0,0,0,0,0,0,0,0,0,1
2017/11/8,1183.02,1103.65,22913.82,0,0,1,0,0,0,0,0,0,0,0,0,0,0,1
2017/11/9,1168.65,1089.27,22868.71,0,0,0,1,0,0,0,0,0,0,0,0,0,0,1
2017/11/10,1159.21,1084.09,22681.42,0,0,0,0,0,0,0,0,0,0,0,0,0,0,1
2017/11/13,1163.12,1070.87,22380.99,1,0,0,0,0,0,0,0,0,0,0,0,0,0,1
2017/11/14,1163.12,1067.4,22380.01,0,1,0,0,0,0,0,0,0,0,0,0,0,0,1
2017/11/15,1135.07,1041.51,22028.32,0,0,1,0,0,0,0,0,0,0,0,0,0,0,1
2017/11/16,1135.38,1053.02,22351.12,0,0,0,1,0,0,0,0,0,0,0,0,0,0,1
2017/11/17,1128.06,1055.9,22396.8,0,0,0,0,0,0,0,0,0,0,0,0,0,0,1
2017/11/20,1130.33,1060.79,22261.76,1,0,0,0,0,0,0,0,0,0,0,0,0,0,1
2017/11/21,1146.15,1064.82,22416.48,0,1,0,0,0,0,0,0,0,0,0,0,0,0,1
2017/11/22,1154.46,1068.84,22523.15,0,0,1,0,0,0,0,0,0,0,0,0,0,0,1
2017/11/24,1145.35,1061.07,22550.85,0,0,0,0,0,0,0,0,0,0,0,0,0,0,1
2017/11/27,1145.83,1057.33,22495.99,1,0,0,0,0,0,0,0,0,0,0,0,0,0,1
2017/11/28,1147.78,1068.27,22486.24,0,1,0,0,0,0,0,0,0,0,0,0,0,0,1
2017/11/29,1150.07,1070.57,22597.2,0,0,1,0,0,0,0,0,0,0,0,0,0,0,1
2017/11/30,1148.77,1077.18,22724.96,0,0,0,1,0,0,0,0,0,0,0,0,0,0,1
2017/12/1,1149.91,1086.11,22819.03,0,0,0,0,0,0,0,0,0,0,0,0,0,0,0
2017/12/4,1142.89,1089.55,22707.16,1,0,0,0,0,0,0,0,0,0,0,0,0,0,0
2017/12/5,1141.1,1083.8,22622.38,0,1,0,0,0,0,0,0,0,0,0,0,0,0,0
2017/12/6,1121.71,1071.15,22177.04,0,0,1,0,0,0,0,0,0,0,0,0,0,0,0
2017/12/7,1130.5,1080.64,22498.03,0,0,0,1,0,0,0,0,0,0,0,0,0,0,0
2017/12/8,1144.37,1085.53,22811.08,0,0,0,0,0,0,0,0,0,0,0,0,0,0,0
2017/12/11,1149.26,1090.13,22938.73,1,0,0,0,0,0,0,0,0,0,0,0,0,0,0
2017/12/12,1148.29,1095.03,22866.17,0,1,0,0,0,0,0,0,0,0,0,0,0,0,0
2017/12/13,1154.63,1103.08,22758.07,0,0,1,0,0,0,0,0,0,0,0,0,0,0,0
2017/12/14,1157.26,1099.35,22694.45,0,0,0,1,0,0,0,0,0,0,0,0,0,0,0
2017/12/15,1136.05,1088.12,22553.22,0,0,0,0,0,0,0,0,0,0,0,0,0,0,0
2017/12/18,1168.01,1101.94,22901.77,1,0,0,0,0,0,0,0,0,0,0,0,0,0,0
2017/12/19,1173.23,1118.9,22868,0,1,0,0,0,0,0,0,0,0,0,0,0,0,0
2017/12/20,1182.37,1119.2,22891.72,0,0,1,0,0,0,0,0,0,0,0,0,0,0,0
2017/12/21,1188.56,1120.34,22866.1,0,0,0,1,0,0,0,0,0,0,0,0,0,0,0
2017/12/22,1187.59,1121.79,22902.76,0,0,0,0,0,0,0,0,0,0,0,0,0,0,0
2017/12/25,1187.59,1130.41,22939.18,1,0,0,0,0,0,0,0,0,0,0,0,0,0,0
2017/12/26,1182.83,1124.95,22892.69,0,1,0,0,0,0,0,0,0,0,0,0,0,0,0
2017/12/27,1186.28,1127.55,22911.21,0,0,1,0,0,0,0,0,0,0,0,0,0,0,0
2017/12/28,1177.65,1119.16,22783.98,0,0,0,1,0,0,0,0,0,0,0,0,0,0,0
2017/12/29,1176.33,1118,22764.94,0,0,0,0,0,0,0,0,0,0,0,0,0,0,0
2018/1/4,1208.95,1153.89,23506.33,0,0,0,1,1,0,0,0,0,0,0,0,0,0,0
2018/1/5,1231.61,1164.02,23714.53,0,0,0,0,1,0,0,0,0,0,0,0,0,0,0
2018/1/9,1229.82,1160.85,23849.99,0,1,0,0,1,0,0,0,0,0,0,0,0,0,0
2018/1/10,1256.74,1187.48,23788.2,0,0,1,0,1,0,0,0,0,0,0,0,0,0,0
2018/1/11,1244.18,1165.47,23710.43,0,0,0,1,1,0,0,0,0,0,0,0,0,0,0
2018/1/12,1235.86,1148.69,23653.82,0,0,0,0,1,0,0,0,0,0,0,0,0,0,0
2018/1/15,1248.08,1152.45,23714.88,1,0,0,0,1,0,0,0,0,0,0,0,0,0,0
2018/1/16,1261.14,1154.76,23951.81,0,1,0,0,1,0,0,0,0,0,0,0,0,0,0
2018/1/17,1269.13,1163.45,23868.34,0,0,1,0,1,0,0,0,0,0,0,0,0,0,0
2018/1/18,1255.43,1151.29,23763.37,0,0,0,1,1,0,0,0,0,0,0,0,0,0,0
2018/1/19,1262.12,1158.82,23808.06,0,0,0,0,1,0,0,0,0,0,0,0,0,0,0
2018/1/22,1252.33,1152.16,23816.33,1,0,0,0,1,0,0,0,0,0,0,0,0,0,0
2018/1/23,1262.27,1173.01,24124.15,0,1,0,0,1,0,0,0,0,0,0,0,0,0,0
2018/1/24,1251.34,1156.21,23940.78,0,0,1,0,1,0,0,0,0,0,0,0,0,0,0
2018/1/25,1238.46,1141.16,23669.49,0,0,0,1,1,0,0,0,0,0,0,0,0,0,0
2018/1/26,1240.76,1138.55,23631.88,0,0,0,0,1,0,0,0,0,0,0,0,0,0,0
2018/1/29,1246.45,1142.6,23629.34,1,0,0,0,1,0,0,0,0,0,0,0,0,0,0
2018/1/30,1244.18,1136.23,23291.97,0,1,0,0,1,0,0,0,0,0,0,0,0,0,0
2018/1/31,1219.86,1107.58,23098.29,0,0,1,0,1,0,0,0,0,0,0,0,0,0,0
2018/2/1,1242.38,1117.12,23486.11,0,0,0,1,0,1,0,0,0,0,0,0,0,0,0
2018/2/2,1243.68,1126.11,23274.53,0,0,0,0,0,1,0,0,0,0,0,0,0,0,0
2018/2/5,1223.31,1149.56,22682.08,1,0,0,0,0,1,0,0,0,0,0,0,0,0,0
2018/2/6,1188.23,1102.94,21610.24,0,1,0,0,0,1,0,0,0,0,0,0,0,0,0
2018/2/7,1202.26,1111.63,21645.37,0,0,1,0,0,1,0,0,0,0,0,0,0,0,0
2018/2/8,1231.45,1121.18,21890.86,0,0,0,1,0,1,0,0,0,0,0,0,0,0,0
2018/2/9,1217.42,1098.61,21382.62,0,0,0,0,0,1,0,0,0,0,0,0,0,0,0
2018/2/13,1186.6,1079.79,21244.68,0,1,0,0,0,1,0,0,0,0,0,0,0,0,0
2018/2/14,1161.5,1067.34,21154.17,0,0,1,0,0,1,0,0,0,0,0,0,0,0,0
2018/2/15,1164.75,1080.95,21464.98,0,0,0,1,0,1,0,0,0,0,0,0,0,0,0
2018/2/16,1175.51,1092.52,21720.25,0,0,0,0,0,1,0,0,0,0,0,0,0,0,0
2018/2/19,1203.39,1114.82,22149.21,1,0,0,0,0,1,0,0,0,0,0,0,0,0,0
2018/2/20,1189.05,1095.7,21925.1,0,1,0,0,0,1,0,0,0,0,0,0,0,0,0
2018/2/21,1190.51,1113.66,21970.81,0,0,1,0,0,1,0,0,0,0,0,0,0,0,0
2018/2/22,1179.91,1102.07,21736.44,0,0,0,1,0,1,0,0,0,0,0,0,0,0,0
2018/2/23,1187.76,1113.08,21892.78,0,0,0,0,0,1,0,0,0,0,0,0,0,0,0
2018/2/26,1194.28,1126.97,22153.63,1,0,0,0,0,1,0,0,0,0,0,0,0,0,0
2018/2/27,1203.39,1149.85,22389.86,0,1,0,0,0,1,0,0,0,0,0,0,0,0,0
2018/2/28,1179.91,1124.65,22068.24,0,0,1,0,0,1,0,0,0,0,0,0,0,0,0
2018/3/1,1155.29,1109.03,21724.47,0,0,0,1,0,0,1,0,0,0,0,0,0,0,0
2018/3/2,1127.9,1067.05,21181.64,0,0,0,0,0,0,1,0,0,0,0,0,0,0,0
2018/3/5,1111.24,1044.48,21042.09,1,0,0,0,0,0,1,0,0,0,0,0,0,0,0
2018/3/6,1122.34,1061.25,21417.76,0,1,0,0,0,0,1,0,0,0,0,0,0,0,0
2018/3/7,1108.5,1052,21252.72,0,0,1,0,0,0,1,0,0,0,0,0,0,0,0
2018/3/8,1111.41,1061.25,21368.07,0,0,0,1,0,0,1,0,0,0,0,0,0,0,0
2018/3/9,1107.51,1048.81,21469.2,0,0,0,0,0,0,1,0,0,0,0,0,0,0,0
2018/3/12,1134.74,1082.39,21824.03,1,0,0,0,0,0,1,0,0,0,0,0,0,0,0
2018/3/13,1136.53,1073.42,21968.1,0,1,0,0,0,0,1,0,0,0,0,0,0,0,0
2018/3/14,1131.64,1067.34,21777.29,0,0,1,0,0,0,1,0,0,0,0,0,0,0,0
2018/3/15,1130.33,1069.37,21803.95,0,0,0,1,0,0,1,0,0,0,0,0,0,0,0
2018/3/16,1122.68,1064.74,21676.51,0,0,0,0,0,0,1,0,0,0,0,0,0,0,0
2018/3/19,1113.37,1053.44,21480.9,1,0,0,0,0,0,1,0,0,0,0,0,0,0,0
2018/3/20,1117.62,1054.31,21380.97,0,1,0,0,0,0,1,0,0,0,0,0,0,0,0
2018/3/22,1116.47,1060.68,21591.99,0,0,0,1,0,0,1,0,0,0,0,0,0,0,0
2018/3/23,1076.87,1004.81,20617.86,0,0,0,0,0,0,1,0,0,0,0,0,0,0,0
2018/3/26,1083.21,1009.44,20766.1,1,0,0,0,0,0,1,0,0,0,0,0,0,0,0
2018/3/27,1123.82,1046.79,21317.32,0,1,0,0,0,0,1,0,0,0,0,0,0,0,0
2018/3/28,1138.92,1065.15,21031.31,0,0,1,0,0,0,1,0,0,0,0,0,0,0,0
2018/3/29,1135.6,1061.36,21159.08,0,0,0,1,0,0,1,0,0,0,0,0,0,0,0
2018/3/30,1132.77,1066.9,21454.3,0,0,0,0,0,0,1,0,0,0,0,0,0,0,0
2018/4/2,1125.16,1061.65,21388.58,1,0,0,0,0,0,0,1,0,0,0,0,0,0,0
2018/4/3,1117.01,1053.78,21292.29,0,1,0,0,0,0,0,1,0,0,0,0,0,0,0
2018/4/4,1118.52,1067.49,21319.55,0,0,1,0,0,0,0,1,0,0,0,0,0,0,0
2018/4/5,1120.32,1078.85,21645.42,0,0,0,1,0,0,0,1,0,0,0,0,0,0,0
2018/4/6,1116.68,1073.02,21567.52,0,0,0,0,0,0,0,1,0,0,0,0,0,0,0
2018/4/9,1118.82,1075.06,21678.26,1,0,0,0,0,0,0,1,0,0,0,0,0,0,0
2018/4/10,1134.94,1103.05,21794.32,0,1,0,0,0,0,0,1,0,0,0,0,0,0,0
2018/4/11,1136.08,1102.47,21687.1,0,0,1,0,0,0,0,1,0,0,0,0,0,0,0
2018/4/12,1140.76,1088.76,21660.28,0,0,0,1,0,0,0,1,0,0,0,0,0,0,0
2018/4/13,1146.88,1099.83,21778.74,0,0,0,0,0,0,0,1,0,0,0,0,0,0,0
2018/4/16,1151.19,1102.47,21835.53,1,0,0,0,0,0,0,1,0,0,0,0,0,0,0
2018/4/17,1143.89,1095.18,21847.59,0,1,0,0,0,0,0,1,0,0,0,0,0,0,0
2018/4/18,1151.36,1083.52,22158.2,0,0,1,0,0,0,0,1,0,0,0,0,0,0,0
2018/4/19,1149.05,1075.94,22191.18,0,0,0,1,0,0,0,1,0,0,0,0,0,0,0
2018/4/20,1154.69,1073.31,22162.24,0,0,0,0,0,0,0,1,0,0,0,0,0,0,0
2018/4/23,1156.84,1071.27,22088.04,1,0,0,0,0,0,0,1,0,0,0,0,0,0,0
2018/4/24,1180.09,1090.22,22278.12,0,1,0,0,0,0,0,1,0,0,0,0,0,0,0
2018/4/25,1189.72,1103.34,22215.32,0,0,1,0,0,0,0,1,0,0,0,0,0,0,0
2018/4/26,1189.87,1106.84,22319.61,0,0,0,1,0,0,0,1,0,0,0,0,0,0,0
2018/4/27,1191.86,1098.09,22467.87,0,0,0,0,0,0,0,1,0,0,0,0,0,0,0
2018/5/1,1194.2,1087.3,22508.03,0,1,0,0,0,0,0,0,1,0,0,0,0,0,0
2018/5/2,1189.22,1061.36,22472.78,0,0,1,0,0,0,0,0,1,0,0,0,0,0,0
2018/5/7,1195.19,1054.95,22467.16,1,0,0,0,0,0,0,0,1,0,0,0,0,0,0
2018/5/8,1187.56,1058.16,22508.69,0,1,0,0,0,0,0,0,1,0,0,0,0,0,0
2018/5/9,1232.2,1033.96,22408.88,0,0,1,0,0,0,0,0,1,0,0,0,0,0,0
2018/5/10,1260.09,1034.83,22497.18,0,0,0,1,0,0,0,0,1,0,0,0,0,0,0
2018/5/11,1251.95,1056.12,22758.48,0,0,0,0,0,0,0,0,1,0,0,0,0,0,0
2018/5/14,1254.78,1068.06,22865.86,1,0,0,0,0,0,0,0,1,0,0,0,0,0,0
2018/5/15,1247.14,1062.52,22818.02,0,1,0,0,0,0,0,0,1,0,0,0,0,0,0
2018/5/16,1253.28,1061.07,22717.23,0,0,1,0,0,0,0,0,1,0,0,0,0,0,0
2018/5/17,1253.95,1066.61,22838.37,0,0,0,1,0,0,0,0,1,0,0,0,0,0,0
2018/5/18,1256.6,1080.02,22930.36,0,0,0,0,0,0,0,0,1,0,0,0,0,0,0
2018/5/21,1255.09,1075.36,23002.37,1,0,0,0,0,0,0,0,1,0,0,0,0,0,0
2018/5/22,1249.31,1076.52,22960.34,0,1,0,0,0,0,0,0,1,0,0,0,0,0,0
2018/5/23,1234.02,1065.44,22689.74,0,0,1,0,0,0,0,0,1,0,0,0,0,0,0
2018/5/24,1196.34,1029.3,22437.01,0,0,0,1,0,0,0,0,1,0,0,0,0,0,0
2018/5/25,1180.93,1019.68,22450.79,0,0,0,0,0,0,0,0,1,0,0,0,0,0,0
2018/5/28,1170.44,1031.05,22481.09,1,0,0,0,0,0,0,0,1,0,0,0,0,0,0
2018/5/29,1157.85,1030.46,22358.43,0,1,0,0,0,0,0,0,1,0,0,0,0,0,0
2018/5/30,1135.41,996.36,22018.52,0,0,1,0,0,0,0,0,1,0,0,0,0,0,0
2018/5/31,1148.71,1004.81,22201.82,0,0,0,1,0,0,0,0,1,0,0,0,0,0,0
2018/6/1,1182.06,1010.35,22171.35,0,0,0,0,0,0,0,0,0,1,0,0,0,0,0
2018/6/4,1228.38,1034.55,22475.94,1,0,0,0,0,0,0,0,0,1,0,0,0,0,0
2018/6/5,1219.09,1022.88,22539.54,0,1,0,0,0,0,0,0,0,1,0,0,0,0,0
2018/6/6,1240.49,1023.17,22625.73,0,0,1,0,0,0,0,0,0,1,0,0,0,0,0
2018/6/7,1249.31,1030.76,22823.26,0,0,0,1,0,0,0,0,0,1,0,0,0,0,0
2018/6/8,1241.5,1025.22,22694.5,0,0,0,0,0,0,0,0,0,1,0,0,0,0,0
2018/6/11,1243.49,1042.12,22804.04,1,0,0,0,0,0,0,0,0,1,0,0,0,0,0
2018/6/12,1227.72,1036.29,22878.35,0,1,0,0,0,0,0,0,0,1,0,0,0,0,0
2018/6/13,1244.15,1048.82,22966.38,0,0,1,0,0,0,0,0,0,1,0,0,0,0,0
2018/6/14,1233.03,1033.09,22738.61,0,0,0,1,0,0,0,0,0,1,0,0,0,0,0
2018/6/15,1255.09,1029.88,22851.75,0,0,0,0,0,0,0,0,0,1,0,0,0,0,0
2018/6/18,1249.79,1016.46,22680.33,1,0,0,0,0,0,0,0,0,1,0,0,0,0,0
2018/6/19,1239.84,1000.73,22278.48,0,1,0,0,0,0,0,0,0,1,0,0,0,0,0
2018/6/20,1236.17,997.227,22555.43,0,0,1,0,0,0,0,0,0,1,0,0,0,0,0
2018/6/21,1227.54,993.73,22693.04,0,0,0,1,0,0,0,0,0,1,0,0,0,0,0
2018/6/22,1194.86,974.2,22516.83,0,0,0,0,0,0,0,0,0,1,0,0,0,0,0
2018/6/25,1176.93,964.873,22338.15,1,0,0,0,0,0,0,0,0,1,0,0,0,0,0
2018/6/26,1175.27,967.497,22342,0,1,0,0,0,0,0,0,0,1,0,0,0,0,0
2018/6/27,1168.3,947.807,22271.77,0,0,1,0,0,0,0,0,0,1,0,0,0,0,0
2018/6/28,1181.07,948.983,22270.39,0,0,0,1,0,0,0,0,0,1,0,0,0,0,0
2018/6/29,1190.03,956.033,22304.51,0,0,0,0,0,0,0,0,0,1,0,0,0,0,0
2018/7/2,1173.11,938.693,21811.93,1,0,0,0,0,0,0,0,0,0,1,0,0,0,0
2018/7/3,1174.28,943.4,21785.54,0,1,0,0,0,0,0,0,0,0,1,0,0,0,0
2018/7/4,1178.1,936.93,21717.04,0,0,1,0,0,0,0,0,0,0,1,0,0,0,0
2018/7/5,1176.1,935.763,21546.99,0,0,0,1,0,0,0,0,0,0,1,0,0,0,0
2018/7/6,1188.71,948.683,21788.14,0,0,0,0,0,0,0,0,0,0,1,0,0,0,0
2018/7/9,1196.69,952.213,22052.18,1,0,0,0,0,0,0,0,0,0,1,0,0,0,0
2018/7/10,1186.9,961.913,22196.89,0,1,0,0,0,0,0,0,0,0,1,0,0,0,0
2018/7/11,1183.73,951.63,21932.21,0,0,1,0,0,0,0,0,0,0,1,0,0,0,0
2018/7/12,1200.66,957.793,22187.96,0,0,0,1,0,0,0,0,0,0,1,0,0,0,0
2018/7/13,1207.95,967.497,22597.35,0,0,0,0,0,0,0,0,0,0,1,0,0,0,0
2018/7/17,1223.73,976.607,22697.36,0,1,0,0,0,0,0,0,0,0,1,0,0,0,0
2018/7/18,1240.32,979.253,22794.19,0,0,1,0,0,0,0,0,0,0,1,0,0,0,0
2018/7/19,1237.67,976.607,22764.68,0,0,0,1,0,0,0,0,0,0,1,0,0,0,0
2018/7/20,1234.84,967.497,22697.88,0,0,0,0,0,0,0,0,0,0,1,0,0,0,0
2018/7/23,1213.44,956.033,22396.99,1,0,0,0,0,0,0,0,0,0,1,0,0,0,0
2018/7/24,1222.4,967.783,22510.48,0,1,0,0,0,0,0,0,0,0,1,0,0,0,0
2018/7/25,1215.42,977.79,22614.25,0,0,1,0,0,0,0,0,0,0,1,0,0,0,0
2018/7/26,1225.56,982.487,22586.87,0,0,0,1,0,0,0,0,0,0,1,0,0,0,0
2018/7/27,1237.5,988.953,22712.75,0,0,0,0,0,0,0,0,0,0,1,0,0,0,0
2018/7/30,1243.64,991.593,22544.84,1,0,0,0,0,0,0,0,0,0,1,0,0,0,0
2018/7/31,1212.45,986.017,22553.72,0,1,0,0,0,0,0,0,0,0,1,0,0,0,0
2018/8/1,1228.05,1015.11,22746.7,0,0,1,0,0,0,0,0,0,0,0,1,0,0,0
2018/8/2,1208.61,986.017,22512.53,0,0,0,1,0,0,0,0,0,0,0,1,0,0,0
2018/8/3,1198.34,993.353,22525.18,0,0,0,0,0,0,0,0,0,0,0,1,0,0,0
2018/8/6,1183.9,996.887,22507.32,1,0,0,0,0,0,0,0,0,0,0,1,0,0,0
2018/8/7,1186.06,1007.17,22662.74,0,1,0,0,0,0,0,0,0,0,0,1,0,0,0
2018/8/8,1171.94,1006.59,22644.31,0,0,1,0,0,0,0,0,0,0,0,1,0,0,0
2018/8/9,1160.17,993.65,22598.39,0,0,0,1,0,0,0,0,0,0,0,1,0,0,0
2018/8/10,1153.67,989.84,22298.08,0,0,0,0,0,0,0,0,0,0,0,1,0,0,0
2018/8/13,1129.46,961.617,21857.43,1,0,0,0,0,0,0,0,0,0,0,1,0,0,0
2018/8/14,1139.26,980.433,22356.08,0,1,0,0,0,0,0,0,0,0,0,1,0,0,0
2018/8/15,1131.12,965.73,22204.22,0,0,1,0,0,0,0,0,0,0,0,1,0,0,0
2018/8/16,1124.47,967.497,22192.04,0,0,0,1,0,0,0,0,0,0,0,1,0,0,0
2018/8/17,1129.13,973.663,22270.38,0,0,0,0,0,0,0,0,0,0,0,1,0,0,0
2018/8/20,1121.97,973.963,22199,1,0,0,0,0,0,0,0,0,0,0,1,0,0,0
2018/8/21,1116.02,976.02,22219.73,0,1,0,0,0,0,0,0,0,0,0,1,0,0,0
2018/8/22,1141.74,994.533,22362.55,0,0,1,0,0,0,0,0,0,0,0,1,0,0,0
2018/8/23,1128.96,975.137,22410.82,0,0,0,1,0,0,0,0,0,0,0,1,0,0,0
2018/8/24,1133.61,966.91,22601.77,0,0,0,0,0,0,0,0,0,0,0,1,0,0,0
2018/8/27,1156.19,980.137,22799.64,1,0,0,0,0,0,0,0,0,0,0,1,0,0,0
2018/8/28,1166.14,992.477,22813.47,0,1,0,0,0,0,0,0,0,0,0,1,0,0,0
2018/8/29,1173.44,997.767,22848.22,0,0,1,0,0,0,0,0,0,0,0,1,0,0,0
2018/8/30,1162.33,986.31,22869.5,0,0,0,1,0,0,0,0,0,0,0,1,0,0,0
2018/8/31,1150.21,967.497,22865.15,0,0,0,0,0,0,0,0,0,0,0,1,0,0,0
2018/9/3,1131.3,956.917,22707.38,1,0,0,0,0,0,0,0,0,0,0,0,1,0,0
2018/9/4,1124.15,945.75,22696.9,0,1,0,0,0,0,0,0,0,0,0,0,1,0,0
2018/9/5,1115.53,935.763,22580.83,0,0,1,0,0,0,0,0,0,0,0,0,1,0,0
2018/9/6,1106.56,935.46,22487.94,0,0,0,1,0,0,0,0,0,0,0,0,1,0,0
2018/9/7,1094.77,932.523,22307.06,0,0,0,0,0,0,0,0,0,0,0,0,1,0,0
2018/9/10,1094.43,928.407,22373.09,1,0,0,0,0,0,0,0,0,0,0,0,1,0,0
2018/9/11,1112.03,932.817,22664.69,0,1,0,0,0,0,0,0,0,0,0,0,1,0,0
2018/9/12,1105.55,916.067,22604.61,0,0,1,0,0,0,0,0,0,0,0,0,1,0,0
2018/9/13,1125.83,933.993,22821.32,0,0,0,1,0,0,0,0,0,0,0,0,1,0,0
2018/9/14,1136.6,945.453,23094.67,0,0,0,0,0,0,0,0,0,0,0,0,1,0,0
2018/9/18,1155.18,965.147,23420.54,0,1,0,0,0,0,0,0,0,0,0,0,1,0,0
2018/9/19,1164.98,994.24,23672.52,0,0,1,0,0,0,0,0,0,0,0,0,1,0,0
2018/9/20,1158.33,1004.52,23674.93,0,0,0,1,0,0,0,0,0,0,0,0,1,0,0
2018/9/21,1161.82,1025.99,23869.93,0,0,0,0,0,0,0,0,0,0,0,0,1,0,0
2018/9/25,1182.06,1033.33,23940.26,0,1,0,0,0,0,0,0,0,0,0,0,1,0,0
2018/9/26,1183.42,1014.96,24033.79,0,0,1,0,0,0,0,0,0,0,0,0,1,0,0
2018/9/27,1179.71,1009.05,23796.74,0,0,0,1,0,0,0,0,0,0,0,0,1,0,0
2018/9/28,1194.38,1018.52,24120.04,0,0,0,0,0,0,0,0,0,0,0,0,1,0,0
2018/10/1,1188.48,1017.04,24245.76,1,0,0,0,0,0,0,0,0,0,0,0,0,1,0
2018/10/2,1207.83,1032.44,24270.62,0,1,0,0,0,0,0,0,0,0,0,0,0,1,0
2018/10/3,1172.32,988.61,24110.96,0,0,1,0,0,0,0,0,0,0,0,0,0,1,0
2018/10/4,1179.21,990.977,23975.62,0,0,0,1,0,0,0,0,0,0,0,0,0,1,0
2018/10/5,1178.7,985.053,23783.72,0,0,0,0,0,0,0,0,0,0,0,0,0,1,0
2018/10/9,1142.34,954.55,23469.39,0,1,0,0,0,0,0,0,0,0,0,0,0,1,0
2018/10/10,1137.96,949.81,23506.04,0,0,1,0,0,0,0,0,0,0,0,0,0,1,0
2018/10/11,1110.53,913.68,22590.86,0,0,0,1,0,0,0,0,0,0,0,0,0,1,0
2018/10/12,1112.38,915.757,22694.66,0,0,0,0,0,0,0,0,0,0,0,0,0,1,0
2018/10/15,1085.79,891.763,22271.3,1,0,0,0,0,0,0,0,0,0,0,0,0,1,0
2018/10/16,1097.89,908.643,22549.24,0,1,0,0,0,0,0,0,0,0,0,0,0,1,0
2018/10/17,1113.05,917.233,22841.12,0,0,1,0,0,0,0,0,0,0,0,0,0,1,0
2018/10/18,1117.93,916.343,22658.16,0,0,0,1,0,0,0,0,0,0,0,0,0,1,0
2018/10/19,1107.17,907.753,22532.08,0,0,0,0,0,0,0,0,0,0,0,0,0,1,0
2018/10/22,1102.45,911.61,22614.82,1,0,0,0,0,0,0,0,0,0,0,0,0,1,0
2018/10/23,1101.61,891.763,22010.78,0,1,0,0,0,0,0,0,0,0,0,0,0,1,0
2018/10/24,1107.33,894.133,22091.18,0,0,1,0,0,0,0,0,0,0,0,0,0,1,0
2018/10/25,1077.7,866.737,21268.73,0,0,0,1,0,0,0,0,0,0,0,0,0,1,0
2018/10/26,1099.92,881.837,21184.6,0,0,0,0,0,0,0,0,0,0,0,0,0,1,0
2018/10/29,1081.74,884.063,21149.8,1,0,0,0,0,0,0,0,0,0,0,0,0,1,0
2018/10/30,1091.68,901.533,21457.29,0,1,0,0,0,0,0,0,0,0,0,0,0,1,0
2018/10/31,1113.55,959.88,21920.46,0,0,1,0,0,0,0,0,0,0,0,0,0,1,0
2018/11/1,1106.98,962.84,21687.65,0,0,0,1,0,0,0,0,0,0,0,0,0,0,1
2018/11/2,1103.8,961.947,22243.66,0,0,0,0,0,0,0,0,0,0,0,0,0,0,1
2018/11/5,1093.2,952.48,21898.99,1,0,0,0,0,0,0,0,0,0,0,0,0,0,1
2018/11/6,1116.09,982.387,22147.75,0,1,0,0,0,0,0,0,0,0,0,0,0,0,1
2018/11/7,1117.6,956.323,22085.8,0,0,1,0,0,0,0,0,0,0,0,0,0,0,1
2018/11/8,1125.5,966.697,22486.92,0,0,0,1,0,0,0,0,0,0,0,0,0,0,1
2018/11/9,1127.2,971.433,22250.25,0,0,0,0,0,0,0,0,0,0,0,0,0,0,1
2018/11/12,1129.39,972.027,22269.88,1,0,0,0,0,0,0,0,0,0,0,0,0,0,1
2018/11/13,1101.78,950.703,21810.52,0,1,0,0,0,0,0,0,0,0,0,0,0,0,1
2018/11/14,1122.31,954.55,21846.48,0,0,1,0,0,0,0,0,0,0,0,0,0,0,1
2018/11/15,1117.78,949.507,21803.62,0,0,0,1,0,0,0,0,0,0,0,0,0,0,1
2018/11/16,1109.52,942.997,21680.34,0,0,0,0,0,0,0,0,0,0,0,0,0,0,1
2018/11/19,1113.05,941.513,21821.16,1,0,0,0,0,0,0,0,0,0,0,0,0,0,1
2018/11/20,1130.73,937.663,21583.12,0,1,0,0,0,0,0,0,0,0,0,0,0,0,1
2018/11/21,1130.39,931.747,21507.54,0,0,1,0,0,0,0,0,0,0,0,0,0,0,1
2018/11/22,1148.25,935.297,21646.55,0,0,0,1,0,0,0,0,0,0,0,0,0,0,1
2018/11/26,1145.54,935.297,21812,1,0,0,0,0,0,0,0,0,0,0,0,0,0,1
2018/11/27,1166.08,949.213,21952.4,0,1,0,0,0,0,0,0,0,0,0,0,0,0,1
2018/11/28,1155.8,936.183,22177.02,0,0,1,0,0,0,0,0,0,0,0,0,0,0,1
2018/11/29,1160.53,930.563,22262.6,0,0,0,1,0,0,0,0,0,0,0,0,0,0,1
2018/11/30,1145.22,948.33,22351.06,0,0,0,0,0,0,0,0,0,0,0,0,0,0,1
2018/12/3,1183.75,968.173,22574.76,1,0,0,0,0,0,0,0,0,0,0,0,0,0,0
2018/12/4,1163.39,945.07,22036.05,0,1,0,0,0,0,0,0,0,0,0,0,0,0,0
2018/12/5,1163.22,922.567,21919.33,0,0,1,0,0,0,0,0,0,0,0,0,0,0,0
2018/12/6,1157.49,911.9,21501.62,0,0,0,1,0,0,0,0,0,0,0,0,0,0,0
2018/12/7,1154.46,913.977,21678.68,0,0,0,0,0,0,0,0,0,0,0,0,0,0,0
2018/12/10,1148.07,898.28,21219.5,1,0,0,0,0,0,0,0,0,0,0,0,0,0,0
2018/12/11,1135.42,894.727,21148.02,0,1,0,0,0,0,0,0,0,0,0,0,0,0,0
2018/12/12,1160.69,912.79,21602.75,0,0,1,0,0,0,0,0,0,0,0,0,0,0,0
2018/12/13,1156.5,922.27,21816.19,0,0,0,1,0,0,0,0,0,0,0,0,0,0,0
2018/12/14,1149.58,904.49,21374.83,0,0,0,0,0,0,0,0,0,0,0,0,0,0,0
2018/12/17,1151.43,903.313,21506.88,1,0,0,0,0,0,0,0,0,0,0,0,0,0,0
2018/12/18,1140.48,896.797,21115.45,0,1,0,0,0,0,0,0,0,0,0,0,0,0,0
2018/12/19,1138.31,902.423,20987.92,0,0,1,0,0,0,0,0,0,0,0,0,0,0,0
2018/12/20,1115.91,877.84,20392.58,0,0,0,1,0,0,0,0,0,0,0,0,0,0,0
2018/12/21,1080.07,865.257,20166.19,0,0,0,0,0,0,0,0,0,0,0,0,0,0,0
2018/12/25,1023.33,816.237,19155.74,0,1,0,0,0,0,0,0,0,0,0,0,0,0,0
2018/12/26,1034.61,832.247,19327.06,0,0,1,0,0,0,0,0,0,0,0,0,0,0,0
2018/12/27,1079.89,866.657,20077.62,0,0,0,1,0,0,0,0,0,0,0,0,0,0,0
2018/12/28,1078.38,866.057,20014.77,0,0,0,0,0,0,0,0,0,0,0,0,0,0,0
2019/1/4,1068.29,862.467,19561.96,0,0,0,0,1,0,0,0,0,0,0,0,0,0,0
2019/1/7,1101.94,894.33,20038.97,1,0,0,0,1,0,0,0,0,0,0,0,0,0,0
2019/1/8,1115.41,922.75,20204.04,0,1,0,0,1,0,0,0,0,0,0,0,0,0,0
2019/1/9,1123.99,934.727,20427.06,0,0,1,0,1,0,0,0,0,0,0,0,0,0,0
2019/1/10,1128.55,926.047,20163.8,0,0,0,1,1,0,0,0,0,0,0,0,0,0,0
2019/1/11,1148.25,948.493,20359.7,0,0,0,0,1,0,0,0,0,0,0,0,0,0,0
2019/1/15,1160.2,963.153,20555.29,0,1,0,0,1,0,0,0,0,0,0,0,0,0,0
2019/1/16,1152.11,960.46,20442.75,0,0,1,0,1,0,0,0,0,0,0,0,0,0,0
2019/1/17,1143.02,959.26,20402.27,0,0,0,1,1,0,0,0,0,0,0,0,0,0,0
2019/1/18,1144.37,961.947,20666.07,0,0,0,0,1,0,0,0,0,0,0,0,0,0,0
2019/1/21,1147.57,970.33,20719.33,1,0,0,0,1,0,0,0,0,0,0,0,0,0,0
2019/1/22,1142.01,969.133,20622.91,0,1,0,0,1,0,0,0,0,0,0,0,0,0,0
2019/1/23,1131.24,967.04,20593.72,0,0,1,0,1,0,0,0,0,0,0,0,0,0,0
2019/1/24,1132.07,967.64,20574.63,0,0,0,1,1,0,0,0,0,0,0,0,0,0,0
2019/1/25,1138.64,982.3,20773.56,0,0,0,0,1,0,0,0,0,0,0,0,0,0,0
2019/1/28,1126.01,972.427,20649,1,0,0,0,1,0,0,0,0,0,0,0,0,0,0
2019/1/29,1123.82,970.93,20664.64,0,1,0,0,1,0,0,0,0,0,0,0,0,0,0
2019/1/30,1117.6,969.733,20556.54,0,0,1,0,1,0,0,0,0,0,0,0,0,0,0
2019/1/31,1123.66,972.13,20773.49,0,0,0,1,1,0,0,0,0,0,0,0,0,0,0
2019/2/1,1120.29,970.93,20788.39,0,0,0,0,0,1,0,0,0,0,0,0,0,0,0
2019/2/4,1132.24,937.117,20883.77,1,0,0,0,0,1,0,0,0,0,0,0,0,0,0
2019/2/5,1136.63,913.78,20844.45,0,1,0,0,0,1,0,0,0,0,0,0,0,0,0
2019/2/6,1128.36,908.093,20874.06,0,0,1,0,0,1,0,0,0,0,0,0,0,0,0
2019/2/7,1106.83,898.223,20751.28,0,0,0,1,0,1,0,0,0,0,0,0,0,0,0
2019/2/8,1085.64,875.633,20333.17,0,0,0,0,0,1,0,0,0,0,0,0,0,0,0
2019/2/12,1111.88,882.657,20864.21,0,1,0,0,0,1,0,0,0,0,0,0,0,0,0
2019/2/13,1115.23,897.917,21144.48,0,0,1,0,0,1,0,0,0,0,0,0,0,0,0
2019/2/14,1114.06,909.893,21139.71,0,0,0,1,0,1,0,0,0,0,0,0,0,0,0
2019/2/15,1111.88,889.397,20900.63,0,0,0,0,0,1,0,0,0,0,0,0,0,0,0
2019/2/18,1120.29,898.517,21281.85,1,0,0,0,0,1,0,0,0,0,0,0,0,0,0
2019/2/19,1127.36,901.81,21302.65,0,1,0,0,0,1,0,0,0,0,0,0,0,0,0
2019/2/20,1143.02,907.497,21431.49,0,0,1,0,0,1,0,0,0,0,0,0,0,0,0
2019/2/21,1133.1,928.44,21464.23,0,0,0,1,0,1,0,0,0,0,0,0,0,0,0
2019/2/22,1131.24,935.023,21425.51,0,0,0,0,0,1,0,0,0,0,0,0,0,0,0
2019/2/25,1140.33,942.803,21528.23,1,0,0,0,0,1,0,0,0,0,0,0,0,0,0
2019/2/26,1143.87,943.703,21449.39,0,1,0,0,0,1,0,0,0,0,0,0,0,0,0
2019/2/27,1141.33,950.28,21556.51,0,0,1,0,0,1,0,0,0,0,0,0,0,0,0
2019/2/28,1127.36,943.403,21385.16,0,0,0,1,0,1,0,0,0,0,0,0,0,0,0
2019/3/1,1125.85,944,21602.69,0,0,0,0,0,0,1,0,0,0,0,0,0,0,0
2019/3/4,1115.73,931.737,21822.04,1,0,0,0,0,0,1,0,0,0,0,0,0,0,0
2019/3/5,1112.38,925.15,21726.28,0,1,0,0,0,0,1,0,0,0,0,0,0,0,0
2019/3/6,1110.03,926.347,21596.81,0,0,1,0,0,0,1,0,0,0,0,0,0,0,0
2019/3/7,1108.35,911.383,21456.01,0,0,0,1,0,0,1,0,0,0,0,0,0,0,0
2019/3/8,1099.41,895.08,21025.56,0,0,0,0,0,0,1,0,0,0,0,0,0,0,0
2019/3/11,1107.33,901.513,21125.09,1,0,0,0,0,0,1,0,0,0,0,0,0,0,0
2019/3/12,1114.06,911.683,21503.69,0,1,0,0,0,0,1,0,0,0,0,0,0,0,0
2019/3/13,1108.51,904.203,21290.24,0,0,1,0,0,0,1,0,0,0,0,0,0,0,0
2019/3/14,1101.44,904.5,21287.02,0,0,0,1,0,0,1,0,0,0,0,0,0,0,0
2019/3/15,1113.55,914.677,21450.85,0,0,0,0,0,0,1,0,0,0,0,0,0,0,0
2019/3/18,1119.44,914.38,21584.5,1,0,0,0,0,0,1,0,0,0,0,0,0,0,0
2019/3/19,1121.64,920.367,21566.85,0,1,0,0,0,0,1,0,0,0,0,0,0,0,0
2019/3/20,1131.4,924.55,21608.92,0,0,1,0,0,0,1,0,0,0,0,0,0,0,0
2019/3/22,1136.81,913.78,21627.34,0,0,0,0,0,0,1,0,0,0,0,0,0,0,0
2019/3/25,1112.72,886.403,20977.11,1,0,0,0,0,0,1,0,0,0,0,0,0,0,0
2019/3/26,1137.96,914.08,21428.39,0,1,0,0,0,0,1,0,0,0,0,0,0,0,0
2019/3/27,1135.06,915.283,21378.73,0,0,1,0,0,0,1,0,0,0,0,0,0,0,0
2019/3/28,1116.37,906.53,21033.76,0,0,0,1,0,0,1,0,0,0,0,0,0,0,0
2019/3/29,1111.77,904.42,21205.81,0,0,0,0,0,0,1,0,0,0,0,0,0,0,0
2019/4/1,1139,928.58,21509.03,1,0,0,0,0,0,0,1,0,0,0,0,0,0,0
2019/4/2,1146.35,939.147,21505.31,0,1,0,0,0,0,0,1,0,0,0,0,0,0,0
2019/4/3,1153.04,946.693,21713.21,0,0,1,0,0,0,0,1,0,0,0,0,0,0,0
2019/4/4,1160.93,955.447,21724.95,0,0,0,1,0,0,0,1,0,0,0,0,0,0,0
2019/4/5,1172.25,959.977,21807.5,0,0,0,0,0,0,0,1,0,0,0,0,0,0,0
2019/4/8,1163.33,945.483,21761.65,1,0,0,0,0,0,0,1,0,0,0,0,0,0,0
2019/4/9,1170.71,949.413,21802.59,0,1,0,0,0,0,0,1,0,0,0,0,0,0,0
2019/4/10,1164.52,939.443,21687.57,0,0,1,0,0,0,0,1,0,0,0,0,0,0,0
2019/4/11,1155.28,928.277,21711.38,0,0,0,1,0,0,0,1,0,0,0,0,0,0,0
2019/4/12,1163.51,931.597,21870.56,0,0,0,0,0,0,0,1,0,0,0,0,0,0,0
2019/4/15,1170.71,941.863,22169.11,1,0,0,0,0,0,0,1,0,0,0,0,0,0,0
2019/4/16,1167.96,947.6,22221.66,0,1,0,0,0,0,0,1,0,0,0,0,0,0,0
2019/4/17,1191.6,957.263,22277.97,0,0,1,0,0,0,0,1,0,0,0,0,0,0,0
2019/4/18,1195.54,970.55,22090.12,0,0,0,1,0,0,0,1,0,0,0,0,0,0,0
2019/4/19,1192.46,965.713,22200.56,0,0,0,0,0,0,0,1,0,0,0,0,0,0,0
2019/4/22,1193.32,956.35,22217.9,1,0,0,0,0,0,0,1,0,0,0,0,0,0,0
2019/4/23,1198.47,960.883,22259.74,0,1,0,0,0,0,0,1,0,0,0,0,0,0,0
2019/4/24,1180.99,934.313,22200,0,0,1,0,0,0,0,1,0,0,0,0,0,0,0
2019/4/25,1182.7,937.63,22307.58,0,0,0,1,0,0,0,1,0,0,0,0,0,0,0
2019/4/26,1183.38,936.427,22258.73,0,0,0,0,0,0,0,1,0,0,0,0,0,0,0
2019/5/7,1169.51,929.183,21923.72,0,1,0,0,0,0,0,0,1,0,0,0,0,0,0
2019/5/8,1158.36,902.75,21602.59,0,0,1,0,0,0,0,0,1,0,0,0,0,0,0
2019/5/9,1121.7,860.48,21402.13,0,0,0,1,0,0,0,0,1,0,0,0,0,0,0
2019/5/10,1120.31,855.193,21344.92,0,0,0,0,0,0,0,0,1,0,0,0,0,0,0
2019/5/13,1121.7,850.51,21191.28,1,0,0,0,0,0,0,0,1,0,0,0,0,0,0
2019/5/14,1118.94,846.437,21067.23,0,1,0,0,0,0,0,0,1,0,0,0,0,0,0
2019/5/15,1125.98,847.043,21188.56,0,0,1,0,0,0,0,0,1,0,0,0,0,0,0
2019/5/16,1114.33,841.907,21062.98,0,0,0,1,0,0,0,0,1,0,0,0,0,0,0
2019/5/17,1114.33,849.157,21250.09,0,0,0,0,0,0,0,0,1,0,0,0,0,0,0
2019/5/20,1118.59,854.437,21301.73,1,0,0,0,0,0,0,0,1,0,0,0,0,0,0
2019/5/21,1112.95,855.347,21272.45,0,1,0,0,0,0,0,0,1,0,0,0,0,0,0
2019/5/22,1112.43,855.04,21283.37,0,0,1,0,0,0,0,0,1,0,0,0,0,0,0
2019/5/23,1113.81,847.493,21151.14,0,0,0,1,0,0,0,0,1,0,0,0,0,0,0
2019/5/24,1114.33,842.513,21117.22,0,0,0,0,0,0,0,0,1,0,0,0,0,0,0
2019/5/27,1123.23,833.157,21182.58,1,0,0,0,0,0,0,0,1,0,0,0,0,0,0
2019/5/28,1131.81,836.473,21260.14,0,1,0,0,0,0,0,0,1,0,0,0,0,0,0
2019/5/29,1127.86,833.157,21003.37,0,0,1,0,0,0,0,0,1,0,0,0,0,0,0
2019/5/30,1126.14,836.163,20942.53,0,0,0,1,0,0,0,0,1,0,0,0,0,0,0
2019/5/31,1094.09,800.537,20601.19,0,0,0,0,0,0,0,0,1,0,0,0,0,0,0
2019/6/3,1087.06,803.103,20410.88,1,0,0,0,0,0,0,0,0,1,0,0,0,0,0
2019/6/4,1091.35,820.463,20408.54,0,1,0,0,0,0,0,0,0,1,0,0,0,0,0
2019/6/5,1119.13,844.023,20776.1,0,0,1,0,0,0,0,0,0,1,0,0,0,0,0
2019/6/6,1122.01,827.557,20774.04,0,0,0,1,0,0,0,0,0,1,0,0,0,0,0
2019/6/7,1129.04,826.807,20884.71,0,0,0,0,0,0,0,0,0,1,0,0,0,0,0
2019/6/10,1149.28,839.49,21134.42,1,0,0,0,0,0,0,0,0,1,0,0,0,0,0
2019/6/11,1161.79,841.753,21204.28,0,1,0,0,0,0,0,0,0,1,0,0,0,0,0
2019/6/12,1168.47,838.43,21129.72,0,0,1,0,0,0,0,0,0,1,0,0,0,0,0
2019/6/13,1152.72,831.793,21032,0,0,0,1,0,0,0,0,0,1,0,0,0,0,0
2019/6/14,1155.62,831.943,21116.89,0,0,0,0,0,0,0,0,0,1,0,0,0,0,0
2019/6/17,1152.85,837.977,21124,1,0,0,0,0,0,0,0,0,1,0,0,0,0,0
2019/6/18,1151.5,835.263,20972.71,0,1,0,0,0,0,0,0,0,1,0,0,0,0,0
2019/6/19,1160.6,852.78,21333.87,0,0,1,0,0,0,0,0,0,1,0,0,0,0,0
2019/6/20,1155.09,836.767,21462.86,0,0,0,1,0,0,0,0,0,1,0,0,0,0,0
2019/6/21,1146.05,835.263,21258.64,0,0,0,0,0,0,0,0,0,1,0,0,0,0,0
2019/6/24,1147.05,841.153,21285.99,1,0,0,0,0,0,0,0,0,1,0,0,0,0,0
2019/6/25,1139.85,835.11,21193.81,0,1,0,0,0,0,0,0,0,1,0,0,0,0,0
2019/6/26,1133.34,833.133,21086.59,0,0,1,0,0,0,0,0,0,1,0,0,0,0,0
2019/6/27,1143.81,850.67,21338.17,0,0,0,1,0,0,0,0,0,1,0,0,0,0,0
2019/6/28,1146.19,849.607,21275.92,0,0,0,0,0,0,0,0,0,1,0,0,0,0,0
2019/7/1,1178.08,867.907,21729.97,1,0,0,0,0,0,0,0,0,0,1,0,0,0,0
2019/7/2,1179.78,865.463,21754.27,0,1,0,0,0,0,0,0,0,0,1,0,0,0,0
2019/7/3,1168.98,851.127,21638.16,0,0,1,0,0,0,0,0,0,0,1,0,0,0,0
2019/7/4,1177.04,856.467,21702.45,0,0,0,1,0,0,0,0,0,0,1,0,0,0,0
2019/7/5,1180.64,865.317,21746.38,0,0,0,0,0,0,0,0,0,0,1,0,0,0,0
2019/7/8,1180.46,865.463,21534.35,1,0,0,0,0,0,0,0,0,0,1,0,0,0,0
2019/7/9,1185.09,870.197,21565.15,0,1,0,0,0,0,0,0,0,0,1,0,0,0,0
2019/7/10,1183.9,872.333,21533.48,0,0,1,0,0,0,0,0,0,0,1,0,0,0,0
2019/7/11,1176.52,867.603,21643.53,0,0,0,1,0,0,0,0,0,0,1,0,0,0,0
2019/7/12,1184.24,868.517,21685.9,0,0,0,0,0,0,0,0,0,0,1,0,0,0,0
2019/7/16,1199.67,865.317,21535.25,0,1,0,0,0,0,0,0,0,0,1,0,0,0,0
2019/7/17,1204.3,856.007,21469.18,0,0,1,0,0,0,0,0,0,0,1,0,0,0,0
2019/7/18,1195.37,839.387,21046.24,0,0,0,1,0,0,0,0,0,0,1,0,0,0,0
2019/7/19,1220.41,856.617,21466.99,0,0,0,0,0,0,0,0,0,0,1,0,0,0,0
2019/7/22,1215.28,854.79,21416.79,1,0,0,0,0,0,0,0,0,0,1,0,0,0,0
2019/7/23,1216.81,858.603,21620.88,0,1,0,0,0,0,0,0,0,0,1,0,0,0,0
2019/7/24,1233.43,869.583,21709.57,0,0,1,0,0,0,0,0,0,0,1,0,0,0,0
2019/7/25,1237.71,867.3,21756.55,0,0,0,1,0,0,0,0,0,0,1,0,0,0,0
2019/7/26,1225.54,849.76,21658.15,0,0,0,0,0,0,0,0,0,0,1,0,0,0,0
2019/7/29,1225.03,843.043,21616.8,1,0,0,0,0,0,0,0,0,0,1,0,0,0,0
2019/7/30,1230.51,845.64,21709.31,0,1,0,0,0,0,0,0,0,0,1,0,0,0,0
2019/7/31,1203.79,826.88,21521.53,0,0,1,0,0,0,0,0,0,0,1,0,0,0,0
2019/8/1,1215.42,830.537,21540.99,0,0,0,1,0,0,0,0,0,0,0,1,0,0,0
2019/8/2,1187.5,797.133,21087.16,0,0,0,0,0,0,0,0,0,0,0,1,0,0,0
2019/8/5,1180.14,782.793,20720.29,1,0,0,0,0,0,0,0,0,0,0,1,0,0,0
2019/8/6,1151.69,781.12,20585.31,0,1,0,0,0,0,0,0,0,0,0,1,0,0,0
2019/8/7,1163.83,773.79,20516.56,0,0,1,0,0,0,0,0,0,0,0,1,0,0,0
2019/8/8,1167.09,773.337,20593.35,0,0,0,1,0,0,0,0,0,0,0,1,0,0,0
2019/8/9,1171.74,775.47,20684.82,0,0,0,0,0,0,0,0,0,0,0,1,0,0,0
2019/8/13,1163.67,757.17,20455.44,0,1,0,0,0,0,0,0,0,0,0,1,0,0,0
2019/8/14,1174.47,761.287,20655.13,0,0,1,0,0,0,0,0,0,0,0,1,0,0,0
2019/8/15,1164.52,750.46,20405.65,0,0,0,1,0,0,0,0,0,0,0,1,0,0,0
2019/8/16,1163.67,749.993,20418.81,0,0,0,0,0,0,0,0,0,0,0,1,0,0,0
2019/8/19,1177.89,754.113,20563.16,1,0,0,0,0,0,0,0,0,0,0,1,0,0,0
2019/8/20,1184.08,761.137,20677.22,0,1,0,0,0,0,0,0,0,0,0,1,0,0,0
2019/8/21,1184.08,756.71,20618.57,0,0,1,0,0,0,0,0,0,0,0,1,0,0,0
2019/8/22,1183.56,755.337,20628.01,0,0,0,1,0,0,0,0,0,0,0,1,0,0,0
2019/8/23,1185.28,759.153,20710.91,0,0,0,0,0,0,0,0,0,0,0,1,0,0,0
2019/8/26,1177.21,748.323,20261.04,1,0,0,0,0,0,0,0,0,0,0,1,0,0,0
2019/8/27,1185.78,757.777,20456.08,0,1,0,0,0,0,0,0,0,0,0,1,0,0,0
2019/8/28,1180.64,759.61,20479.42,0,0,1,0,0,0,0,0,0,0,0,1,0,0,0
2019/8/29,1180.84,753.507,20460.93,0,0,0,1,0,0,0,0,0,0,0,1,0,0,0
2019/8/30,1192.82,769.83,20704.37,0,0,0,0,0,0,0,0,0,0,0,1,0,0,0
2019/9/2,1191.45,772.577,20620.19,1,0,0,0,0,0,0,0,0,0,0,0,1,0,0
2019/9/3,1200.53,781.88,20625.16,0,1,0,0,0,0,0,0,0,0,0,0,1,0,0
2019/9/4,1192.14,786.153,20649.14,0,0,1,0,0,0,0,0,0,0,0,0,1,0,0
2019/9/5,1199.67,809.64,21085.94,0,0,0,1,0,0,0,0,0,0,0,0,1,0,0
2019/9/6,1204.81,834.047,21199.57,0,0,0,0,0,0,0,0,0,0,0,0,1,0,0
2019/9/9,1215.42,831.91,21318.42,1,0,0,0,0,0,0,0,0,0,0,0,1,0,0
2019/9/10,1231.03,851.44,21392.1,0,1,0,0,0,0,0,0,0,0,0,0,1,0,0
2019/9/11,1260.51,883.317,21597.76,0,0,1,0,0,0,0,0,0,0,0,0,1,0,0
2019/9/12,1257.76,893.687,21759.61,0,0,0,1,0,0,0,0,0,0,0,0,1,0,0
2019/9/13,1267.53,894.747,21988.29,0,0,0,0,0,0,0,0,0,0,0,0,1,0,0
2019/9/17,1275.93,893.233,22001.32,0,1,0,0,0,0,0,0,0,0,0,0,1,0,0
2019/9/18,1271.66,883.767,21960.71,0,0,1,0,0,0,0,0,0,0,0,0,1,0,0
2019/9/19,1262.06,880.26,22044.45,0,0,0,1,0,0,0,0,0,0,0,0,1,0,0
2019/9/20,1268.74,886.363,22079.09,0,0,0,0,0,0,0,0,0,0,0,0,1,0,0
2019/9/24,1278.67,872.02,22098.84,0,1,0,0,0,0,0,0,0,0,0,0,1,0,0
2019/9/25,1258.29,872.483,22020.15,0,0,1,0,0,0,0,0,0,0,0,0,1,0,0
2019/9/26,1272.68,884.23,22048.24,0,0,0,1,0,0,0,0,0,0,0,0,1,0,0
2019/9/27,1280.15,874.833,21878.9,0,0,0,0,0,0,0,0,0,0,0,0,1,0,0
2019/9/30,1253.56,862.047,21755.84,1,0,0,0,0,0,0,0,0,0,0,0,1,0,0
2019/10/1,1258.78,883.613,21885.24,0,1,0,0,0,0,0,0,0,0,0,0,0,1,0
2019/10/2,1243.66,868.053,21778.61,0,0,1,0,0,0,0,0,0,0,0,0,0,1,0
2019/10/3,1212.91,844.8,21341.74,0,0,0,1,0,0,0,0,0,0,0,0,0,1,0
2019/10/4,1215.19,848.647,21410.2,0,0,0,0,0,0,0,0,0,0,0,0,0,1,0
2019/10/7,1213.61,840.947,21375.25,1,0,0,0,0,0,0,0,0,0,0,0,0,1,0
2019/10/8,1231.15,839.103,21587.78,0,1,0,0,0,0,0,0,0,0,0,0,0,1,0
2019/10/9,1237.76,844.953,21456.38,0,0,1,0,0,0,0,0,0,0,0,0,0,1,0
2019/10/10,1234.8,851.73,21551.98,0,0,0,1,0,0,0,0,0,0,0,0,0,1,0
2019/10/11,1262.79,871.29,21798.87,0,0,0,0,0,0,0,0,0,0,0,0,0,1,0
2019/10/15,1282.92,893.16,22207.21,0,1,0,0,0,0,0,0,0,0,0,0,0,1,0
2019/10/16,1295.09,899.477,22472.92,0,0,1,0,0,0,0,0,0,0,0,0,0,1,0
2019/10/17,1282.58,896.237,22451.86,0,0,0,1,0,0,0,0,0,0,0,0,0,1,0
2019/10/18,1279.96,895.937,22492.68,0,0,0,0,0,0,0,0,0,0,0,0,0,1,0
2019/10/21,1285.52,891.773,22548.9,1,0,0,0,0,0,0,0,0,0,0,0,0,1,0
2019/10/23,1288.99,886.23,22625.38,0,0,1,0,0,0,0,0,0,0,0,0,0,1,0
2019/10/24,1300.47,902.863,22750.6,0,0,0,1,0,0,0,0,0,0,0,0,0,1,0
2019/10/25,1299.78,901.17,22799.81,0,0,0,0,0,0,0,0,0,0,0,0,0,1,0
2019/10/28,1299.96,908.717,22867.27,1,0,0,0,0,0,0,0,0,0,0,0,0,1,0
2019/10/29,1310.89,925.97,22974.13,0,1,0,0,0,0,0,0,0,0,0,0,0,1,0
2019/10/30,1312.29,919.963,22843.12,0,0,1,0,0,0,0,0,0,0,0,0,0,1,0
2019/10/31,1310.21,906.247,22927.04,0,0,0,1,0,0,0,0,0,0,0,0,0,1,0
2019/11/1,1311.77,910.107,22850.77,0,0,0,0,0,0,0,0,0,0,0,0,0,0,1
2019/11/5,1328.62,930.9,23251.99,0,1,0,0,0,0,0,0,0,0,0,0,0,0,1
2019/11/6,1328.78,933.67,23303.82,0,0,1,0,0,0,0,0,0,0,0,0,0,0,1
2019/11/7,1343.9,928.43,23330.32,0,0,0,1,0,0,0,0,0,0,0,0,0,0,1
2019/11/8,1373.26,946.293,23391.87,0,0,0,0,0,0,0,0,0,0,0,0,0,0,1
2019/11/11,1377.43,986.037,23331.84,1,0,0,0,0,0,0,0,0,0,0,0,0,0,1
2019/11/12,1371.7,994.66,23520.01,0,1,0,0,0,0,0,0,0,0,0,0,0,0,1
2019/11/13,1370.47,988.497,23319.87,0,0,1,0,0,0,0,0,0,0,0,0,0,0,1
2019/11/14,1354.14,966.937,23141.55,0,0,0,1,0,0,0,0,0,0,0,0,0,0,1
2019/11/15,1359.54,970.323,23303.32,0,0,0,0,0,0,0,0,0,0,0,0,0,0,1
2019/11/18,1361.27,972.48,23416.76,1,0,0,0,0,0,0,0,0,0,0,0,0,0,1
2019/11/19,1347.01,965.393,23292.65,0,1,0,0,0,0,0,0,0,0,0,0,0,0,1
2019/11/20,1335.55,952.46,23148.57,0,0,1,0,0,0,0,0,0,0,0,0,0,0,1
2019/11/21,1340.41,955.85,23038.58,0,0,0,1,0,0,0,0,0,0,0,0,0,0,1
2019/11/22,1346.85,957.387,23112.88,0,0,0,0,0,0,0,0,0,0,0,0,0,0,1
2019/11/25,1342.69,969.09,23292.81,1,0,0,0,0,0,0,0,0,0,0,0,0,0,1
2019/11/26,1339.02,957.697,23373.32,0,1,0,0,0,0,0,0,0,0,0,0,0,0,1
2019/11/27,1335.9,963.237,23437.77,0,0,1,0,0,0,0,0,0,0,0,0,0,0,1
2019/11/28,1341.81,948.763,23409.14,0,0,0,1,0,0,0,0,0,0,0,0,0,0,1
2019/11/29,1326.87,944.76,23293.91,0,0,0,0,0,0,0,0,0,0,0,0,0,0,1
2019/12/2,1344.25,956.157,23529.5,1,0,0,0,0,0,0,0,0,0,0,0,0,0,0
2019/12/3,1340.79,956.467,23379.81,0,1,0,0,0,0,0,0,0,0,0,0,0,0,0
2019/12/4,1352.07,952.15,23135.23,0,0,1,0,0,0,0,0,0,0,0,0,0,0,0
2019/12/5,1349.63,963.857,23300.09,0,0,0,1,0,0,0,0,0,0,0,0,0,0,0
2019/12/6,1342.34,968.477,23354.4,0,0,0,0,0,0,0,0,0,0,0,0,0,0,0
2019/12/9,1342.85,967.553,23430.7,1,0,0,0,0,0,0,0,0,0,0,0,0,0,0
2019/12/10,1328.96,965.7,23410.19,0,1,0,0,0,0,0,0,0,0,0,0,0,0,0
2019/12/11,1331.23,970.02,23391.86,0,0,1,0,0,0,0,0,0,0,0,0,0,0,0
2019/12/12,1325.14,958.93,23424.81,0,0,0,1,0,0,0,0,0,0,0,0,0,0,0
2019/12/13,1356.93,992.197,24023.1,0,0,0,0,0,0,0,0,0,0,0,0,0,0,0
2019/12/16,1352.4,987.577,23952.35,1,0,0,0,0,0,0,0,0,0,0,0,0,0,0
2019/12/17,1358.15,985.11,24066.12,0,1,0,0,0,0,0,0,0,0,0,0,0,0,0
2019/12/18,1351.19,979.567,23934.43,0,0,1,0,0,0,0,0,0,0,0,0,0,0,0
2019/12/19,1360.39,974.33,23864.85,0,0,0,1,0,0,0,0,0,0,0,0,0,0,0
2019/12/20,1345.3,976.487,23816.63,0,0,0,0,0,0,0,0,0,0,0,0,0,0,0
2019/12/23,1349.1,968.783,23821.11,1,0,0,0,0,0,0,0,0,0,0,0,0,0,0
2019/12/24,1344.77,963.547,23830.58,0,1,0,0,0,0,0,0,0,0,0,0,0,0,0
2019/12/25,1333.49,958.617,23782.87,0,0,1,0,0,0,0,0,0,0,0,0,0,0,0
2019/12/26,1341.99,967.863,23924.92,0,0,0,1,0,0,0,0,0,0,0,0,0,0,0
2019/12/27,1343.36,974.387,23837.72,0,0,0,0,0,0,0,0,0,0,0,0,0,0,0
2019/12/30,1340.09,963.197,23656.62,1,0,0,0,0,0,0,0,0,0,0,0,0,0,0
2020/1/6,1314.19,934.603,23204.86,1,0,0,0,1,0,0,0,0,0,0,0,0,0,0
2020/1/7,1340.25,960.093,23575.72,0,1,0,0,1,0,0,0,0,0,0,0,0,0,0
2020/1/8,1323.22,940.507,23204.76,0,0,1,0,1,0,0,0,0,0,0,0,0,0,0
2020/1/9,1332.43,952.943,23739.87,0,0,0,1,1,0,0,0,0,0,0,0,0,0,0
2020/1/10,1330.86,951.08,23850.57,0,0,0,0,1,0,0,0,0,0,0,0,0,0,0
2020/1/14,1344.42,955.43,24025.17,0,1,0,0,1,0,0,0,0,0,0,0,0,0,0
2020/1/15,1332.79,945.797,23916.58,0,0,1,0,1,0,0,0,0,0,0,0,0,0,0
2020/1/16,1335.38,939.58,23933.13,0,0,0,1,1,0,0,0,0,0,0,0,0,0,0
2020/1/17,1336.79,950.767,24041.26,0,0,0,0,1,0,0,0,0,0,0,0,0,0,0
2020/1/20,1351.55,952.943,24083.51,1,0,0,0,1,0,0,0,0,0,0,0,0,0,0
2020/1/21,1364.4,942.683,23864.56,0,1,0,0,1,0,0,0,0,0,0,0,0,0,0
2020/1/22,1359.03,941.75,24031.35,0,0,1,0,1,0,0,0,0,0,0,0,0,0,0
2020/1/23,1361.27,934.603,23795.44,0,0,0,1,1,0,0,0,0,0,0,0,0,0,0
2020/1/24,1367.52,920.15,23827.18,0,0,0,0,1,0,0,0,0,0,0,0,0,0,0
2020/1/27,1346.68,904.61,23343.51,1,0,0,0,1,0,0,0,0,0,0,0,0,0,0
2020/1/28,1345.82,885.5,23215.71,0,1,0,0,1,0,0,0,0,0,0,0,0,0,0
2020/1/29,1349.1,902.127,23379.4,0,0,1,0,1,0,0,0,0,0,0,0,0,0,0
2020/1/30,1326.17,885.807,22977.75,0,0,0,1,1,0,0,0,0,0,0,0,0,0,0
2020/1/31,1329.3,879.907,23205.18,0,0,0,0,1,0,0,0,0,0,0,0,0,0,0
2020/2/3,1316.8,873.22,22971.94,1,0,0,0,0,1,0,0,0,0,0,0,0,0,0
2020/2/4,1327.04,873.063,23084.59,0,1,0,0,0,1,0,0,0,0,0,0,0,0,0
2020/2/5,1340.25,885.5,23319.56,0,0,1,0,0,1,0,0,0,0,0,0,0,0,0
2020/2/6,1374.83,912.847,23873.59,0,0,0,1,0,1,0,0,0,0,0,0,0,0,0
2020/2/7,1365.78,888.14,23827.98,0,0,0,0,0,1,0,0,0,0,0,0,0,0,0
2020/2/10,1345.99,913.623,23685.98,1,0,0,0,0,1,0,0,0,0,0,0,0,0,0
2020/2/12,1353.97,919.37,23861.21,0,0,1,0,0,1,0,0,0,0,0,0,0,0,0
2020/2/13,1347.72,929.79,23827.73,0,0,0,1,0,1,0,0,0,0,0,0,0,0,0
2020/2/14,1342.69,919.993,23687.59,0,0,0,0,0,1,0,0,0,0,0,0,0,0,0
2020/2/17,1341.99,918.13,23523.24,1,0,0,0,0,1,0,0,0,0,0,0,0,0,0
2020/2/18,1319.24,925.28,23193.8,0,1,0,0,0,1,0,0,0,0,0,0,0,0,0
2020/2/19,1310.35,924.657,23400.7,0,0,1,0,0,1,0,0,0,0,0,0,0,0,0
2020/2/20,1346.68,945.177,23479.15,0,0,0,1,0,1,0,0,0,0,0,0,0,0,0
2020/2/21,1361.44,944.553,23386.74,0,0,0,0,0,1,0,0,0,0,0,0,0,0,0
2020/2/25,1315.77,912.223,22605.41,0,1,0,0,0,1,0,0,0,0,0,0,0,0,0
2020/2/26,1310.71,915.487,22426.19,0,0,1,0,0,1,0,0,0,0,0,0,0,0,0
2020/2/27,1282.75,908.807,21948.23,0,0,0,1,0,1,0,0,0,0,0,0,0,0,0
2020/2/28,1238.12,870.113,21142.96,0,0,0,0,0,1,0,0,0,0,0,0,0,0,0
2020/3/2,1242.79,869.177,21344.08,1,0,0,0,0,0,1,0,0,0,0,0,0,0,0
2020/3/3,1223.67,858.767,21082.73,0,1,0,0,0,0,1,0,0,0,0,0,0,0,0
2020/3/4,1211.53,852.083,21100.06,0,0,1,0,0,0,1,0,0,0,0,0,0,0,0
2020/3/5,1217.42,873.063,21329.12,0,0,0,1,0,0,1,0,0,0,0,0,0,0,0
2020/3/6,1180.26,835.297,20749.75,0,0,0,0,0,0,1,0,0,0,0,0,0,0,0
2020/3/9,1128.3,775.937,19698.76,1,0,0,0,0,0,1,0,0,0,0,0,0,0,0
2020/3/10,1146.55,790.233,19867.12,0,1,0,0,0,0,1,0,0,0,0,0,0,0,0
2020/3/11,1135.27,779.513,19416.06,0,0,1,0,0,0,1,0,0,0,0,0,0,0,0
2020/3/12,1096,757.597,18559.63,0,0,0,1,0,0,1,0,0,0,0,0,0,0,0
2020/3/13,1056.9,711.753,17431.05,0,0,0,0,0,0,1,0,0,0,0,0,0,0,0
2020/3/16,1032.05,687.82,17002.04,1,0,0,0,0,0,1,0,0,0,0,0,0,0,0
2020/3/17,1104.85,695.593,17011.53,0,1,0,0,0,0,1,0,0,0,0,0,0,0,0
2020/3/18,1097.39,707.4,16726.55,0,0,1,0,0,0,1,0,0,0,0,0,0,0,0
2020/3/19,1110.94,705.23,16552.83,0,0,0,1,0,0,1,0,0,0,0,0,0,0,0
2020/3/23,1072.22,689.067,16887.78,1,0,0,0,0,0,1,0,0,0,0,0,0,0,0
2020/3/24,1086.29,728.85,18092.35,0,1,0,0,0,0,1,0,0,0,0,0,0,0,0
2020/3/25,1201.96,806.24,19546.63,0,0,1,0,0,0,1,0,0,0,0,0,0,0,0
2020/3/26,1167.03,785.727,18664.6,0,0,0,1,0,0,1,0,0,0,0,0,0,0,0
2020/3/27,1221.09,797.227,19389.43,0,0,0,0,0,0,1,0,0,0,0,0,0,0,0
2020/3/30,1201.27,798.483,19084.97,1,0,0,0,0,0,1,0,0,0,0,0,0,0,0
2020/3/31,1148.97,763.603,18917.01,0,1,0,0,0,0,1,0,0,0,0,0,0,0,0
2020/4/1,1118.92,721.653,18065.41,0,0,1,0,0,0,0,1,0,0,0,0,0,0,0
2020/4/2,1111.16,698.397,17818.72,0,0,0,1,0,0,0,1,0,0,0,0,0,0,0
2020/4/3,1094.89,671.057,17820.19,0,0,0,0,0,0,0,1,0,0,0,0,0,0,0
2020/4/6,1162.92,720.707,18576.3,1,0,0,0,0,0,0,1,0,0,0,0,0,0,0
2020/4/7,1169.64,740.19,18950.18,0,1,0,0,0,0,0,1,0,0,0,0,0,0,0
2020/4/8,1193.52,761.877,19353.24,0,0,1,0,0,0,0,1,0,0,0,0,0,0,0
2020/4/9,1180.6,759.987,19345.77,0,0,0,1,0,0,0,1,0,0,0,0,0,0,0
2020/4/10,1172.66,758.103,19498.5,0,0,0,0,0,0,0,1,0,0,0,0,0,0,0
2020/4/13,1153.22,734.22,19043.4,1,0,0,0,0,0,0,1,0,0,0,0,0,0,0
2020/4/14,1192.97,751.19,19638.81,0,1,0,0,0,0,0,1,0,0,0,0,0,0,0
2020/4/15,1190.85,745.063,19550.09,0,0,1,0,0,0,0,1,0,0,0,0,0,0,0
2020/4/16,1166.83,716.47,19290.2,0,0,0,1,0,0,0,1,0,0,0,0,0,0,0
2020/4/17,1194.04,776.013,19897.26,0,0,0,0,0,0,0,1,0,0,0,0,0,0,0
2020/4/20,1172.66,770.36,19669.12,1,0,0,0,0,0,0,1,0,0,0,0,0,0,0
2020/4/21,1159.41,750.247,19280.78,0,1,0,0,0,0,0,1,0,0,0,0,0,0,0
2020/4/22,1148.8,736.263,19137.95,0,0,1,0,0,0,0,1,0,0,0,0,0,0,0
2020/4/23,1161.17,765.17,19429.44,0,0,0,1,0,0,0,1,0,0,0,0,0,0,0
2020/4/24,1156.39,768.787,19262,0,0,0,0,0,0,0,1,0,0,0,0,0,0,0
2020/4/27,1176.91,796.127,19783.22,1,0,0,0,0,0,0,1,0,0,0,0,0,0,0
2020/4/28,1181.49,780.26,19771.19,0,1,0,0,0,0,0,1,0,0,0,0,0,0,0
2020/4/30,1178.13,820.32,20193.69,0,0,0,1,0,0,0,1,0,0,0,0,0,0,0
2020/5/1,1147.74,771.773,19619.35,0,0,0,0,0,0,0,0,1,0,0,0,0,0,0
2020/5/7,1133.59,754.493,19674.77,0,0,0,1,0,0,0,0,1,0,0,0,0,0,0
2020/5/8,1147.38,797.54,20179.09,0,0,0,0,0,0,0,0,1,0,0,0,0,0,0
2020/5/11,1176.72,821.423,20390.66,1,0,0,0,0,0,0,0,1,0,0,0,0,0,0
2020/5/12,1153.57,792.83,20366.48,0,1,0,0,0,0,0,0,1,0,0,0,0,0,0
2020/5/13,1128.28,792.51,20267.05,0,0,1,0,0,0,0,0,1,0,0,0,0,0,0
2020/5/14,1103.36,758.577,19914.78,0,0,0,1,0,0,0,0,1,0,0,0,0,0,0
2020/5/15,1104.44,770.83,20037.47,0,0,0,0,0,0,0,0,1,0,0,0,0,0,0
2020/5/18,1105.85,781.67,20133.73,1,0,0,0,0,0,0,0,1,0,0,0,0,0,0
2020/5/19,1136.6,810.427,20433.45,0,1,0,0,0,0,0,0,1,0,0,0,0,0,0
2020/5/20,1133.77,808.853,20595.15,0,0,1,0,0,0,0,0,1,0,0,0,0,0,0
2020/5/21,1124.41,803.35,20552.31,0,0,0,1,0,0,0,0,1,0,0,0,0,0,0
2020/5/22,1111.5,792.83,20388.16,0,0,0,0,0,0,0,0,1,0,0,0,0,0,0
2020/5/25,1128.11,826.453,20741.65,1,0,0,0,0,0,0,0,1,0,0,0,0,0,0
2020/5/26,1175.13,862.117,21271.17,0,1,0,0,0,0,0,0,1,0,0,0,0,0,0
2020/5/27,1191.21,883.483,21419.23,0,0,1,0,0,0,0,0,1,0,0,0,0,0,0
2020/5/28,1232.38,910.667,21916.31,0,0,0,1,0,0,0,0,1,0,0,0,0,0,0
2020/5/29,1193.84,874.847,21877.89,0,0,0,0,0,0,0,0,1,0,0,0,0,0,0
2020/6/1,1187.69,878.14,22062.39,1,0,0,0,0,0,0,0,0,1,0,0,0,0,0
2020/6/2,1197.22,887.573,22325.61,0,1,0,0,0,0,0,0,0,1,0,0,0,0,0
2020/6/3,1222.13,910.513,22613.76,0,0,1,0,0,0,0,0,0,1,0,0,0,0,0
2020/6/4,1232.57,916.323,22695.74,0,0,0,1,0,0,0,0,0,1,0,0,0,0,0
2020/6/5,1248.99,950.89,22863.73,0,0,0,0,0,0,0,0,0,1,0,0,0,0,0
2020/6/8,1266.67,955.283,23178.1,1,0,0,0,0,0,0,0,0,1,0,0,0,0,0
2020/6/9,1258.55,950.89,23091.03,0,1,0,0,0,0,0,0,0,1,0,0,0,0,0
2020/6/10,1253.78,954.977,23124.95,0,0,1,0,0,0,0,0,0,1,0,0,0,0,0
2020/6/11,1220.37,900.927,22472.91,0,0,0,1,0,0,0,0,0,1,0,0,0,0,0
2020/6/12,1211.18,884.74,22305.48,0,0,0,0,0,0,0,0,0,1,0,0,0,0,0
2020/6/15,1184.15,861.333,21530.95,1,0,0,0,0,0,0,0,0,1,0,0,0,0,0
2020/6/16,1240.88,927.95,22582.21,0,1,0,0,0,0,0,0,0,1,0,0,0,0,0
2020/6/17,1227.26,917.107,22455.76,0,0,1,0,0,0,0,0,0,1,0,0,0,0,0
2020/6/18,1217.19,911.293,22355.46,0,0,0,1,0,0,0,0,0,1,0,0,0,0,0
2020/6/19,1210.83,902.81,22478.79,0,0,0,0,0,0,0,0,0,1,0,0,0,0,0
2020/6/22,1205,895.743,22437.27,1,0,0,0,0,0,0,0,0,1,0,0,0,0,0
2020/6/23,1218.79,904.697,22549.05,0,1,0,0,0,0,0,0,0,1,0,0,0,0,0
2020/6/24,1233.09,897.157,22534.32,0,0,1,0,0,0,0,0,0,1,0,0,0,0,0
2020/6/25,1200.94,873.43,22259.79,0,0,0,1,0,0,0,0,0,1,0,0,0,0,0
2020/6/26,1213.83,872.333,22512.08,0,0,0,0,0,0,0,0,0,1,0,0,0,0,0
2020/6/29,1194.55,851.117,21995.04,1,0,0,0,0,0,0,0,0,1,0,0,0,0,0
2020/6/30,1195.11,865.887,22288.14,0,1,0,0,0,0,0,0,0,1,0,0,0,0,0
2020/7/1,1176.36,848.29,22121.73,0,0,1,0,0,0,0,0,0,0,1,0,0,0,0
2020/7/2,1197.76,864.003,22145.96,0,0,0,1,0,0,0,0,0,0,1,0,0,0,0
2020/7/3,1194.93,870.13,22306.48,0,0,0,0,0,0,0,0,0,0,1,0,0,0,0
2020/7/6,1212.25,884.11,22714.44,1,0,0,0,0,0,0,0,0,0,1,0,0,0,0
2020/7/7,1196.52,869.663,22614.69,0,1,0,0,0,0,0,0,0,0,1,0,0,0,0
2020/7/8,1189.1,856.617,22438.65,0,0,1,0,0,0,0,0,0,0,1,0,0,0,0
2020/7/9,1185.74,853.947,22529.29,0,0,0,1,0,0,0,0,0,0,1,0,0,0,0
2020/7/10,1160.82,828.493,22290.81,0,0,0,0,0,0,0,0,0,0,1,0,0,0,0
2020/7/13,1195.11,877.67,22784.74,1,0,0,0,0,0,0,0,0,0,1,0,0,0,0
2020/7/14,1191.92,866.83,22587.01,0,1,0,0,0,0,0,0,0,0,1,0,0,0,0
2020/7/15,1207.99,894.17,22945.5,0,0,1,0,0,0,0,0,0,0,1,0,0,0,0
2020/7/16,1200.04,893.23,22770.36,0,0,0,1,0,0,0,0,0,0,1,0,0,0,0
2020/7/17,1204.11,884.903,22696.42,0,0,0,0,0,0,0,0,0,0,1,0,0,0,0
2020/7/20,1200.75,878.93,22717.48,1,0,0,0,0,0,0,0,0,0,1,0,0,0,0
2020/7/21,1197.4,868.873,22884.22,0,1,0,0,0,0,0,0,0,0,1,0,0,0,0
2020/7/22,1189.27,871.383,22751.61,0,0,1,0,0,0,0,0,0,0,1,0,0,0,0
2020/7/27,1190.68,866.673,22715.85,1,0,0,0,0,0,0,0,0,0,1,0,0,0,0
2020/7/28,1172.83,852.06,22657.38,0,1,0,0,0,0,0,0,0,0,1,0,0,0,0
2020/7/29,1136.94,835.25,22397.11,0,0,1,0,0,0,0,0,0,0,1,0,0,0,0
2020/7/30,1137.31,837.45,22339.23,0,0,0,1,0,0,0,0,0,0,1,0,0,0,0
2020/7/31,1098.79,793.14,21710,0,0,0,0,0,0,0,0,0,0,1,0,0,0,0
2020/8/3,1118.74,819.853,22195.38,1,0,0,0,0,0,0,0,0,0,0,1,0,0,0
2020/8/4,1155.69,869.5,22573.66,0,1,0,0,0,0,0,0,0,0,0,1,0,0,0
2020/8/5,1174.95,888.36,22514.85,0,0,1,0,0,0,0,0,0,0,0,1,0,0,0
2020/8/6,1201.83,832.263,22418.15,0,0,0,1,0,0,0,0,0,0,0,1,0,0,0
2020/8/7,1215.6,800.683,22329.94,0,0,0,0,0,0,0,0,0,0,0,1,0,0,0
2020/8/11,1263.66,851.747,22750.24,0,1,0,0,0,0,0,0,0,0,0,1,0,0,0
2020/8/12,1280.31,865.73,22843.96,0,0,1,0,0,0,0,0,0,0,0,1,0,0,0
2020/8/13,1287.53,868.243,23249.61,0,0,0,1,0,0,0,0,0,0,0,1,0,0,0
2020/8/14,1269.15,855.36,23289.36,0,0,0,0,0,0,0,0,0,0,0,1,0,0,0
2020/8/17,1264.73,861.333,23096.75,1,0,0,0,0,0,0,0,0,0,0,1,0,0,0
2020/8/18,1268.28,849.077,23051.08,0,1,0,0,0,0,0,0,0,0,0,1,0,0,0
2020/8/19,1271.65,853.63,23110.61,0,0,1,0,0,0,0,0,0,0,0,1,0,0,0
2020/8/20,1251.99,834.307,22880.62,0,0,0,1,0,0,0,0,0,0,0,1,0,0,0
2020/8/21,1251.66,832.737,22920.3,0,0,0,0,0,0,0,0,0,0,0,1,0,0,0
2020/8/24,1248.66,825.193,22985.51,1,0,0,0,0,0,0,0,0,0,0,1,0,0,0
2020/8/25,1263.51,848.137,23296.77,0,1,0,0,0,0,0,0,0,0,0,1,0,0,0
2020/8/26,1258.91,851.747,23290.86,0,0,1,0,0,0,0,0,0,0,0,1,0,0,0
2020/8/27,1250.07,845.933,23208.86,0,0,0,1,0,0,0,0,0,0,0,1,0,0,0
2020/8/28,1247.06,852.06,22882.65,0,0,0,0,0,0,0,0,0,0,0,1,0,0,0
2020/8/31,1238.22,857.563,23139.76,1,0,0,0,0,0,0,0,0,0,0,1,0,0,0
2020/9/1,1233.45,848.76,23138.07,0,1,0,0,0,0,0,0,0,0,0,0,1,0,0
2020/9/2,1232.22,838.55,23247.15,0,0,1,0,0,0,0,0,0,0,0,0,1,0,0
2020/9/3,1235.56,847.187,23465.53,0,0,0,1,0,0,0,0,0,0,0,0,1,0,0
2020/9/4,1245.3,866.043,23205.43,0,0,0,0,0,0,0,0,0,0,0,0,1,0,0
2020/9/7,1231.15,862.117,23089.95,1,0,0,0,0,0,0,0,0,0,0,0,1,0,0
2020/9/8,1239.83,848.443,23274.13,0,1,0,0,0,0,0,0,0,0,0,0,1,0,0
2020/9/9,1217.01,830.537,23032.54,0,0,1,0,0,0,0,0,0,0,0,0,1,0,0
2020/9/10,1229.22,838.55,23235.47,0,0,0,1,0,0,0,0,0,0,0,0,1,0,0
2020/9/11,1229.4,833.993,23406.49,0,0,0,0,0,0,0,0,0,0,0,0,1,0,0
2020/9/14,1245.47,845.777,23559.3,1,0,0,0,0,0,0,0,0,0,0,0,1,0,0
2020/9/15,1248.83,848.29,23454.89,0,1,0,0,0,0,0,0,0,0,0,0,1,0,0
2020/9/16,1248.47,826.29,23475.53,0,0,1,0,0,0,0,0,0,0,0,0,1,0,0
2020/9/17,1240.88,813.883,23319.37,0,0,0,1,0,0,0,0,0,0,0,0,1,0,0
2020/9/18,1243.87,821.11,23360.3,0,0,0,0,0,0,0,0,0,0,0,0,1,0,0
2020/9/23,1251.48,798.01,23346.49,0,0,1,0,0,0,0,0,0,0,0,0,1,0,0
2020/9/24,1224.43,764.387,23087.82,0,0,0,1,0,0,0,0,0,0,0,0,1,0,0
2020/9/25,1242.65,777.583,23204.62,0,0,0,0,0,0,0,0,0,0,0,0,1,0,0
2020/9/28,1268.8,775.07,23511.62,1,0,0,0,0,0,0,0,0,0,0,0,1,0,0
2020/9/29,1274.88,777.113,23539.1,0,1,0,0,0,0,0,0,0,0,0,0,1,0,0
2020/9/30,1242.46,777.27,23185.12,0,0,1,0,0,0,0,0,0,0,0,0,1,0,0
2020/10/1,,,23185.12,0,0,0,1,0,0,0,0,0,0,0,0,0,1,0
2020/10/2,1235.11,784.657,23029.9,0,0,0,0,0,0,0,0,0,0,0,0,0,1,0
2020/10/5,1238.33,804.93,23312.14,1,0,0,0,0,0,0,0,0,0,0,0,0,1,0
2020/10/6,1247.11,821.897,23433.73,0,1,0,0,0,0,0,0,0,0,0,0,0,1,0
2020/10/7,1255.17,822.833,23422.82,0,0,1,0,0,0,0,0,0,0,0,0,0,1,0
2020/10/8,1260.73,817.337,23647.07,0,0,0,1,0,0,0,0,0,0,0,0,0,1,0
2020/10/9,1248.74,811.367,23619.69,0,0,0,0,0,0,0,0,0,0,0,0,0,1,0
2020/10/12,1238.69,796.443,23558.69,1,0,0,0,0,0,0,0,0,0,0,0,0,1,0
2020/10/13,1260.01,804.77,23601.78,0,1,0,0,0,0,0,0,0,0,0,0,0,1,0
2020/10/14,1242.98,796.6,23626.73,0,0,1,0,0,0,0,0,0,0,0,0,0,1,0
2020/10/15,1239.4,794.24,23507.23,0,0,0,1,0,0,0,0,0,0,0,0,0,1,0
2020/10/16,1224,795.34,23410.63,0,0,0,0,0,0,0,0,0,0,0,0,0,1,0
2020/10/19,1244.79,812.313,23671.13,1,0,0,0,0,0,0,0,0,0,0,0,0,1,0
2020/10/20,1236.17,806.027,23567.04,0,1,0,0,0,0,0,0,0,0,0,0,0,1,0
2020/10/21,1256.25,820.64,23639.46,0,0,1,0,0,0,0,0,0,0,0,0,0,1,0
2020/10/22,1248.55,804.77,23474.27,0,0,0,1,0,0,0,0,0,0,0,0,0,1,0
2020/10/23,1249.8,810.737,23516.59,0,0,0,0,0,0,0,0,0,0,0,0,0,1,0
2020/10/26,1252.83,812.313,23494.34,1,0,0,0,0,0,0,0,0,0,0,0,0,1,0
2020/10/27,1247.65,798.17,23485.8,0,1,0,0,0,0,0,0,0,0,0,0,0,1,0
2020/10/28,1235.83,779.473,23418.51,0,0,1,0,0,0,0,0,0,0,0,0,0,1,0
2020/10/29,1235.45,780.26,23331.94,0,0,0,1,0,0,0,0,0,0,0,0,0,1,0
2020/10/30,1219.34,765.17,22977.13,0,0,0,0,0,0,0,0,0,0,0,0,0,1,0
2020/11/2,1245.5,793.297,23295.48,1,0,0,0,0,0,0,0,0,0,0,0,0,0,1
2020/11/4,1250.33,801.937,23695.23,0,0,1,0,0,0,0,0,0,0,0,0,0,0,1
2020/11/5,1251.77,793.77,24105.28,0,0,0,1,0,0,0,0,0,0,0,0,0,0,1
2020/11/6,1258.04,813.727,24325.23,0,0,0,0,0,0,0,0,0,0,0,0,0,0,1
2020/11/9,1285.65,890.397,24839.84,1,0,0,0,0,0,0,0,0,0,0,0,0,0,1
2020/11/10,1302.49,919.94,24905.59,0,1,0,0,0,0,0,0,0,0,0,0,0,0,1
2020/11/11,1344.8,940.993,25349.6,0,0,1,0,0,0,0,0,0,0,0,0,0,0,1
2020/11/12,1332.62,926.38,25520.88,0,0,0,1,0,0,0,0,0,0,0,0,0,0,1
2020/11/13,1311.27,915.693,25385.87,0,0,0,0,0,0,0,0,0,0,0,0,0,0,1
2020/11/16,1339.58,960.003,25906.93,1,0,0,0,0,0,0,0,0,0,0,0,0,0,1
2020/11/17,1333.33,964.713,26014.62,0,1,0,0,0,0,0,0,0,0,0,0,0,0,1
2020/11/18,1311.83,928.263,25728.14,0,0,1,0,0,0,0,0,0,0,0,0,0,0,1
2020/11/19,1308.6,930.623,25634.34,0,0,0,1,0,0,0,0,0,0,0,0,0,0,1
2020/11/20,1317.73,935.49,25527.37,0,0,0,0,0,0,0,0,0,0,0,0,0,0,1
2020/11/24,1331.89,960.947,26165.59,0,1,0,0,0,0,0,0,0,0,0,0,0,0,1
2020/11/25,1317.37,960.633,26296.86,0,0,1,0,0,0,0,0,0,0,0,0,0,0,1
2020/11/26,1308.6,941.463,26537.31,0,0,0,1,0,0,0,0,0,0,0,0,0,0,1
2020/11/27,1299.82,935.49,26644.71,0,0,0,0,0,0,0,0,0,0,0,0,0,0,1
2020/11/30,1254.46,902.337,26433.62,1,0,0,0,0,0,0,0,0,0,0,0,0,0,1
2020/12/1,1257.85,911.137,26787.54,0,1,0,0,0,0,0,0,0,0,0,0,0,0,0
2020/12/2,1268.8,957.49,26800.98,0,0,1,0,0,0,0,0,0,0,0,0,0,0,0
2020/12/3,1284.04,969.43,26809.37,0,0,0,1,0,0,0,0,0,0,0,0,0,0,0
2020/12/4,1287.08,983.567,26751.24,0,0,0,0,0,0,0,0,0,0,0,0,0,0,0
2020/12/7,1291.2,979.8,26547.44,1,0,0,0,0,0,0,0,0,0,0,0,0,0,0
2020/12/8,1290.32,968.8,26467.08,0,1,0,0,0,0,0,0,0,0,0,0,0,0,0
2020/12/9,1317.2,982.94,26817.94,0,0,1,0,0,0,0,0,0,0,0,0,0,0,0
2020/12/10,1340.67,974.143,26756.24,0,0,0,1,0,0,0,0,0,0,0,0,0,0,0
2020/12/11,1401.61,962.83,26652.52,0,0,0,0,0,0,0,0,0,0,0,0,0,0,0
2020/12/14,1425.29,954.657,26732.44,1,0,0,0,0,0,0,0,0,0,0,0,0,0,0
2020/12/15,1416.84,961.887,26687.84,0,1,0,0,0,0,0,0,0,0,0,0,0,0,0
2020/12/16,1430.3,960.003,26757.4,0,0,1,0,0,0,0,0,0,0,0,0,0,0,0
2020/12/17,1433.87,950.257,26806.67,0,0,0,1,0,0,0,0,0,0,0,0,0,0,0
2020/12/18,1417.92,972.26,26763.39,0,0,0,0,0,0,0,0,0,0,0,0,0,0,0
2020/12/21,1406.99,947.437,26714.42,1,0,0,0,0,0,0,0,0,0,0,0,0,0,0
2020/12/22,1393.89,937.22,26436.39,0,1,0,0,0,0,0,0,0,0,0,0,0,0,0
2020/12/23,1383.7,915.383,26524.79,0,0,1,0,0,0,0,0,0,0,0,0,0,0,0
2020/12/24,1387.82,925.75,26668.35,0,0,0,1,0,0,0,0,0,0,0,0,0,0,0
2020/12/25,1396.07,921.663,26656.61,0,0,0,0,0,0,0,0,0,0,0,0,0,0,0
2020/12/28,1415.59,918.053,26854.03,1,0,0,0,0,0,0,0,0,0,0,0,0,0,0
2020/12/29,1436.37,924.047,27568.15,0,1,0,0,0,0,0,0,0,0,0,0,0,0,0
2020/12/30,1426.18,907.647,27444.17,0,0,1,0,0,0,0,0,0,0,0,0,0,0,0
2021/1/4,1420.96,902.597,27258.38,1,0,0,0,1,0,0,0,0,0,0,0,0,0,0
2021/1/5,1400.17,888.717,27158.63,0,1,0,0,1,0,0,0,0,0,0,0,0,0,0
2021/1/6,1401.26,906.85,27055.94,0,0,1,0,1,0,0,0,0,0,0,0,0,0,0
2021/1/7,1401.26,916.79,27490.13,0,0,0,1,1,0,0,0,0,0,0,0,0,0,0
2021/1/8,1422.93,925.307,28139.03,0,0,0,0,1,0,0,0,0,0,0,0,0,0,0
2021/1/12,1414.53,910.953,28164.34,0,1,0,0,1,0,0,0,0,0,0,0,0,0,0
2021/1/13,1406.27,921.367,28456.59,0,0,1,0,1,0,0,0,0,0,0,0,0,0,0
2021/1/14,1409.34,920.733,28698.26,0,0,0,1,1,0,0,0,0,0,0,0,0,0,0
2021/1/15,1386.01,894.237,28519.18,0,0,0,0,1,0,0,0,0,0,0,0,0,0,0
2021/1/18,1368.63,878.94,28242.21,1,0,0,0,1,0,0,0,0,0,0,0,0,0,0
2021/1/19,1381.53,893.763,28633.46,0,1,0,0,1,0,0,0,0,0,0,0,0,0,0
2021/1/20,1377.59,898.653,28523.26,0,0,1,0,1,0,0,0,0,0,0,0,0,0,0
2021/1/21,1387.98,912.213,28756.86,0,0,0,1,1,0,0,0,0,0,0,0,0,0,0
2021/1/22,1372.94,899.443,28631.45,0,0,0,0,1,0,0,0,0,0,0,0,0,0,0
2021/1/25,1375.97,890.927,28822.29,1,0,0,0,1,0,0,0,0,0,0,0,0,0,0
2021/1/26,1344.26,885.247,28546.18,0,1,0,0,1,0,0,0,0,0,0,0,0,0,0
2021/1/27,1349.28,895.027,28635.21,0,0,1,0,1,0,0,0,0,0,0,0,0,0,0
2021/1/28,1325.8,880.99,28197.42,0,0,0,1,1,0,0,0,0,0,0,0,0,0,0
2021/1/29,1308.41,871.997,27663.39,0,0,0,0,1,0,0,0,0,0,0,0,0,0,0
2021/2/1,1307.33,874.997,28091.05,1,0,0,0,0,1,0,0,0,0,0,0,0,0,0
2021/2/2,1336.2,885.72,28362.17,0,1,0,0,0,1,0,0,0,0,0,0,0,0,0
2021/2/3,1394.8,913.477,28646.5,0,0,1,0,0,1,0,0,0,0,0,0,0,0,0
2021/2/4,1390.67,917.897,28341.95,0,0,0,1,0,1,0,0,0,0,0,0,0,0,0
2021/2/5,1419.89,936.503,28779.19,0,0,0,0,0,1,0,0,0,0,0,0,0,0,0
2021/2/8,1440.5,950.383,29388.5,1,0,0,0,0,1,0,0,0,0,0,0,0,0,0
2021/2/9,1432.8,939.03,29505.93,0,1,0,0,0,1,0,0,0,0,0,0,0,0,0
2021/2/10,1457.16,987.287,29562.93,0,0,1,0,0,1,0,0,0,0,0,0,0,0,0
2021/2/12,1507.9,952.277,29520.07,0,0,0,0,0,1,0,0,0,0,0,0,0,0,0
2021/2/15,1515.6,962.683,30084.15,1,0,0,0,0,1,0,0,0,0,0,0,0,0,0
2021/2/16,1488.18,965.523,30467.75,0,1,0,0,0,1,0,0,0,0,0,0,0,0,0
2021/2/17,1478.14,974.04,30292.19,0,0,1,0,0,1,0,0,0,0,0,0,0,0,0
2021/2/18,1450.54,962.683,30236.09,0,0,0,1,0,1,0,0,0,0,0,0,0,0,0
2021/2/19,1445.53,940.29,30017.92,0,0,0,0,0,1,0,0,0,0,0,0,0,0,0
2021/2/22,1444.62,939.19,30156.03,1,0,0,0,0,1,0,0,0,0,0,0,0,0,0
2021/2/24,1414.34,942.813,29671.7,0,0,1,0,0,1,0,0,0,0,0,0,0,0,0
2021/2/25,1437.1,954.483,30168.27,0,0,0,1,0,1,0,0,0,0,0,0,0,0,0
2021/2/26,1411.12,918.363,28966.01,0,0,0,0,0,1,0,0,0,0,0,0,0,0,0
2021/3/1,1420.42,951.96,29663.5,1,0,0,0,0,0,1,0,0,0,0,0,0,0,0
2021/3/2,1420.07,944.39,29408.17,0,1,0,0,0,0,1,0,0,0,0,0,0,0,0
2021/3/3,1428.69,978.143,29559.1,0,0,1,0,0,0,1,0,0,0,0,0,0,0,0
2021/3/4,1419.89,962.683,28930.11,0,0,0,1,0,0,1,0,0,0,0,0,0,0,0
2021/3/5,1428.32,978.143,28864.32,0,0,0,0,0,0,1,0,0,0,0,0,0,0,0
2021/3/8,1426.89,993.597,28743.25,1,0,0,0,0,0,1,0,0,0,0,0,0,0,0
2021/3/9,1467.76,1030.19,29027.94,0,1,0,0,0,0,1,0,0,0,0,0,0,0,0
2021/3/10,1456.83,1015.05,29036.56,0,0,1,0,0,0,1,0,0,0,0,0,0,0,0
2021/3/11,1450.19,1006.84,29211.64,0,0,0,1,0,0,1,0,0,0,0,0,0,0,0
2021/3/12,1459.85,1015.68,29717.83,0,0,0,0,0,0,1,0,0,0,0,0,0,0,0
2021/3/15,1494.81,1047.22,29766.97,1,0,0,0,0,0,1,0,0,0,0,0,0,0,0
2021/3/16,1482.09,1052.58,29921.09,0,1,0,0,0,0,1,0,0,0,0,0,0,0,0
2021/3/17,1489.08,1038.39,29914.33,0,0,1,0,0,0,1,0,0,0,0,0,0,0,0
2021/3/18,1550.38,1048.16,30216.75,0,0,0,1,0,0,1,0,0,0,0,0,0,0,0
2021/3/19,1549.31,1094.85,29792.05,0,0,0,0,0,0,1,0,0,0,0,0,0,0,0
2021/3/22,1498.75,1055.1,29174.15,1,0,0,0,0,0,1,0,0,0,0,0,0,0,0
2021/3/23,1488.35,1040.6,28995.92,0,1,0,0,0,0,1,0,0,0,0,0,0,0,0
2021/3/24,1455.37,1023.88,28405.52,0,0,1,0,0,0,1,0,0,0,0,0,0,0,0
2021/3/25,1462.01,1033.34,28729.88,0,0,0,1,0,0,1,0,0,0,0,0,0,0,0
2021/3/26,1498.22,1042.17,29176.7,0,0,0,0,0,0,1,0,0,0,0,0,0,0,0
2021/3/29,1517.22,1048.16,29384.52,1,0,0,0,0,0,1,0,0,0,0,0,0,0,0
2021/3/30,1523.05,1050.39,29432.7,0,1,0,0,0,0,1,0,0,0,0,0,0,0,0
2021/3/31,1569.31,1052.92,29178.8,0,0,1,0,0,0,1,0,0,0,0,0,0,0,0
2021/4/1,1534.15,1046.9,29388.87,0,0,0,1,0,0,0,1,0,0,0,0,0,0,0
2021/4/2,1541.26,1038.33,29854,0,0,0,0,0,0,0,1,0,0,0,0,0,0,0
2021/4/5,1541.08,1052.92,30089.25,1,0,0,0,0,0,0,1,0,0,0,0,0,0,0
2021/4/6,1523.78,1024.06,29696.63,0,1,0,0,0,0,0,1,0,0,0,0,0,0,0
2021/4/7,1545.81,1033.89,29730.79,0,0,1,0,0,0,0,1,0,0,0,0,0,0,0
2021/4/8,1533.25,1026.91,29708.98,0,0,0,1,0,0,0,1,0,0,0,0,0,0,0
2021/4/9,1533.25,1019.93,29768.06,0,0,0,0,0,0,0,1,0,0,0,0,0,0,0
2021/4/12,1536.34,1024.37,29538.73,1,0,0,0,0,0,0,1,0,0,0,0,0,0,0
2021/4/13,1549.45,1043.73,29751.61,0,1,0,0,0,0,0,1,0,0,0,0,0,0,0
2021/4/14,1545.45,1042.77,29620.99,0,0,1,0,0,0,0,1,0,0,0,0,0,0,0
2021/4/15,1559.84,1056.41,29642.69,0,0,0,1,0,0,0,1,0,0,0,0,0,0,0
2021/4/16,1553.66,1055.14,29683.37,0,0,0,0,0,0,0,1,0,0,0,0,0,0,0
2021/4/19,1552.2,1062.76,29685.37,1,0,0,0,0,0,0,1,0,0,0,0,0,0,0
2021/4/20,1533.25,1038.65,29100.38,0,1,0,0,0,0,0,1,0,0,0,0,0,0,0
2021/4/21,1495.73,1011.68,28508.55,0,0,1,0,0,0,0,1,0,0,0,0,0,0,0
2021/4/22,1524.14,1031.67,29188.17,0,0,0,1,0,0,0,1,0,0,0,0,0,0,0
2021/4/23,1507.56,1025.64,29020.63,0,0,0,0,0,0,0,1,0,0,0,0,0,0,0
2021/4/26,1505.39,1043.73,29126.23,1,0,0,0,0,0,0,1,0,0,0,0,0,0,0
2021/4/27,1488.43,1023.74,28991.89,0,1,0,0,0,0,0,1,0,0,0,0,0,0,0
2021/4/28,1511.56,1035.8,29053.97,0,0,1,0,0,0,0,1,0,0,0,0,0,0,0
2021/4/30,1480.24,1025.33,28812.63,0,0,0,0,0,0,0,1,0,0,0,0,0,0,0
2021/5/6,1523.23,1052.61,29331.37,0,0,0,1,0,0,0,0,1,0,0,0,0,0,0
2021/5/7,1523.4,1065.93,29357.82,0,0,0,0,0,0,0,0,1,0,0,0,0,0,0
2021/5/10,1549.28,1088.45,29518.34,1,0,0,0,0,0,0,0,1,0,0,0,0,0,0
2021/5/11,1519.22,1057.05,28608.59,0,1,0,0,0,0,0,0,1,0,0,0,0,0,0
2021/5/12,1552.36,1042.46,28147.51,0,0,1,0,0,0,0,0,1,0,0,0,0,0,0
2021/5/13,1528.51,1044.99,27448.01,0,0,0,1,0,0,0,0,1,0,0,0,0,0,0
2021/5/14,1544.18,1055.46,28084.47,0,0,0,0,0,0,0,0,1,0,0,0,0,0,0
2021/5/17,1575.14,1027.23,27824.83,1,0,0,0,0,0,0,0,1,0,0,0,0,0,0
2021/5/18,1606.28,1061.49,28406.84,0,1,0,0,0,0,0,0,1,0,0,0,0,0,0
2021/5/19,1584.42,1049.75,28044.45,0,0,1,0,0,0,0,0,1,0,0,0,0,0,0
2021/5/20,1578.23,1044.36,28098.25,0,0,0,1,0,0,0,0,1,0,0,0,0,0,0
2021/5/21,1592.43,1049.75,28317.83,0,0,0,0,0,0,0,0,1,0,0,0,0,0,0
2021/5/24,1609.19,1065.61,28364.61,1,0,0,0,0,0,0,0,1,0,0,0,0,0,0
2021/5/25,1616.86,1056.41,28553.98,0,1,0,0,0,0,0,0,1,0,0,0,0,0,0
2021/5/26,1622.14,1045.94,28642.19,0,0,1,0,0,0,0,0,1,0,0,0,0,0,0
2021/5/27,1635.61,1061.81,28549.01,0,0,0,1,0,0,0,0,1,0,0,0,0,0,0
2021/5/28,1663.86,1100.19,29149.41,0,0,0,0,0,0,0,0,1,0,0,0,0,0,0
2021/5/31,1660.2,1063.71,28860.08,1,0,0,0,0,0,0,0,1,0,0,0,0,0,0
2021/6/1,1716.31,1067.52,28814.34,0,1,0,0,0,0,0,0,0,1,0,0,0,0,0
2021/6/2,1753.63,1116.05,28946.14,0,0,1,0,0,0,0,0,0,1,0,0,0,0,0
2021/6/3,1783.14,1139.21,29058.11,0,0,0,1,0,0,0,0,0,1,0,0,0,0,0
2021/6/4,1812.1,1150.63,28941.52,0,0,0,0,0,0,0,0,0,1,0,0,0,0,0
2021/6/7,1806.28,1138.9,29019.24,1,0,0,0,0,0,0,0,0,1,0,0,0,0,0
2021/6/8,1795.15,1139.53,28963.56,0,1,0,0,0,0,0,0,0,1,0,0,0,0,0
2021/6/9,1804.28,1139.21,28860.8,0,0,1,0,0,0,0,0,0,1,0,0,0,0,0
2021/6/10,1796.98,1134.46,28958.56,0,0,0,1,0,0,0,0,0,1,0,0,0,0,0
2021/6/11,1796.07,1137.31,28948.73,0,0,0,0,0,0,0,0,0,1,0,0,0,0,0
2021/6/14,1803.16,1136.99,29161.8,1,0,0,0,0,0,0,0,0,1,0,0,0,0,0
2021/6/15,1835.05,1150.32,29441.3,0,1,0,0,0,0,0,0,0,1,0,0,0,0,0
2021/6/16,1853.27,1150,29291.01,0,0,1,0,0,0,0,0,0,1,0,0,0,0,0
2021/6/17,1863.29,1145.24,29018.33,0,0,0,1,0,0,0,0,0,1,0,0,0,0,0
2021/6/18,1790.97,1121.45,28964.08,0,0,0,0,0,0,0,0,0,1,0,0,0,0,0
2021/6/21,1755.45,1077.35,28010.93,1,0,0,0,0,0,0,0,0,1,0,0,0,0,0
2021/6/22,1814.1,1116.37,28884.13,0,1,0,0,0,0,0,0,0,1,0,0,0,0,0
2021/6/23,1781.68,1104.95,28874.89,0,0,1,0,0,0,0,0,0,1,0,0,0,0,0
2021/6/24,1789.34,1120.18,28875.23,0,0,0,1,0,0,0,0,0,1,0,0,0,0,0
2021/6/25,1793.89,1139.85,29066.18,0,0,0,0,0,0,0,0,0,1,0,0,0,0,0
2021/6/28,1792.61,1151.9,29048.02,1,0,0,0,0,0,0,0,0,1,0,0,0,0,0
2021/6/29,1774.02,1127.48,28812.61,0,1,0,0,0,0,0,0,0,1,0,0,0,0,0
2021/6/30,1768.57,1126.21,28791.53,0,0,1,0,0,0,0,0,0,1,0,0,0,0,0
2021/7/1,1764.93,1129.7,28707.04,0,0,0,1,0,0,0,0,0,0,1,0,0,0,0
2021/7/2,1788.61,1145.24,28783.28,0,0,0,0,0,0,0,0,0,0,1,0,0,0,0
2021/7/5,1779.87,1139.21,28598.19,1,0,0,0,0,0,0,0,0,0,1,0,0,0,0
2021/7/6,1783.87,1140.8,28643.21,0,1,0,0,0,0,0,0,0,0,1,0,0,0,0
2021/7/7,1772.94,1129.38,28366.95,0,0,1,0,0,0,0,0,0,0,1,0,0,0,0
2021/7/8,1762.2,1101.14,28118.03,0,0,0,1,0,0,0,0,0,0,1,0,0,0,0
2021/7/9,1757.65,1093.85,27940.42,0,0,0,0,0,0,0,0,0,0,1,0,0,0,0
2021/7/12,1787.7,1130.97,28569.02,1,0,0,0,0,0,0,0,0,0,1,0,0,0,0
2021/7/13,1796.8,1137.94,28718.24,0,1,0,0,0,0,0,0,0,0,1,0,0,0,0
2021/7/14,1797.53,1134.77,28608.49,0,0,1,0,0,0,0,0,0,0,1,0,0,0,0
2021/7/15,1790.79,1114.78,28279.09,0,0,0,1,0,0,0,0,0,0,1,0,0,0,0
2021/7/16,1796.98,1115.42,28003.08,0,0,0,0,0,0,0,0,0,0,1,0,0,0,0
2021/7/19,1774.02,1096.71,27652.74,1,0,0,0,0,0,0,0,0,0,1,0,0,0,0
2021/7/20,1750.72,1072.59,27388.16,0,1,0,0,0,0,0,0,0,0,1,0,0,0,0
2021/7/21,1771.31,1084.33,27548,0,0,1,0,0,0,0,0,0,0,1,0,0,0,0
2021/7/26,1790.24,1091.31,27833.29,1,0,0,0,0,0,0,0,0,0,1,0,0,0,0
2021/7/27,1797.89,1099.88,27970.22,0,1,0,0,0,0,0,0,0,0,1,0,0,0,0
2021/7/28,1785.68,1104.64,27581.66,0,0,1,0,0,0,0,0,0,0,1,0,0,0,0
2021/7/29,1795.15,1123.67,27782.42,0,0,0,1,0,0,0,0,0,0,1,0,0,0,0
2021/7/30,1785.87,1108.12,27283.59,0,0,0,0,0,0,0,0,0,0,1,0,0,0,0
2021/8/2,1826.85,1137.63,27781.02,1,0,0,0,0,0,0,0,0,0,0,1,0,0,0
2021/8/3,1831.4,1132.87,27641.83,0,1,0,0,0,0,0,0,0,0,0,1,0,0,0
2021/8/4,1815.92,1125.25,27584.08,0,0,1,0,0,0,0,0,0,0,0,1,0,0,0
2021/8/5,1813.02,1145.88,27728.12,0,0,0,1,0,0,0,0,0,0,0,1,0,0,0
2021/8/6,1791.88,1152.54,27820.04,0,0,0,0,0,0,0,0,0,0,0,1,0,0,0
2021/8/10,1798.81,1142.39,27888.15,0,1,0,0,0,0,0,0,0,0,0,1,0,0,0
2021/8/11,1816.45,1157.62,28070.51,0,0,1,0,0,0,0,0,0,0,0,1,0,0,0
2021/8/12,1814.1,1142.07,28015.02,0,0,0,1,0,0,0,0,0,0,0,1,0,0,0
2021/8/13,1815.01,1133.82,27977.15,0,0,0,0,0,0,0,0,0,0,0,1,0,0,0
2021/8/16,1787.33,1116.05,27523.19,1,0,0,0,0,0,0,0,0,0,0,1,0,0,0
2021/8/17,1776.4,1108.12,27424.47,0,1,0,0,0,0,0,0,0,0,0,1,0,0,0
2021/8/18,1771.31,1104,27585.91,0,0,1,0,0,0,0,0,0,0,0,1,0,0,0
2021/8/19,1692.98,1073.86,27281.17,0,0,0,1,0,0,0,0,0,0,0,1,0,0,0
2021/8/20,1623.77,1021.83,27013.25,0,0,0,0,0,0,0,0,0,0,0,1,0,0,0
2021/8/23,1679.69,1046.26,27494.24,1,0,0,0,0,0,0,0,0,0,0,1,0,0,0
2021/8/24,1688.8,1040.87,27732.1,0,1,0,0,0,0,0,0,0,0,0,1,0,0,0
2021/8/25,1727.39,1041.19,27724.8,0,0,1,0,0,0,0,0,0,0,0,1,0,0,0
2021/8/26,1731.6,1033.57,27742.29,0,0,0,1,0,0,0,0,0,0,0,1,0,0,0
2021/8/27,1723.04,1030.08,27641.14,0,0,0,0,0,0,0,0,0,0,0,1,0,0,0
2021/8/30,1736.51,1050.7,27789.29,1,0,0,0,0,0,0,0,0,0,0,1,0,0,0
2021/8/31,1747.08,1060.22,28089.54,0,1,0,0,0,0,0,0,0,0,0,1,0,0,0
2021/9/1,1757.99,1064.98,28451.02,0,0,1,0,0,0,0,0,0,0,0,0,1,0,0
2021/9/2,1757.65,1059.59,28543.51,0,0,0,1,0,0,0,0,0,0,0,0,1,0,0
2021/9/3,1776.94,1072.59,29128.11,0,0,0,0,0,0,0,0,0,0,0,0,1,0,0
2021/9/6,1814.46,1072.91,29659.89,1,0,0,0,0,0,0,0,0,0,0,0,1,0,0
2021/9/7,1822.31,1088.45,29916.14,0,1,0,0,0,0,0,0,0,0,0,0,1,0,0
2021/9/8,1817.19,1102.1,30181.21,0,0,1,0,0,0,0,0,0,0,0,0,1,0,0
2021/9/9,1802.83,1080.84,30008.19,0,0,0,1,0,0,0,0,0,0,0,0,1,0,0
2021/9/10,1813.92,1088.45,30381.84,0,0,0,0,0,0,0,0,0,0,0,0,1,0,0
2021/9/13,1784.05,1074.5,30447.37,1,0,0,0,0,0,0,0,0,0,0,0,1,0,0
2021/9/14,1811.55,1092.9,30670.1,0,1,0,0,0,0,0,0,0,0,0,0,1,0,0
2021/9/15,1798.81,1072.91,30511.71,0,0,1,0,0,0,0,0,0,0,0,0,1,0,0
2021/9/16,1810.46,1083.06,30323.34,0,0,0,1,0,0,0,0,0,0,0,0,1,0,0
2021/9/17,1825.02,1093.85,30500.05,0,0,0,0,0,0,0,0,0,0,0,0,1,0,0
2021/9/21,1808.44,1058.95,29839.71,0,1,0,0,0,0,0,0,0,0,0,0,1,0,0
2021/9/22,1788.61,1042.14,29639.4,0,0,1,0,0,0,0,0,0,0,0,0,1,0,0
2021/9/24,1839.6,1083.06,30248.81,0,0,0,0,0,0,0,0,0,0,0,0,1,0,0
2021/9/27,1881.49,1097.34,30240.06,1,0,0,0,0,0,0,0,0,0,0,0,1,0,0
2021/9/28,1891.51,1127.79,30183.96,0,1,0,0,0,0,0,0,0,0,0,0,1,0,0
2021/9/29,1909.93,1142.94,29544.29,0,0,1,0,0,0,0,0,0,0,0,0,1,0,0
2021/9/30,1842.67,1113.29,29452.66,0,0,0,1,0,0,0,0,0,0,0,0,1,0,0
2021/10/1,1812.28,1092.99,28771.07,0,0,0,0,0,0,0,0,0,0,0,0,0,1,0
2021/10/4,1780.02,1099.76,28444.89,1,0,0,0,0,0,0,0,0,0,0,0,0,1,0
2021/10/5,1752.39,1099.44,27822.12,0,1,0,0,0,0,0,0,0,0,0,0,0,1,0
2021/10/6,1695.27,1072.05,27528.87,0,0,1,0,0,0,0,0,0,0,0,0,0,1,0
2021/10/7,1721.98,1073.66,27678.21,0,0,0,1,0,0,0,0,0,0,0,0,0,1,0
2021/10/8,1771.75,1085.9,28048.94,0,0,0,0,0,0,0,0,0,0,0,0,0,1,0
2021/10/11,1830.7,1106.2,28498.2,1,0,0,0,0,0,0,0,0,0,0,0,0,1,0
2021/10/12,1844.98,1108.46,28230.61,0,1,0,0,0,0,0,0,0,0,0,0,0,1,0
2021/10/13,1820.58,1102.66,28140.28,0,0,1,0,0,0,0,0,0,0,0,0,0,1,0
2021/10/14,1829.33,1105.24,28550.93,0,0,0,1,0,0,0,0,0,0,0,0,0,1,0
2021/10/15,1836.68,1120.38,29068.63,0,0,0,0,0,0,0,0,0,0,0,0,0,1,0
2021/10/18,1879.54,1135.85,29025.46,1,0,0,0,0,0,0,0,0,0,0,0,0,1,0
2021/10/19,1870.32,1128.11,29215.52,0,1,0,0,0,0,0,0,0,0,0,0,0,1,0
2021/10/20,1871.7,1124.25,29255.55,0,0,1,0,0,0,0,0,0,0,0,0,0,1,0
2021/10/21,1827.48,1100.72,28708.58,0,0,0,1,0,0,0,0,0,0,0,0,0,1,0
2021/10/22,1827.48,1101.05,28804.85,0,0,0,0,0,0,0,0,0,0,0,0,0,1,0
2021/10/25,1793.38,1093.96,28600.41,1,0,0,0,0,0,0,0,0,0,0,0,0,1,0
2021/10/26,1824.25,1099.11,29106.01,0,1,0,0,0,0,0,0,0,0,0,0,0,1,0
2021/10/27,1846.37,1087.19,29098.24,0,0,1,0,0,0,0,0,0,0,0,0,0,1,0
2021/10/28,1842.67,1084.94,28820.09,0,0,0,1,0,0,0,0,0,0,0,0,0,1,0
2021/10/29,1848.67,1079.14,28892.69,0,0,0,0,0,0,0,0,0,0,0,0,0,1,0
2021/11/1,1888.75,1121.03,29647.08,1,0,0,0,0,0,0,0,0,0,0,0,0,0,1
2021/11/2,1886.91,1112.65,29520.9,0,1,0,0,0,0,0,0,0,0,0,0,0,0,1
2021/11/4,1900.73,1133.59,29794.37,0,0,0,1,0,0,0,0,0,0,0,0,0,0,1
2021/11/5,1874.92,1098.47,29611.57,0,0,0,0,0,0,0,0,0,0,0,0,0,0,1
2021/11/8,1868.48,1061.74,29507.05,1,0,0,0,0,0,0,0,0,0,0,0,0,0,1
2021/11/9,1838.08,1061.74,29285.46,0,1,0,0,0,0,0,0,0,0,0,0,0,0,1
2021/11/10,1847.75,1050.46,29106.78,0,0,1,0,0,0,0,0,0,0,0,0,0,0,1
2021/11/11,1870.32,1043.37,29277.86,0,0,0,1,0,0,0,0,0,0,0,0,0,0,1
2021/11/12,1915,1056.58,29609.97,0,0,0,0,0,0,0,0,0,0,0,0,0,0,1
2021/11/15,1936.65,1069.79,29776.8,1,0,0,0,0,0,0,0,0,0,0,0,0,0,1
2021/11/16,1973.05,1067.54,29808.12,0,1,0,0,0,0,0,0,0,0,0,0,0,0,1
2021/11/17,1960.62,1050.78,29688.33,0,0,1,0,0,0,0,0,0,0,0,0,0,0,1
2021/11/18,1957.38,1039.82,29598.66,0,0,0,1,0,0,0,0,0,0,0,0,0,0,1
2021/11/19,1964.77,1071.08,29745.87,0,0,0,0,0,0,0,0,0,0,0,0,0,0,1
2021/11/22,1939.41,1060.77,29774.11,1,0,0,0,0,0,0,0,0,0,0,0,0,0,1
2021/11/24,1957.38,1055.62,29302.66,0,0,1,0,0,0,0,0,0,0,0,0,0,0,1
2021/11/25,1945.87,1063.99,29499.28,0,0,0,1,0,0,0,0,0,0,0,0,0,0,1
2021/11/26,1911.33,1046.27,28751.62,0,0,0,0,0,0,0,0,0,0,0,0,0,0,1
2021/11/29,1853.74,1006.63,28283.92,1,0,0,0,0,0,0,0,0,0,0,0,0,0,1
2021/11/30,1843.6,999.227,27821.76,0,1,0,0,0,0,0,0,0,0,0,0,0,0,1
2021/12/1,1884.61,1023.07,27935.62,0,0,1,0,0,0,0,0,0,0,0,0,0,0,0
2021/12/2,1884.61,1025.33,27753.37,0,0,0,1,0,0,0,0,0,0,0,0,0,0,0
2021/12/3,1915.46,1030.8,28029.57,0,0,0,0,0,0,0,0,0,0,0,0,0,0,0
2021/12/6,1903.49,1027.26,27927.37,1,0,0,0,0,0,0,0,0,0,0,0,0,0,0
2021/12/7,1939.41,1049.81,28455.6,0,1,0,0,0,0,0,0,0,0,0,0,0,0,0
2021/12/8,1905.33,1043.05,28860.62,0,0,1,0,0,0,0,0,0,0,0,0,0,0,0
2021/12/9,1894.74,1031.45,28725.47,0,0,0,1,0,0,0,0,0,0,0,0,0,0,0
2021/12/10,1890.59,1026.29,28437.77,0,0,0,0,0,0,0,0,0,0,0,0,0,0,0
2021/12/13,1844.53,1019.85,28640.49,1,0,0,0,0,0,0,0,0,0,0,0,0,0,0
2021/12/14,1884.13,1025.97,28432.64,0,1,0,0,0,0,0,0,0,0,0,0,0,0,0
2021/12/15,1951.86,1030.48,28459.72,0,0,1,0,0,0,0,0,0,0,0,0,0,0,0
2021/12/16,1971.21,1032.09,29066.32,0,0,0,1,0,0,0,0,0,0,0,0,0,0,0
2021/12/17,1937.12,1032.09,28545.68,0,0,0,0,0,0,0,0,0,0,0,0,0,0,0
2021/12/20,1889.67,994.39,27937.81,1,0,0,0,0,0,0,0,0,0,0,0,0,0,0
2021/12/21,1907.64,1002.45,28517.59,0,1,0,0,0,0,0,0,0,0,0,0,0,0,0
2021/12/22,1894.74,1003.41,28562.21,0,0,1,0,0,0,0,0,0,0,0,0,0,0,0
2021/12/23,1931.59,1030.16,28798.37,0,0,0,1,0,0,0,0,0,0,0,0,0,0,0
2021/12/24,1931.59,1025.97,28782.59,0,0,0,0,0,0,0,0,0,0,0,0,0,0,0
2021/12/27,1942.19,1028.23,28676.46,1,0,0,0,0,0,0,0,0,0,0,0,0,0,0
2021/12/28,1965.23,1044.01,29069.16,0,1,0,0,0,0,0,0,0,0,0,0,0,0,0
2021/12/29,1944.49,1045.62,28906.88,0,0,1,0,0,0,0,0,0,0,0,0,0,0,0
2021/12/30,1939.88,1040.79,28791.71,0,0,0,1,0,0,0,0,0,0,0,0,0,0,0
2022/1/4,2058.75,1072.69,29301.79,0,1,0,0,1,0,0,0,0,0,0,0,0,0,0
2022/1/5,2111.72,1100.72,29332.16,0,0,1,0,1,0,0,0,0,0,0,0,0,0,0
2022/1/6,2104.81,1098.15,28487.87,0,0,0,1,1,0,0,0,0,0,0,0,0,0,0
2022/1/7,2125.99,1105.24,28478.56,0,0,0,0,1,0,0,0,0,0,0,0,0,0,0
2022/1/11,2139.35,1121.99,28222.48,0,1,0,0,1,0,0,0,0,0,0,0,0,0,0
2022/1/12,2173.9,1134.24,28765.66,0,0,1,0,1,0,0,0,0,0,0,0,0,0,0
2022/1/13,2222.27,1132.63,28489.13,0,0,0,1,1,0,0,0,0,0,0,0,0,0,0
2022/1/14,2201.99,1119.09,28124.28,0,0,0,0,1,0,0,0,0,0,0,0,0,0,0
2022/1/17,2232.41,1142.94,28333.52,1,0,0,0,1,0,0,0,0,0,0,0,0,0,0
2022/1/18,2232.87,1131.34,28257.25,0,1,0,0,1,0,0,0,0,0,0,0,0,0,0
2022/1/19,2121.85,1103.3,27467.23,0,0,1,0,1,0,0,0,0,0,0,0,0,0,0
2022/1/20,2158.25,1102.01,27772.93,0,0,0,1,1,0,0,0,0,0,0,0,0,0,0
2022/1/21,2104.81,1107.49,27522.26,0,0,0,0,1,0,0,0,0,0,0,0,0,0,0
2022/1/24,2099.27,1090.74,27588.37,1,0,0,0,1,0,0,0,0,0,0,0,0,0,0
2022/1/25,2060.57,1095.25,27131.34,0,1,0,0,1,0,0,0,0,0,0,0,0,0,0
2022/1/26,2046.76,1076.24,27011.33,0,0,1,0,1,0,0,0,0,0,0,0,0,0,0
2022/1/27,1992.86,1066.25,26170.3,0,0,0,1,1,0,0,0,0,0,0,0,0,0,0
2022/1/28,2061.04,1081.39,26717.34,0,0,0,0,1,0,0,0,0,0,0,0,0,0,0
2022/1/31,2068.88,1080.75,27001.98,1,0,0,0,1,0,0,0,0,0,0,0,0,0,0
2022/2/1,2051.82,1063.67,27078.48,0,1,0,0,0,1,0,0,0,0,0,0,0,0,0
2022/2/2,2094.68,1087.19,27533.6,0,0,1,0,0,1,0,0,0,0,0,0,0,0,0
2022/2/3,2113.1,1111.68,27241.31,0,0,0,1,0,1,0,0,0,0,0,0,0,0,0
2022/2/4,2098.36,1110.39,27439.99,0,0,0,0,0,1,0,0,0,0,0,0,0,0,0
2022/2/7,2096.51,1096.54,27248.87,1,0,0,0,0,1,0,0,0,0,0,0,0,0,0
2022/2/8,2115.39,1098.47,27284.52,0,1,0,0,0,1,0,0,0,0,0,0,0,0,0
2022/2/9,2135.21,1102.34,27579.87,0,0,1,0,0,1,0,0,0,0,0,0,0,0,0
2022/2/10,2076.7,1164.2,27696.08,0,0,0,1,0,1,0,0,0,0,0,0,0,0,0
2022/2/14,2010.37,1151.96,27079.59,1,0,0,0,0,1,0,0,0,0,0,0,0,0,0
2022/2/15,1984.1,1160.34,26865.19,0,1,0,0,0,1,0,0,0,0,0,0,0,0,0
2022/2/16,2020.03,1196.1,27460.4,0,0,1,0,0,1,0,0,0,0,0,0,0,0,0
2022/2/17,1990.55,1186.12,27232.87,0,0,0,1,0,1,0,0,0,0,0,0,0,0,0
2022/2/18,2012.21,1188.05,27122.07,0,0,0,0,0,1,0,0,0,0,0,0,0,0,0
2022/2/21,2002.08,1180,26910.87,1,0,0,0,0,1,0,0,0,0,0,0,0,0,0
2022/2/22,1956.46,1154.86,26449.61,0,1,0,0,0,1,0,0,0,0,0,0,0,0,0
2022/2/24,1926.52,1141,25970.82,0,0,0,1,0,1,0,0,0,0,0,0,0,0,0
2022/2/25,1938.5,1138.1,26476.5,0,0,0,0,0,1,0,0,0,0,0,0,0,0,0
2022/2/28,1970.29,1135.85,26526.82,1,0,0,0,0,1,0,0,0,0,0,0,0,0,0
2022/3/1,1965.23,1132.3,26844.72,0,1,0,0,0,0,1,0,0,0,0,0,0,0,0
2022/3/2,1878.16,1081.39,26393.03,0,0,1,0,0,0,1,0,0,0,0,0,0,0,0
2022/3/3,1885.98,1084.29,26577.27,0,0,0,1,0,0,1,0,0,0,0,0,0,0,0
2022/3/4,1818.73,1035.96,25985.47,0,0,0,0,0,0,1,0,0,0,0,0,0,0,0
2022/3/7,1699.86,1002.77,25221.41,1,0,0,0,0,0,1,0,0,0,0,0,0,0,0
2022/3/8,1668.55,980.86,24790.95,0,1,0,0,0,0,1,0,0,0,0,0,0,0,0
2022/3/9,1700.34,988.913,24717.53,0,0,1,0,0,0,1,0,0,0,0,0,0,0,0
2022/3/10,1792.46,1032.74,25690.4,0,0,0,1,0,0,1,0,0,0,0,0,0,0,0
2022/3/11,1714.16,1003.74,25162.78,0,0,0,0,0,0,1,0,0,0,0,0,0,0,0
2022/3/14,1763.44,1014.37,25307.85,1,0,0,0,0,0,1,0,0,0,0,0,0,0,0
2022/3/15,1801.22,1021.46,25346.48,0,1,0,0,0,0,1,0,0,0,0,0,0,0,0
2022/3/16,1834.39,1052.72,25762.01,0,0,1,0,0,0,1,0,0,0,0,0,0,0,0
2022/3/17,1875.86,1083,26652.89,0,0,0,1,0,0,1,0,0,0,0,0,0,0,0
2022/3/18,1861.11,1076.88,26827.43,0,0,0,0,0,0,1,0,0,0,0,0,0,0,0
2022/3/22,1893.36,1093.96,27224.11,0,1,0,0,0,0,1,0,0,0,0,0,0,0,0
2022/3/23,1968.9,1125.54,28040.16,0,0,1,0,0,0,1,0,0,0,0,0,0,0,0
2022/3/24,2026.95,1108.14,28110.39,0,0,0,1,0,0,1,0,0,0,0,0,0,0,0
2022/3/25,2016.81,1113.62,28149.84,0,0,0,0,0,0,1,0,0,0,0,0,0,0,0
2022/3/28,2028.8,1122.32,27943.89,1,0,0,0,0,0,1,0,0,0,0,0,0,0,0
2022/3/29,2083.15,1147.77,28252.42,0,1,0,0,0,0,1,0,0,0,0,0,0,0,0
2022/3/30,2069.62,1147.77,28027.25,0,0,1,0,0,0,1,0,0,0,0,0,0,0,0
2022/3/31,2073.36,1141.23,27821.43,0,0,0,1,0,0,1,0,0,0,0,0,0,0,0
2022/4/1,2057.03,1133.7,27665.98,0,0,0,0,0,0,0,1,0,0,0,0,0,0,0
2022/4/4,2062.62,1130.75,27736.47,1,0,0,0,0,0,0,1,0,0,0,0,0,0,0
2022/4/5,2068.69,1124.53,27787.98,0,1,0,0,0,0,0,1,0,0,0,0,0,0,0
2022/4/6,2043.03,1100.32,27350.3,0,0,1,0,0,0,0,1,0,0,0,0,0,0,0
2022/4/7,2022.98,1052.86,26888.57,0,0,0,1,0,0,0,1,0,0,0,0,0,0,0
2022/4/8,1954.87,1051.22,26985.8,0,0,0,0,0,0,0,1,0,0,0,0,0,0,0
2022/4/11,1960.48,1058.42,26821.52,1,0,0,0,0,0,0,1,0,0,0,0,0,0,0
2022/4/12,1930.63,1056.79,26334.98,0,1,0,0,0,0,0,1,0,0,0,0,0,0,0
2022/4/13,1977.28,1067.26,26843.49,0,0,1,0,0,0,0,1,0,0,0,0,0,0,0
2022/4/14,1988.45,1070.53,27172,0,0,0,1,0,0,0,1,0,0,0,0,0,0,0
2022/4/15,2015.05,1077.73,27093.19,0,0,0,0,0,0,0,1,0,0,0,0,0,0,0
2022/4/18,2010.38,1065.62,26799.71,1,0,0,0,0,0,0,1,0,0,0,0,0,0,0
2022/4/19,2030.9,1084.61,26985.09,0,1,0,0,0,0,0,1,0,0,0,0,0,0,0
2022/4/20,2106.94,1123.55,27217.85,0,0,1,0,0,0,0,1,0,0,0,0,0,0,0
2022/4/21,2099.02,1123.88,27553.06,0,0,0,1,0,0,0,1,0,0,0,0,0,0,0
2022/4/22,2061.69,1105.88,27105.26,0,0,0,0,0,0,0,1,0,0,0,0,0,0,0
2022/4/25,2043.03,1104.9,26590.78,1,0,0,0,0,0,0,1,0,0,0,0,0,0,0
2022/4/26,2033.71,1112.42,26700.11,0,1,0,0,0,0,0,1,0,0,0,0,0,0,0
2022/4/27,2020.18,1077.08,26386.63,0,0,1,0,0,0,0,1,0,0,0,0,0,0,0
2022/4/28,2085.48,1118.97,26847.9,0,0,0,1,0,0,0,1,0,0,0,0,0,0,0
2022/5/2,2078.48,1123.23,26818.53,1,0,0,0,0,0,0,0,1,0,0,0,0,0,0
2022/5/6,2123.27,1135.66,27003.56,0,0,0,0,0,0,0,0,1,0,0,0,0,0,0
2022/5/9,2094.35,1110.79,26319.34,1,0,0,0,0,0,0,0,1,0,0,0,0,0,0
2022/5/10,2032.32,1096.06,26167.1,0,1,0,0,0,0,0,0,1,0,0,0,0,0,0
2022/5/11,1942.3,1062.68,26213.64,0,0,1,0,0,0,0,0,1,0,0,0,0,0,0
2022/5/12,1912.43,1063.33,25748.72,0,0,0,1,0,0,0,0,1,0,0,0,0,0,0
2022/5/13,1917.1,1086.57,26427.65,0,0,0,0,0,0,0,0,1,0,0,0,0,0,0
2022/5/16,1911.96,1039.11,26547.05,1,0,0,0,0,0,0,0,1,0,0,0,0,0,0
2022/5/17,1896.56,1039.44,26659.75,0,1,0,0,0,0,0,0,1,0,0,0,0,0,0
2022/5/18,1906.84,1053.51,26911.2,0,0,1,0,0,0,0,0,1,0,0,0,0,0,0
2022/5/19,1870.45,1046.64,26402.84,0,0,0,1,0,0,0,0,1,0,0,0,0,0,0
2022/5/20,1910.57,1053.19,26739.03,0,0,0,0,0,0,0,0,1,0,0,0,0,0,0
2022/5/23,1923.17,1048.93,27001.52,1,0,0,0,0,0,0,0,1,0,0,0,0,0,0
2022/5/24,1912.43,1039.44,26748.14,0,1,0,0,0,0,0,0,1,0,0,0,0,0,0
2022/5/25,1906.38,1016.53,26677.8,0,0,1,0,0,0,0,0,1,0,0,0,0,0,0
2022/5/26,1942.3,1023.73,26604.84,0,0,0,1,0,0,0,0,1,0,0,0,0,0,0
2022/5/27,1944.14,1028.97,26781.68,0,0,0,0,0,0,0,0,1,0,0,0,0,0,0
2022/5/30,1983.81,1042.06,27369.43,1,0,0,0,0,0,0,0,1,0,0,0,0,0,0
2022/5/31,1980.07,1043.04,27279.8,0,1,0,0,0,0,0,0,1,0,0,0,0,0,0
2022/6/1,2050.03,1087.88,27457.89,0,0,1,0,0,0,0,0,0,1,0,0,0,0,0
2022/6/2,2045.83,1090.5,27413.88,0,0,0,1,0,0,0,0,0,1,0,0,0,0,0
2022/6/3,2019.72,1079.7,27761.57,0,0,0,0,0,0,0,0,0,1,0,0,0,0,0
2022/6/6,2017.86,1079.7,27915.89,1,0,0,0,0,0,0,0,0,1,0,0,0,0,0
2022/6/7,2043.5,1106.86,27943.95,0,1,0,0,0,0,0,0,0,1,0,0,0,0,0
2022/6/8,2080.36,1110.79,28234.29,0,0,1,0,0,0,0,0,0,1,0,0,0,0,0
2022/6/9,2088.76,1117.66,28246.53,0,0,0,1,0,0,0,0,0,1,0,0,0,0,0
2022/6/10,2055.63,1112.1,27824.29,0,0,0,0,0,0,0,0,0,1,0,0,0,0,0
2022/6/13,1988.45,1077.41,26987.44,1,0,0,0,0,0,0,0,0,1,0,0,0,0,0
2022/6/14,1954.41,1075.77,26629.86,0,1,0,0,0,0,0,0,0,1,0,0,0,0,0
2022/6/15,1940.42,1081.66,26326.16,0,0,1,0,0,0,0,0,0,1,0,0,0,0,0
2022/6/16,1996.39,1096.72,26431.2,0,0,0,1,0,0,0,0,0,1,0,0,0,0,0
2022/6/17,1924.56,1067.26,25963,0,0,0,0,0,0,0,0,0,1,0,0,0,0,0
2022/6/20,1949.29,1073.81,25771.22,1,0,0,0,0,0,0,0,0,1,0,0,0,0,0
2022/6/21,1994.99,1088.86,26246.31,0,1,0,0,0,0,0,0,0,1,0,0,0,0,0
2022/6/22,2011.32,1112.1,26149.55,0,0,1,0,0,0,0,0,0,1,0,0,0,0,0
2022/6/23,1983.81,1102.28,26171.25,0,0,0,1,0,0,0,0,0,1,0,0,0,0,0
2022/6/24,1969.81,1086.57,26491.97,0,0,0,0,0,0,0,0,0,1,0,0,0,0,0
2022/6/27,1979.13,1081.33,26871.27,1,0,0,0,0,0,0,0,0,1,0,0,0,0,0
2022/6/28,2022.04,1106.86,27049.47,0,1,0,0,0,0,0,0,0,1,0,0,0,0,0
2022/6/29,1985.2,1096.39,26804.6,0,0,1,0,0,0,0,0,0,1,0,0,0,0,0
2022/6/30,1959.08,1077.73,26393.04,0,0,0,1,0,0,0,0,0,1,0,0,0,0,0
2022/7/1,1928.29,1045.01,25935.62,0,0,0,0,0,0,0,0,0,0,1,0,0,0,0
2022/7/4,1971.21,1055.48,26153.81,1,0,0,0,0,0,0,0,0,0,1,0,0,0,0
2022/7/5,1974.46,1048.28,26423.47,0,1,0,0,0,0,0,0,0,0,1,0,0,0,0
2022/7/6,1919.88,1034.53,26107.65,0,0,1,0,0,0,0,0,0,0,1,0,0,0,0
2022/7/7,1963.74,1049.59,26490.53,0,0,0,1,0,0,0,0,0,0,1,0,0,0,0
2022/7/8,1969.34,1063.66,26517.19,0,0,0,0,0,0,0,0,0,0,1,0,0,0,0
2022/7/11,2007.59,1084.28,26812.3,1,0,0,0,0,0,0,0,0,0,1,0,0,0,0
2022/7/12,1974.46,1064.97,26336.66,0,1,0,0,0,0,0,0,0,0,1,0,0,0,0
2022/7/13,1991.26,1091.48,26478.77,0,0,1,0,0,0,0,0,0,0,1,0,0,0,0
2022/7/14,1991.73,1093.77,26643.39,0,0,0,1,0,0,0,0,0,0,1,0,0,0,0
2022/7/15,2017.86,1103.92,26788.47,0,0,0,0,0,0,0,0,0,0,1,0,0,0,0
2022/7/19,2030.9,1123.55,26961.68,0,1,0,0,0,0,0,0,0,0,1,0,0,0,0
2022/7/20,2046.77,1156.94,27680.26,0,0,1,0,0,0,0,0,0,0,1,0,0,0,0
2022/7/21,2046.31,1153.01,27803,0,0,0,1,0,0,0,0,0,0,1,0,0,0,0
2022/7/22,2054.7,1135.01,27914.66,0,0,0,0,0,0,0,0,0,0,1,0,0,0,0
2022/7/25,2020.65,1135.99,27699.25,1,0,0,0,0,0,0,0,0,0,1,0,0,0,0
2022/7/26,2020.65,1137.63,27655.21,0,1,0,0,0,0,0,0,0,0,1,0,0,0,0
2022/7/27,2023.44,1125.19,27715.75,0,0,1,0,0,0,0,0,0,0,1,0,0,0,0
2022/7/28,1982.39,1124.86,27815.48,0,0,0,1,0,0,0,0,0,0,1,0,0,0,0
2022/7/29,1993.59,1108.82,27801.64,0,0,0,0,0,0,0,0,0,0,1,0,0,0,0
2022/8/1,2063.56,1137.63,27993.35,1,0,0,0,0,0,0,0,0,0,0,1,0,0,0
2022/8/2,2009.91,1128.79,27594.73,0,1,0,0,0,0,0,0,0,0,0,1,0,0,0
2022/8/3,2011.32,1122.24,27741.9,0,0,1,0,0,0,0,0,0,0,0,1,0,0,0
2022/8/4,1951.15,1114.39,27932.2,0,0,0,1,0,0,0,0,0,0,0,1,0,0,0
2022/8/5,1980.53,1103.26,28175.87,0,0,0,0,0,0,0,0,0,0,0,1,0,0,0
2022/8/8,1974.01,1111.77,28249.24,1,0,0,0,0,0,0,0,0,0,0,1,0,0,0
2022/8/9,1936.68,1108.82,27999.96,0,1,0,0,0,0,0,0,0,0,0,1,0,0,0
2022/8/10,1947.88,1121.26,27819.33,0,0,1,0,0,0,0,0,0,0,0,1,0,0,0
2022/8/12,1991.73,1164.14,28546.98,0,0,0,0,0,0,0,0,0,0,0,1,0,0,0
2022/8/15,1989.39,1187.7,28871.78,1,0,0,0,0,0,0,0,0,0,0,1,0,0,0
2022/8/16,1978.67,1177.55,28868.91,0,1,0,0,0,0,0,0,0,0,0,1,0,0,0
2022/8/17,2036.51,1210.61,29222.77,0,0,1,0,0,0,0,0,0,0,0,1,0,0,0
2022/8/18,1999.67,1200.14,28942.14,0,0,0,1,0,0,0,0,0,0,0,1,0,0,0
2022/8/19,2005.73,1215.19,28930.33,0,0,0,0,0,0,0,0,0,0,0,1,0,0,0
2022/8/22,2005.73,1218.46,28794.5,1,0,0,0,0,0,0,0,0,0,0,1,0,0,0
2022/8/23,1966.08,1194.9,28452.75,0,1,0,0,0,0,0,0,0,0,0,1,0,0,0
2022/8/24,1959.08,1203.41,28313.47,0,0,1,0,0,0,0,0,0,0,0,1,0,0,0
2022/8/25,1967.47,1194.57,28479.01,0,0,0,1,0,0,0,0,0,0,0,1,0,0,0
2022/8/26,1966.54,1195.88,28641.38,0,0,0,0,0,0,0,0,0,0,0,1,0,0,0
2022/8/29,1949.75,1200.79,27878.96,1,0,0,0,0,0,0,0,0,0,0,1,0,0,0
2022/8/30,1963.74,1210.94,28195.58,0,1,0,0,0,0,0,0,0,0,0,1,0,0,0
2022/8/31,1960.48,1218.79,28091.53,0,0,1,0,0,0,0,0,0,0,0,1,0,0,0
2022/9/1,1914.77,1196.21,27661.47,0,0,0,1,0,0,0,0,0,0,0,0,1,0,0
2022/9/2,1911.5,1202.1,27650.84,0,0,0,0,0,0,0,0,0,0,0,0,1,0,0
2022/9/5,1900.31,1184.75,27619.61,1,0,0,0,0,0,0,0,0,0,0,0,1,0,0
2022/9/6,1911.03,1185.41,27626.51,0,1,0,0,0,0,0,0,0,0,0,0,1,0,0
2022/9/7,1897.97,1194.9,27430.3,0,0,1,0,0,0,0,0,0,0,0,0,1,0,0
2022/9/8,1940.87,1197.85,28065.28,0,0,0,1,0,0,0,0,0,0,0,0,1,0,0
2022/9/9,1939.02,1204.39,28214.75,0,0,0,0,0,0,0,0,0,0,0,0,1,0,0
2022/9/12,1931.09,1215.52,28542.11,1,0,0,0,0,0,0,0,0,0,0,0,1,0,0
2022/9/13,1928.29,1195.55,28614.63,0,1,0,0,0,0,0,0,0,0,0,0,1,0,0
2022/9/14,1901.24,1177.55,27818.62,0,0,1,0,0,0,0,0,0,0,0,0,1,0,0
2022/9/15,1903.1,1170.68,27875.91,0,0,0,1,0,0,0,0,0,0,0,0,1,0,0
2022/9/16,1894.24,1153.66,27567.65,0,0,0,0,0,0,0,0,0,0,0,0,1,0,0
2022/9/20,1911.03,1160.21,27688.42,0,1,0,0,0,0,0,0,0,0,0,0,1,0,0
2022/9/21,1865.78,1137.95,27313.13,0,0,1,0,0,0,0,0,0,0,0,0,1,0,0
2022/9/22,1891.91,1137.63,27153.83,0,0,0,1,0,0,0,0,0,0,0,0,1,0,0
2022/9/26,1831.27,1080.68,26431.55,1,0,0,0,0,0,0,0,0,0,0,0,1,0,0
2022/9/27,1852.72,1098.02,26571.87,0,1,0,0,0,0,0,0,0,0,0,0,1,0,0
2022/9/28,1822.4,1081.33,26173.98,0,0,1,0,0,0,0,0,0,0,0,0,1,0,0
2022/9/29,1850.75,1088.67,26422.05,0,0,0,1,0,0,0,0,0,0,0,0,1,0,0
2022/9/30,1772.8,1045.67,25937.21,0,0,0,0,0,0,0,0,0,0,0,0,1,0,0
2022/10/3,1834.7,1070,26215.79,1,0,0,0,0,0,0,0,0,0,0,0,0,1,0
2022/10/4,1893.76,1093,26992.21,0,1,0,0,0,0,0,0,0,0,0,0,0,1,0
2022/10/5,1890.92,1097.67,27120.53,0,0,1,0,0,0,0,0,0,0,0,0,0,1,0
2022/10/6,1889.97,1107,27311.3,0,0,0,1,0,0,0,0,0,0,0,0,0,1,0
2022/10/7,1876.27,1097,27116.11,0,0,0,0,0,0,0,0,0,0,0,0,0,1,0
2022/10/11,1858.32,1074,26401.25,0,1,0,0,0,0,0,0,0,0,0,0,0,1,0
2022/10/12,1880.53,1065,26396.83,0,0,1,0,0,0,0,0,0,0,0,0,0,1,0
2022/10/13,1874.38,1075.33,26237.42,0,0,0,1,0,0,0,0,0,0,0,0,0,1,0
2022/10/14,1897.53,1093,27090.76,0,0,0,0,0,0,0,0,0,0,0,0,0,1,0
2022/10/17,1889.97,1091.67,26775.79,1,0,0,0,0,0,0,0,0,0,0,0,0,1,0
2022/10/18,1897.06,1088.67,27156.14,0,1,0,0,0,0,0,0,0,0,0,0,0,1,0
2022/10/19,1893.28,1097.33,27257.38,0,0,1,0,0,0,0,0,0,0,0,0,0,1,0
2022/10/20,1893.76,1087.67,27006.96,0,0,0,1,0,0,0,0,0,0,0,0,0,1,0
2022/10/21,1878.16,1085.67,26890.58,0,0,0,0,0,0,0,0,0,0,0,0,0,1,0
2022/10/24,1886.67,1086,26974.9,1,0,0,0,0,0,0,0,0,0,0,0,0,1,0
2022/10/25,1905.09,1110,27250.28,0,1,0,0,0,0,0,0,0,0,0,0,0,1,0
2022/10/26,1908.88,1120.33,27431.84,0,0,1,0,0,0,0,0,0,0,0,0,0,1,0
2022/10/27,1889.02,1100.33,27345.24,0,0,0,1,0,0,0,0,0,0,0,0,0,1,0
2022/10/28,1918.33,1106.33,27105.2,0,0,0,0,0,0,0,0,0,0,0,0,0,1,0
2022/10/31,1946.2,1124.33,27587.46,1,0,0,0,0,0,0,0,0,0,0,0,0,1,0
2022/11/1,1908.4,1133.33,27678.92,0,1,0,0,0,0,0,0,0,0,0,0,0,0,1
2022/11/2,1903.68,1145,27663.39,0,0,1,0,0,0,0,0,0,0,0,0,0,0,1
2022/11/4,1875.8,1128.33,27199.74,0,0,0,0,0,0,0,0,0,0,0,0,0,0,1
2022/11/7,1883.36,1134,27527.64,1,0,0,0,0,0,0,0,0,0,0,0,0,0,1
2022/11/8,1892.82,1150.33,27872.11,0,1,0,0,0,0,0,0,0,0,0,0,0,0,1
2022/11/9,1879.1,1142.33,27716.43,0,0,1,0,0,0,0,0,0,0,0,0,0,0,1
2022/11/10,1850.75,1096.33,27446.1,0,0,0,1,0,0,0,0,0,0,0,0,0,0,1
2022/11/11,1890.92,1111.67,28263.57,0,0,0,0,0,0,0,0,0,0,0,0,0,0,1
2022/11/14,1876.75,1100.33,27963.47,1,0,0,0,0,0,0,0,0,0,0,0,0,0,1
2022/11/15,1888.09,1110.33,27990.17,0,1,0,0,0,0,0,0,0,0,0,0,0,0,1
2022/11/16,1886.2,1104.33,28028.3,0,0,1,0,0,0,0,0,0,0,0,0,0,0,1
2022/11/17,1883.84,1100.33,27930.57,0,0,0,1,0,0,0,0,0,0,0,0,0,0,1
2022/11/18,1883.36,1111,27899.77,0,0,0,0,0,0,0,0,0,0,0,0,0,0,1
2022/11/21,1892.82,1116,27944.79,1,0,0,0,0,0,0,0,0,0,0,0,0,0,1
2022/11/22,1937.23,1127,28115.74,0,1,0,0,0,0,0,0,0,0,0,0,0,0,1
2022/11/24,1933.92,1126,28383.09,0,0,0,1,0,0,0,0,0,0,0,0,0,0,1
2022/11/25,1941.47,1123.33,28283.03,0,0,0,0,0,0,0,0,0,0,0,0,0,0,1
2022/11/28,1921.17,1117.33,28162.83,1,0,0,0,0,0,0,0,0,0,0,0,0,0,1
2022/11/29,1895.17,1100,28027.84,0,1,0,0,0,0,0,0,0,0,0,0,0,0,1
2022/11/30,1899.89,1118.67,27968.99,0,0,1,0,0,0,0,0,0,0,0,0,0,0,1
2022/12/1,1888.55,1111.33,28226.08,0,0,0,1,0,0,0,0,0,0,0,0,0,0,0
2022/12/2,1862.57,1090.67,27777.9,0,0,0,0,0,0,0,0,0,0,0,0,0,0,0
2022/12/5,1843.67,1081.33,27820.4,1,0,0,0,0,0,0,0,0,0,0,0,0,0,0
2022/12/6,1836.57,1090.33,27885.87,0,1,0,0,0,0,0,0,0,0,0,0,0,0,0
2022/12/7,1842.26,1095.67,27686.4,0,0,1,0,0,0,0,0,0,0,0,0,0,0,0
2022/12/8,1831.86,1088,27574.43,0,0,0,1,0,0,0,0,0,0,0,0,0,0,0
2022/12/9,1846.5,1085.67,27901.01,0,0,0,0,0,0,0,0,0,0,0,0,0,0,0
2022/12/12,1855,1087,27842.33,1,0,0,0,0,0,0,0,0,0,0,0,0,0,0
2022/12/13,1860.21,1100,27954.85,0,1,0,0,0,0,0,0,0,0,0,0,0,0,0
2022/12/14,1869.18,1106.33,28156.21,0,0,1,0,0,0,0,0,0,0,0,0,0,0,0
2022/12/15,1869.66,1100,28051.7,0,0,0,1,0,0,0,0,0,0,0,0,0,0,0
2022/12/16,1834.22,1089,27527.12,0,0,0,0,0,0,0,0,0,0,0,0,0,0,0
2022/12/19,1804.92,1072.67,27237.64,1,0,0,0,0,0,0,0,0,0,0,0,0,0,0
2022/12/20,1743.5,1040,26568.03,0,1,0,0,0,0,0,0,0,0,0,0,0,0,0
2022/12/21,1708.54,1012.67,26387.72,0,0,1,0,0,0,0,0,0,0,0,0,0,0,0
2022/12/22,1739.73,1029,26507.87,0,0,0,1,0,0,0,0,0,0,0,0,0,0,0
2022/12/23,1717.99,1015,26235.25,0,0,0,0,0,0,0,0,0,0,0,0,0,0,0
2022/12/26,1722.71,1026.33,26405.87,1,0,0,0,0,0,0,0,0,0,0,0,0,0,0
2022/12/27,1717.51,1014.33,26447.87,0,1,0,0,0,0,0,0,0,0,0,0,0,0,0
2022/12/28,1718.93,1013.67,26340.5,0,0,1,0,0,0,0,0,0,0,0,0,0,0,0
2022/12/29,1717.04,1011.33,26093.67,0,0,0,1,0,0,0,0,0,0,0,0,0,0,0
2022/12/30,1712.8,1010.67,26094.5,0,0,0,0,0,0,0,0,0,0,0,0,0,0,0
2023/1/4,1700.03,1014,25716.86,0,0,1,0,1,0,0,0,0,0,0,0,0,0,0
2023/1/5,1708.06,1021.33,25820.8,0,0,0,1,1,0,0,0,0,0,0,0,0,0,0
2023/1/6,1724.6,1041,25973.85,0,0,0,0,1,0,0,0,0,0,0,0,0,0,0
2023/1/10,1726.48,1052.33,26175.56,0,1,0,0,1,0,0,0,0,0,0,0,0,0,0
2023/1/11,1736.41,1046.67,26446,0,0,1,0,1,0,0,0,0,0,0,0,0,0,0
2023/1/12,1755.31,1040.33,26449.82,0,0,0,1,1,0,0,0,0,0,0,0,0,0,0
2023/1/13,1715.62,1022.33,26119.52,0,0,0,0,1,0,0,0,0,0,0,0,0,0,0
2023/1/16,1717.51,1012,25822.32,1,0,0,0,1,0,0,0,0,0,0,0,0,0,0
2023/1/17,1760.52,1031.33,26138.68,0,1,0,0,1,0,0,0,0,0,0,0,0,0,0
2023/1/18,1804.45,1041,26791.12,0,0,1,0,1,0,0,0,0,0,0,0,0,0,0
2023/1/19,1761.93,1017.67,26405.23,0,0,0,1,1,0,0,0,0,0,0,0,0,0,0
2023/1/20,1779.41,1023,26553.53,0,0,0,0,1,0,0,0,0,0,0,0,0,0,0
2023/1/23,1785.08,1031,26906.04,1,0,0,0,1,0,0,0,0,0,0,0,0,0,0
2023/1/24,1806.35,1043,27299.19,0,1,0,0,1,0,0,0,0,0,0,0,0,0,0
2023/1/25,1800.21,1049,27395.01,0,0,1,0,1,0,0,0,0,0,0,0,0,0,0
2023/1/26,1788.87,1046,27362.75,0,0,0,1,1,0,0,0,0,0,0,0,0,0,0
2023/1/27,1795.94,1057.67,27382.56,0,0,0,0,1,0,0,0,0,0,0,0,0,0,0
2023/1/30,1797.37,1063.33,27433.4,1,0,0,0,1,0,0,0,0,0,0,0,0,0,0
2023/1/31,1792.18,1069,27327.11,0,1,0,0,1,0,0,0,0,0,0,0,0,0,0
2023/2/1,1798.31,1079.33,27346.88,0,0,1,0,0,1,0,0,0,0,0,0,0,0,0
2023/2/2,1777.05,1066.67,27402.05,0,0,0,1,0,1,0,0,0,0,0,0,0,0,0
2023/2/3,1787.44,1066,27509.46,0,0,0,0,0,1,0,0,0,0,0,0,0,0,0
2023/2/6,1808.24,1086,27693.65,1,0,0,0,0,1,0,0,0,0,0,0,0,0,0
2023/2/7,1792.64,1086.67,27685.47,0,1,0,0,0,1,0,0,0,0,0,0,0,0,0
2023/2/8,1793.11,1070,27606.46,0,0,1,0,0,1,0,0,0,0,0,0,0,0,0
2023/2/9,1796.42,1066.67,27584.35,0,0,0,1,0,1,0,0,0,0,0,0,0,0,0
2023/2/10,1775.62,1058,27670.98,0,0,0,0,0,1,0,0,0,0,0,0,0,0,0
2023/2/13,1773.27,1106,27427.32,1,0,0,0,0,1,0,0,0,0,0,0,0,0,0
2023/2/14,1778.93,1109.33,27602.77,0,1,0,0,0,1,0,0,0,0,0,0,0,0,0
2023/2/15,1770.9,1118.33,27501.86,0,0,1,0,0,1,0,0,0,0,0,0,0,0,0
2023/2/16,1807.76,1131.33,27696.44,0,0,0,1,0,1,0,0,0,0,0,0,0,0,0
2023/2/17,1802.56,1146,27513.13,0,0,0,0,0,1,0,0,0,0,0,0,0,0,0
2023/2/20,1797.84,1153.33,27531.94,1,0,0,0,0,1,0,0,0,0,0,0,0,0,0
2023/2/21,1786.03,1177.67,27473.1,0,1,0,0,0,1,0,0,0,0,0,0,0,0,0
2023/2/22,1762.39,1164.67,27104.32,0,0,1,0,0,1,0,0,0,0,0,0,0,0,0
2023/2/24,1755.79,1172.67,27453.48,0,0,0,0,0,1,0,0,0,0,0,0,0,0,0
2023/2/27,1754.84,1179.67,27423.96,1,0,0,0,0,1,0,0,0,0,0,0,0,0,0
2023/2/28,1760.03,1180.67,27445.56,0,1,0,0,0,1,0,0,0,0,0,0,0,0,0
2023/3/1,1760.98,1193,27516.53,0,0,1,0,0,0,1,0,0,0,0,0,0,0,0
2023/3/2,1760.98,1180.33,27498.87,0,0,0,1,0,0,1,0,0,0,0,0,0,0,0
2023/3/3,1780.83,1195.33,27927.47,0,0,0,0,0,0,1,0,0,0,0,0,0,0,0
2023/3/6,1800.67,1206.33,28237.78,1,0,0,0,0,0,1,0,0,0,0,0,0,0,0
2023/3/7,1809.17,1210,28309.16,0,1,0,0,0,0,1,0,0,0,0,0,0,0,0
2023/3/8,1802.56,1211,28444.19,0,0,1,0,0,0,1,0,0,0,0,0,0,0,0
2023/3/9,1813.9,1222.67,28623.15,0,0,0,1,0,0,1,0,0,0,0,0,0,0,0
2023/3/10,1791.69,1204.33,28143.97,0,0,0,0,0,0,1,0,0,0,0,0,0,0,0
2023/3/13,1761.45,1169,27832.96,1,0,0,0,0,0,1,0,0,0,0,0,0,0,0
2023/3/14,1709.48,1120.33,27222.04,0,1,0,0,0,0,1,0,0,0,0,0,0,0,0
2023/3/15,1712.31,1132,27229.48,0,0,1,0,0,0,1,0,0,0,0,0,0,0,0
2023/3/16,1691.52,1121.67,27010.61,0,0,0,1,0,0,1,0,0,0,0,0,0,0,0
2023/3/17,1687.75,1120,27333.79,0,0,0,0,0,0,1,0,0,0,0,0,0,0,0
2023/3/20,1669.79,1102.67,26945.67,1,0,0,0,0,0,1,0,0,0,0,0,0,0,0
2023/3/22,1701.92,1135,27466.61,0,0,1,0,0,0,1,0,0,0,0,0,0,0,0
2023/3/23,1688.7,1130.33,27419.61,0,0,0,1,0,0,1,0,0,0,0,0,0,0,0
2023/3/24,1685.86,1123.33,27385.25,0,0,0,0,0,0,1,0,0,0,0,0,0,0,0
2023/3/27,1691.52,1130.33,27476.87,1,0,0,0,0,0,1,0,0,0,0,0,0,0,0
2023/3/28,1706.18,1128,27518.25,0,1,0,0,0,0,1,0,0,0,0,0,0,0,0
2023/3/29,1750.11,1157.33,27883.78,0,0,1,0,0,0,1,0,0,0,0,0,0,0,0
2023/3/30,1774.19,1156,27782.93,0,0,0,1,0,0,1,0,0,0,0,0,0,0,0
2023/3/31,1810.8,1170,28041.48,0,0,0,0,0,0,1,0,0,0,0,0,0,0,0
2023/4/3,1827.17,1185.67,28188.15,1,0,0,0,0,0,0,1,0,0,0,0,0,0,0
2023/4/4,1829.1,1198,28287.42,0,1,0,0,0,0,0,1,0,0,0,0,0,0,0
2023/4/5,1784.31,1171.33,27813.26,0,0,1,0,0,0,0,1,0,0,0,0,0,0,0
2023/4/6,1759.27,1150.33,27472.63,0,0,0,1,0,0,0,1,0,0,0,0,0,0,0
2023/4/7,1752.53,1159.33,27518.31,0,0,0,0,0,0,0,1,0,0,0,0,0,0,0
2023/4/10,1760.23,1163.33,27633.66,1,0,0,0,0,0,0,1,0,0,0,0,0,0,0
2023/4/11,1758.79,1173.67,27923.37,0,1,0,0,0,0,0,1,0,0,0,0,0,0,0
2023/4/12,1756.38,1179.67,28082.7,0,0,1,0,0,0,0,1,0,0,0,0,0,0,0
2023/4/13,1745.78,1175,28156.97,0,0,0,1,0,0,0,1,0,0,0,0,0,0,0
2023/4/14,1741.44,1159,28493.47,0,0,0,0,0,0,0,1,0,0,0,0,0,0,0
2023/4/17,1766.49,1172.67,28514.78,1,0,0,0,0,0,0,1,0,0,0,0,0,0,0
2023/4/18,1766.01,1182.67,28658.83,0,1,0,0,0,0,0,1,0,0,0,0,0,0,0
2023/4/19,1755.9,1184,28606.76,0,0,1,0,0,0,0,1,0,0,0,0,0,0,0
2023/4/20,1746.74,1179.33,28657.57,0,0,0,1,0,0,0,1,0,0,0,0,0,0,0
2023/4/21,1735.67,1160.33,28564.37,0,0,0,0,0,0,0,1,0,0,0,0,0,0,0
2023/4/24,1731.81,1164,28593.52,1,0,0,0,0,0,0,1,0,0,0,0,0,0,0
2023/4/25,1733.75,1167.33,28620.07,0,1,0,0,0,0,0,1,0,0,0,0,0,0,0
2023/4/26,1737.12,1158.67,28416.47,0,0,1,0,0,0,0,1,0,0,0,0,0,0,0
2023/4/27,1757.83,1171.67,28457.68,0,0,0,1,0,0,0,1,0,0,0,0,0,0,0
2023/4/28,1788.65,1196,28856.44,0,0,0,0,0,0,0,1,0,0,0,0,0,0,0
2023/5/1,1805.01,1207,29123.18,1,0,0,0,0,0,0,0,1,0,0,0,0,0,0
2023/5/2,1795.87,1207,29157.95,0,1,0,0,0,0,0,0,1,0,0,0,0,0,0
2023/5/8,1787.68,1203.67,28949.88,1,0,0,0,0,0,0,0,1,0,0,0,0,0,0
2023/5/9,1845.96,1219.33,29242.82,0,1,0,0,0,0,0,0,1,0,0,0,0,0,0
2023/5/10,1860.4,1217.67,29122.18,0,0,1,0,0,0,0,0,1,0,0,0,0,0,0
2023/5/11,1845.47,1194,29126.72,0,0,0,1,0,0,0,0,1,0,0,0,0,0,0
2023/5/12,1870.52,1247,29388.3,0,0,0,0,0,0,0,0,1,0,0,0,0,0,0
2023/5/15,1861.85,1249.67,29626.34,1,0,0,0,0,0,0,0,1,0,0,0,0,0,0
2023/5/16,1852.69,1266.67,29842.99,0,1,0,0,0,0,0,0,1,0,0,0,0,0,0
2023/5/17,1857.03,1275.67,30093.59,0,0,1,0,0,0,0,0,1,0,0,0,0,0,0
2023/5/18,1883.52,1297.33,30573.93,0,0,0,1,0,0,0,0,1,0,0,0,0,0,0
2023/5/19,1887.37,1302,30808.35,0,0,0,0,0,0,0,0,1,0,0,0,0,0,0
2023/5/22,1878.21,1320.67,31086.82,1,0,0,0,0,0,0,0,1,0,0,0,0,0,0
2023/5/23,1788.65,1322.67,30957.77,0,1,0,0,0,0,0,0,1,0,0,0,0,0,0
2023/5/24,1884.48,1319.33,30682.68,0,0,1,0,0,0,0,0,1,0,0,0,0,0,0
2023/5/25,1867.15,1331.67,30801.13,0,0,0,1,0,0,0,0,1,0,0,0,0,0,0
2023/5/26,1865.69,1324.67,30916.31,0,0,0,0,0,0,0,0,1,0,0,0,0,0,0
2023/5/29,1857.51,1341.67,31233.54,1,0,0,0,0,0,0,0,1,0,0,0,0,0,0
2023/5/30,1868.59,1357,31328.16,0,1,0,0,0,0,0,0,1,0,0,0,0,0,0
2023/5/31,1838.24,1335,30887.88,0,0,1,0,0,0,0,0,1,0,0,0,0,0,0
2023/6/1,1871.48,1326,31148.01,0,0,0,1,0,0,0,0,0,1,0,0,0,0,0
2023/6/2,1935.53,1351.67,31524.22,0,0,0,0,0,0,0,0,0,1,0,0,0,0,0
2023/6/5,1953.83,1395,32217.43,1,0,0,0,0,0,0,0,0,1,0,0,0,0,0
2023/6/6,1974.54,1415.67,32506.78,0,1,0,0,0,0,0,0,0,1,0,0,0,0,0
2023/6/7,1947.57,1387,31913.74,0,0,1,0,0,0,0,0,0,1,0,0,0,0,0
2023/6/8,1949.49,1382.67,31641.27,0,0,0,1,0,0,0,0,0,1,0,0,0,0,0
2023/6/9,1975.98,1416.33,32265.17,0,0,0,0,0,0,0,0,0,1,0,0,0,0,0
2023/6/12,1992.84,1432.33,32434,1,0,0,0,0,0,0,0,0,1,0,0,0,0,0
2023/6/13,2093.49,1459.67,33018.65,0,1,0,0,0,0,0,0,0,1,0,0,0,0,0
2023/6/14,2224.97,1512,33502.42,0,0,1,0,0,0,0,0,0,1,0,0,0,0,0
2023/6/15,2235.08,1503.67,33485.49,0,0,0,1,0,0,0,0,0,1,0,0,0,0,0
2023/6/16,2230.76,1484.67,33706.08,0,0,0,0,0,0,0,0,0,1,0,0,0,0,0
2023/6/19,2170.06,1465,33370.42,1,0,0,0,0,0,0,0,0,1,0,0,0,0,0
2023/6/20,2161.4,1454.67,33388.91,0,1,0,0,0,0,0,0,0,1,0,0,0,0,0
2023/6/21,2136.83,1475,33575.14,0,0,1,0,0,0,0,0,0,1,0,0,0,0,0
2023/6/22,2158.03,1471.33,33264.88,0,0,0,1,0,0,0,0,0,1,0,0,0,0,0
2023/6/23,2118.54,1447.33,32781.54,0,0,0,0,0,0,0,0,0,1,0,0,0,0,0
2023/6/26,2139.24,1434,32698.81,1,0,0,0,0,0,0,0,0,1,0,0,0,0,0
2023/6/27,2154.66,1434.67,32538.33,0,1,0,0,0,0,0,0,0,1,0,0,0,0,0
2023/6/28,2215.34,1467,33193.99,0,0,1,0,0,0,0,0,0,1,0,0,0,0,0
2023/6/29,2211,1460.33,33234.14,0,0,0,1,0,0,0,0,0,1,0,0,0,0,0
2023/6/30,2223.52,1447,33189.04,0,0,0,0,0,0,0,0,0,1,0,0,0,0,0
2023/7/3,2239.9,1478.67,33753.33,1,0,0,0,0,0,0,0,0,0,1,0,0,0,0
2023/7/4,2251.94,1471.67,33422.52,0,1,0,0,0,0,0,0,0,0,1,0,0,0,0
2023/7/5,2254.83,1478,33338.7,0,0,1,0,0,0,0,0,0,0,1,0,0,0,0
2023/7/6,2241.35,1462.33,32773.02,0,0,0,1,0,0,0,0,0,0,1,0,0,0,0
2023/7/7,2214.86,1430.33,32388.42,0,0,0,0,0,0,0,0,0,0,1,0,0,0,0
2023/7/10,2176.81,1405.67,32189.73,1,0,0,0,0,0,0,0,0,0,1,0,0,0,0
2023/7/11,2129.61,1394.67,32203.57,0,1,0,0,0,0,0,0,0,0,1,0,0,0,0
2023/7/12,2117.09,1393.67,31943.93,0,0,1,0,0,0,0,0,0,0,1,0,0,0,0
2023/7/13,2130.09,1396.33,32419.33,0,0,0,1,0,0,0,0,0,0,1,0,0,0,0
2023/7/14,2136.36,1399.33,32391.26,0,0,0,0,0,0,0,0,0,0,1,0,0,0,0
2023/7/18,2157.55,1406.67,32493.89,0,1,0,0,0,0,0,0,0,0,1,0,0,0,0
2023/7/19,2206.67,1452.33,32896.03,0,0,1,0,0,0,0,0,0,0,1,0,0,0,0
2023/7/20,2202.81,1442,32490.52,0,0,0,1,0,0,0,0,0,0,1,0,0,0,0
2023/7/21,2203.3,1460,32304.25,0,0,0,0,0,0,0,0,0,0,1,0,0,0,0
2023/7/24,2238.45,1487,32700.94,1,0,0,0,0,0,0,0,0,0,1,0,0,0,0
2023/7/25,2258.21,1493.67,32682.51,0,1,0,0,0,0,0,0,0,0,1,0,0,0,0
2023/7/26,2236.53,1478.33,32668.34,0,0,1,0,0,0,0,0,0,0,1,0,0,0,0
2023/7/27,2235.08,1472.67,32891.16,0,0,0,1,0,0,0,0,0,0,1,0,0,0,0
2023/7/28,2224.97,1466.67,32759.23,0,0,0,0,0,0,0,0,0,0,1,0,0,0,0
2023/7/31,2298.17,1504.33,33172.22,1,0,0,0,0,0,0,0,0,0,1,0,0,0,0
2023/8/1,2355.48,1530.67,33476.58,0,1,0,0,0,0,0,0,0,0,0,1,0,0,0
2023/8/2,2410.38,1509,32707.69,0,0,1,0,0,0,0,0,0,0,0,1,0,0,0
2023/8/3,2318.88,1477.33,32159.28,0,0,0,1,0,0,0,0,0,0,0,1,0,0,0
2023/8/4,2347.77,1468.33,32192.75,0,0,0,0,0,0,0,0,0,0,0,1,0,0,0
2023/8/7,2354.04,1466.67,32254.56,1,0,0,0,0,0,0,0,0,0,0,1,0,0,0
2023/8/8,2334.28,1484.33,32377.29,0,1,0,0,0,0,0,0,0,0,0,1,0,0,0
2023/8/9,2307.33,1470.33,32204.33,0,0,1,0,0,0,0,0,0,0,0,1,0,0,0
2023/8/10,2339.59,1556.67,32473.65,0,0,0,1,0,0,0,0,0,0,0,1,0,0,0
2023/8/14,2319.36,1494.33,32059.91,1,0,0,0,0,0,0,0,0,0,0,1,0,0,0
2023/8/15,2329.96,1501,32238.89,0,1,0,0,0,0,0,0,0,0,0,1,0,0,0
2023/8/16,2283.24,1472,31766.82,0,0,1,0,0,0,0,0,0,0,0,1,0,0,0
2023/8/17,2289.5,1478.33,31626,0,0,0,1,0,0,0,0,0,0,0,1,0,0,0
2023/8/18,2262.53,1473.33,31450.76,0,0,0,0,0,0,0,0,0,0,0,1,0,0,0
2023/8/21,2269.76,1476,31565.64,1,0,0,0,0,0,0,0,0,0,0,1,0,0,0
2023/8/22,2327.55,1498,31856.71,0,1,0,0,0,0,0,0,0,0,0,1,0,0,0
2023/8/23,2321.76,1521.33,32010.26,0,0,1,0,0,0,0,0,0,0,0,1,0,0,0
2023/8/24,2311.66,1516.67,32287.21,0,0,0,1,0,0,0,0,0,0,0,1,0,0,0
2023/8/25,2306.83,1504.67,31624.28,0,0,0,0,0,0,0,0,0,0,0,1,0,0,0
2023/8/28,2346.81,1547.67,32169.99,1,0,0,0,0,0,0,0,0,0,0,1,0,0,0
2023/8/29,2342,1538.67,32226.97,0,1,0,0,0,0,0,0,0,0,0,1,0,0,0
2023/8/30,2366.07,1550.33,32333.46,0,0,1,0,0,0,0,0,0,0,0,1,0,0,0
2023/8/31,2422.42,1567.67,32619.34,0,0,0,1,0,0,0,0,0,0,0,1,0,0,0
2023/9/1,2426.76,1573.33,32710.62,0,0,0,0,0,0,0,0,0,0,0,0,1,0,0
2023/9/4,2501.88,1611.33,32939.18,1,0,0,0,0,0,0,0,0,0,0,0,1,0,0
2023/9/5,2493.7,1622.33,33036.76,0,1,0,0,0,0,0,0,0,0,0,0,1,0,0
2023/9/6,2553.42,1653.33,33241.02,0,0,1,0,0,0,0,0,0,0,0,0,1,0,0
2023/9/7,2539.93,1643.67,32991.08,0,0,0,1,0,0,0,0,0,0,0,0,1,0,0
2023/9/8,2507.18,1650.67,32606.84,0,0,0,0,0,0,0,0,0,0,0,0,1,0,0
2023/9/11,2499.47,1651,32467.76,1,0,0,0,0,0,0,0,0,0,0,0,1,0,0
2023/9/12,2559.2,1679.67,32776.37,0,1,0,0,0,0,0,0,0,0,0,0,1,0,0
2023/9/13,2607.83,1687,32706.52,0,0,1,0,0,0,0,0,0,0,0,0,1,0,0
2023/9/14,2646.85,1746,33168.1,0,0,0,1,0,0,0,0,0,0,0,0,1,0,0
2023/9/15,2717.65,1750.33,33533.09,0,0,0,0,0,0,0,0,0,0,0,0,1,0,0
2023/9/19,2773.99,1802.33,33242.59,0,1,0,0,0,0,0,0,0,0,0,0,1,0,0
2023/9/20,2695.97,1780,33023.78,0,0,1,0,0,0,0,0,0,0,0,0,1,0,0
2023/9/21,2682.96,1755.67,32571.03,0,0,0,1,0,0,0,0,0,0,0,0,1,0,0
2023/9/22,2685.86,1751.67,32402.41,0,0,0,0,0,0,0,0,0,0,0,0,1,0,0
2023/9/25,2659.85,1751.33,32678.62,1,0,0,0,0,0,0,0,0,0,0,0,1,0,0
2023/9/26,2616.5,1747.33,32315.05,0,1,0,0,0,0,0,0,0,0,0,0,1,0,0
2023/9/27,2646.85,1752,32371.9,0,0,1,0,0,0,0,0,0,0,0,0,1,0,0
2023/9/28,2635.16,1730.5,31872.52,0,0,0,1,0,0,0,0,0,0,0,0,1,0,0
2023/9/29,2607.41,1682,31857.62,0,0,0,0,0,0,0,0,0,0,0,0,1,0,0
2023/10/2,2616.66,1688.5,31759.88,1,0,0,0,0,0,0,0,0,0,0,0,0,1,0
2023/10/3,2536.81,1645,31237.94,0,1,0,0,0,0,0,0,0,0,0,0,0,1,0
2023/10/4,2412.64,1554.5,30526.88,0,0,1,0,0,0,0,0,0,0,0,0,0,1,0
2023/10/5,2522.2,1601.5,31075.36,0,0,0,1,0,0,0,0,0,0,0,0,0,1,0
2023/10/6,2504.67,1618.5,30994.67,0,0,0,0,0,0,0,0,0,0,0,0,0,1,0
2023/10/10,2555.8,1659,31746.53,0,1,0,0,0,0,0,0,0,0,0,0,0,1,0
2023/10/11,2581.6,1675,31936.51,0,0,1,0,0,0,0,0,0,0,0,0,0,1,0
2023/10/12,2668.27,1717.5,32494.66,0,0,0,1,0,0,0,0,0,0,0,0,0,1,0
2023/10/13,2617.14,1682.5,32315.99,0,0,0,0,0,0,0,0,0,0,0,0,0,1,0
2023/10/16,2590.36,1663,31659.03,1,0,0,0,0,0,0,0,0,0,0,0,0,1,0
2023/10/17,2610.82,1683,32040.29,0,1,0,0,0,0,0,0,0,0,0,0,0,1,0
2023/10/18,2599.13,1675,32042.25,0,0,1,0,0,0,0,0,0,0,0,0,0,1,0
2023/10/19,2575.76,1649.5,31430.62,0,0,0,1,0,0,0,0,0,0,0,0,0,1,0
2023/10/20,2548.49,1632,31259.36,0,0,0,0,0,0,0,0,0,0,0,0,0,1,0
2023/10/23,2541.68,1612.5,30999.55,1,0,0,0,0,0,0,0,0,0,0,0,0,1,0
2023/10/24,2529.5,1607,31062.35,0,1,0,0,0,0,0,0,0,0,0,0,0,1,0
2023/10/25,2570.89,1620.5,31269.92,0,0,1,0,0,0,0,0,0,0,0,0,0,1,0
2023/10/26,2526.58,1594,30601.78,0,0,0,1,0,0,0,0,0,0,0,0,0,1,0
2023/10/27,2569.42,1595,30991.69,0,0,0,0,0,0,0,0,0,0,0,0,0,1,0
2023/10/30,2506.62,1527.5,30696.96,1,0,0,0,0,0,0,0,0,0,0,0,0,1,0
2023/10/31,2522.2,1506.5,30858.85,0,1,0,0,0,0,0,0,0,0,0,0,0,1,0
2023/11/1,2641.01,1568.5,31601.65,0,0,1,0,0,0,0,0,0,0,0,0,0,0,1
2023/11/2,2687.75,1573,31949.89,0,0,0,1,0,0,0,0,0,0,0,0,0,0,1
2023/11/6,2771.49,1621,32708.48,1,0,0,0,0,0,0,0,0,0,0,0,0,0,1
2023/11/7,2757.86,1614,32271.82,0,1,0,0,0,0,0,0,0,0,0,0,0,0,1
2023/11/8,2684.82,1608,32166.48,0,0,1,0,0,0,0,0,0,0,0,0,0,0,1
2023/11/9,2743.74,1654,32646.46,0,0,0,1,0,0,0,0,0,0,0,0,0,0,1
2023/11/10,2729.62,1586,32568.11,0,0,0,0,0,0,0,0,0,0,0,0,0,0,1
2023/11/13,2743.25,1563.5,32585.11,1,0,0,0,0,0,0,0,0,0,0,0,0,0,1
2023/11/14,2769.06,1599.5,32695.93,0,1,0,0,0,0,0,0,0,0,0,0,0,0,1
2023/11/15,2785.13,1602.5,33519.7,0,0,1,0,0,0,0,0,0,0,0,0,0,0,1
2023/11/16,2803.64,1611,33424.41,0,0,0,1,0,0,0,0,0,0,0,0,0,0,1
2023/11/17,2816.78,1626,33585.2,0,0,0,0,0,0,0,0,0,0,0,0,0,0,1
2023/11/20,2707.22,1564.5,33388.03,1,0,0,0,0,0,0,0,0,0,0,0,0,0,1
2023/11/21,2663.4,1530,33354.14,0,1,0,0,0,0,0,0,0,0,0,0,0,0,1
2023/11/22,2657.07,1542.5,33451.83,0,0,1,0,0,0,0,0,0,0,0,0,0,0,1
2023/11/24,2729.62,1570,33625.53,0,0,0,0,0,0,0,0,0,0,0,0,0,0,1
2023/11/27,2697.49,1545.5,33447.67,1,0,0,0,0,0,0,0,0,0,0,0,0,0,1
2023/11/28,2682.87,1526,33408.39,0,1,0,0,0,0,0,0,0,0,0,0,0,0,1
2023/11/29,2729.14,1505,33321.22,0,0,1,0,0,0,0,0,0,0,0,0,0,0,1
2023/11/30,2721.34,1509,33486.89,0,0,0,1,0,0,0,0,0,0,0,0,0,0,1
2023/12/1,2758.83,1529.5,33431.51,0,0,0,0,0,0,0,0,0,0,0,0,0,0,0
2023/12/4,2695.05,1489,33231.27,1,0,0,0,0,0,0,0,0,0,0,0,0,0,0
2023/12/5,2681.42,1496.5,32775.82,0,1,0,0,0,0,0,0,0,0,0,0,0,0,0
2023/12/6,2752.99,1527,33445.9,0,0,1,0,0,0,0,0,0,0,0,0,0,0,0
2023/12/7,2721.34,1496.5,32858.31,0,0,0,1,0,0,0,0,0,0,0,0,0,0,0
2023/12/8,2610.32,1458,32307.86,0,0,0,0,0,0,0,0,0,0,0,0,0,0,0
2023/12/11,2634.67,1494.5,32791.8,1,0,0,0,0,0,0,0,0,0,0,0,0,0,0
2023/12/12,2611.3,1477.5,32843.7,0,1,0,0,0,0,0,0,0,0,0,0,0,0,0
2023/12/13,2603.52,1469,32926.35,0,0,1,0,0,0,0,0,0,0,0,0,0,0,0
2023/12/14,2504.18,1395.5,32686.25,0,0,0,1,0,0,0,0,0,0,0,0,0,0,0
2023/12/15,2532.42,1424,32970.55,0,0,0,0,0,0,0,0,0,0,0,0,0,0,0
2023/12/18,2550.93,1424.5,32758.98,1,0,0,0,0,0,0,0,0,0,0,0,0,0,0
2023/12/19,2571.37,1445.5,33219.39,0,1,0,0,0,0,0,0,0,0,0,0,0,0,0
2023/12/20,2574.78,1485.5,33675.94,0,0,1,0,0,0,0,0,0,0,0,0,0,0,0
2023/12/21,2471.07,1442,33140.47,0,0,0,1,0,0,0,0,0,0,0,0,0,0,0
2023/12/22,2450.14,1446.5,33169.05,0,0,0,0,0,0,0,0,0,0,0,0,0,0,0
2023/12/25,2470.58,1446.5,33254.03,1,0,0,0,0,0,0,0,0,0,0,0,0,0,0
2023/12/26,2474.48,1443,33305.85,0,1,0,0,0,0,0,0,0,0,0,0,0,0,0
2023/12/27,2515.38,1453,33681.24,0,0,1,0,0,0,0,0,0,0,0,0,0,0,0
2023/12/28,2489.09,1450,33539.62,0,0,0,1,0,0,0,0,0,0,0,0,0,0,0
2023/12/29,2522.69,1466,33464.17,0,0,0,0,0,0,0,0,0,0,0,0,0,0,0
2024/1/4,2566.02,1497,33288.29,0,0,0,1,1,0,0,0,0,0,0,0,0,0,0
2024/1/5,2630.78,1530,33377.42,0,0,0,0,1,0,0,0,0,0,0,0,0,0,0
2024/1/9,2623.48,1517.5,33763.18,0,1,0,0,1,0,0,0,0,0,0,0,0,0,0
2024/1/10,2673.14,1533.5,34441.72,0,0,1,0,1,0,0,0,0,0,0,0,0,0,0
2024/1/11,2769.54,1568.5,35049.86,0,0,0,1,1,0,0,0,0,0,0,0,0,0,0
2024/1/12,2762.73,1563.5,35577.11,0,0,0,0,1,0,0,0,0,0,0,0,0,0,0
2024/1/15,2786.11,1558.5,35901.79,1,0,0,0,1,0,0,0,0,0,0,0,0,0,0
2024/1/16,2779.77,1561.5,35619.18,0,1,0,0,1,0,0,0,0,0,0,0,0,0,0
2024/1/17,2781.72,1571.5,35477.75,0,0,1,0,1,0,0,0,0,0,0,0,0,0,0
2024/1/18,2854.75,1594,35466.17,0,0,0,1,1,0,0,0,0,0,0,0,0,0,0
2024/1/19,2884.46,1587,35963.27,0,0,0,0,1,0,0,0,0,0,0,0,0,0,0
2024/1/22,2903.93,1610,36546.95,1,0,0,0,1,0,0,0,0,0,0,0,0,0,0
2024/1/23,2912.7,1597,36517.57,0,1,0,0,1,0,0,0,0,0,0,0,0,0,0
2024/1/24,2882.03,1587,36226.48,0,0,1,0,1,0,0,0,0,0,0,0,0,0,0
2024/1/25,2886.4,1593.5,36236.47,0,0,0,1,1,0,0,0,0,0,0,0,0,0,0
2024/1/26,2816.78,1583.5,35751.07,0,0,0,0,1,0,0,0,0,0,0,0,0,0,0
2024/1/29,2905.4,1644.5,36026.94,1,0,0,0,1,0,0,0,0,0,0,0,0,0,0
2024/1/30,2882.03,1627.5,36065.86,0,1,0,0,1,0,0,0,0,0,0,0,0,0,0
2024/1/31,2921.46,1675.5,36286.71,0,0,1,0,1,0,0,0,0,0,0,0,0,0,0
2024/2/1,2867.9,1644.5,36011.46,0,0,0,1,0,1,0,0,0,0,0,0,0,0,0
2024/2/2,2874.23,1635,36158.02,0,0,0,0,0,1,0,0,0,0,0,0,0,0,0
2024/2/5,2913.68,1683.5,36354.16,1,0,0,0,0,1,0,0,0,0,0,0,0,0,0
2024/2/6,3052.93,1691,36160.66,0,1,0,0,0,1,0,0,0,0,0,0,0,0,0
2024/2/7,3174.66,1710.5,36119.92,0,0,1,0,0,1,0,0,0,0,0,0,0,0,0
2024/2/8,3262.3,1734,36863.28,0,0,0,1,0,1,0,0,0,0,0,0,0,0,0
2024/2/9,3236.01,1703.5,36897.42,0,0,0,0,0,1,0,0,0,0,0,0,0,0,0
2024/2/13,3365.53,1719,37963.97,0,1,0,0,0,1,0,0,0,0,0,0,0,0,0
2024/2/14,3296.39,1689.5,37703.32,0,0,1,0,0,1,0,0,0,0,0,0,0,0,0
2024/2/15,3293.46,1721.5,38157.94,0,0,0,1,0,1,0,0,0,0,0,0,0,0,0
2024/2/16,3324.63,1752,38487.24,0,0,0,0,0,1,0,0,0,0,0,0,0,0,0
2024/2/19,3340.21,1744,38470.38,1,0,0,0,0,1,0,0,0,0,0,0,0,0,0
2024/2/20,3324.63,1748,38363.61,0,1,0,0,0,1,0,0,0,0,0,0,0,0,0
2024/2/21,3339.23,1747,38262.16,0,0,1,0,0,1,0,0,0,0,0,0,0,0,0
2024/2/22,3428.83,1799.5,39098.68,0,0,0,1,0,1,0,0,0,0,0,0,0,0,0
2024/2/26,3471.67,1785,39233.71,1,0,0,0,0,1,0,0,0,0,0,0,0,0,0
2024/2/27,3488.23,1776.5,39239.52,0,1,0,0,0,1,0,0,0,0,0,0,0,0,0
2024/2/28,3476.55,1774,39208.03,0,0,1,0,0,1,0,0,0,0,0,0,0,0,0
2024/2/29,3526.21,1782,39166.19,0,0,0,1,0,1,0,0,0,0,0,0,0,0,0
2024/3/1,3583.66,1805.5,39910.82,0,0,0,0,0,0,1,0,0,0,0,0,0,0,0
2024/3/4,3566.13,1803,40109.23,1,0,0,0,0,0,1,0,0,0,0,0,0,0,0
2024/3/5,3631.38,1798.5,40097.63,0,1,0,0,0,0,1,0,0,0,0,0,0,0,0
2024/3/6,3670.33,1821,40090.78,0,0,1,0,0,0,1,0,0,0,0,0,0,0,0
2024/3/7,3564.18,1752.5,39598.71,0,0,0,1,0,0,1,0,0,0,0,0,0,0,0
2024/3/8,3515.5,1765,39688.94,0,0,0,0,0,0,1,0,0,0,0,0,0,0,0
2024/3/11,3406.43,1725,38820.49,1,0,0,0,0,0,1,0,0,0,0,0,0,0,0
2024/3/12,3384.02,1725,38797.51,0,1,0,0,0,0,1,0,0,0,0,0,0,0,0
2024/3/13,3353.84,1732.5,38695.97,0,0,1,0,0,0,1,0,0,0,0,0,0,0,0
2024/3/14,3354.82,1752,38807.38,0,0,0,1,0,0,1,0,0,0,0,0,0,0,0
2024/3/15,3396.69,1782.5,38707.64,0,0,0,0,0,0,1,0,0,0,0,0,0,0,0
2024/3/18,3473.62,1830.5,39740.44,1,0,0,0,0,0,1,0,0,0,0,0,0,0,0
2024/3/19,3578.79,1864,40003.6,0,1,0,0,0,0,1,0,0,0,0,0,0,0,0
2024/3/21,3699.55,1890,40815.66,0,0,0,1,0,0,1,0,0,0,0,0,0,0,0
2024/3/22,3770.64,1921.5,40888.43,0,0,0,0,0,0,1,0,0,0,0,0,0,0,0
2024/3/25,3729.74,1879,40414.12,1,0,0,0,0,0,1,0,0,0,0,0,0,0,0
2024/3/26,3749.22,1880,40398.03,0,1,0,0,0,0,1,0,0,0,0,0,0,0,0
2024/3/27,3752.13,1898,40762.73,0,0,1,0,0,0,1,0,0,0,0,0,0,0,0
2024/3/28,3750.16,1863.5,40168.07,0,0,0,1,0,0,1,0,0,0,0,0,0,0,0
2024/3/29,3736.37,1891,40369.44,0,0,0,0,0,0,1,0,0,0,0,0,0,0,0
2024/4/1,3585.61,1850.5,39803.09,1,0,0,0,0,0,0,1,0,0,0,0,0,0,0
2024/4/2,3579.7,1843.5,39838.91,0,1,0,0,0,0,0,1,0,0,0,0,0,0,0
2024/4/3,3566.89,1829.5,39451.85,0,0,1,0,0,0,0,1,0,0,0,0,0,0,0
2024/4/4,3613.2,1848.5,39773.14,0,0,0,1,0,0,0,1,0,0,0,0,0,0,0
2024/4/5,3565.91,1835.5,38992.08,0,0,0,0,0,0,0,1,0,0,0,0,0,0,0
2024/4/8,3643.75,1863.5,39347.04,1,0,0,0,0,0,0,1,0,0,0,0,0,0,0
2024/4/9,3720.6,1885.5,39773.13,0,1,0,0,0,0,0,1,0,0,0,0,0,0,0
2024/4/10,3685.13,1876,39581.81,0,0,1,0,0,0,0,1,0,0,0,0,0,0,0
2024/4/11,3725.53,1873,39442.63,0,0,0,1,0,0,0,1,0,0,0,0,0,0,0
2024/4/12,3711.74,1879,39523.55,0,0,0,0,0,0,0,1,0,0,0,0,0,0,0
2024/4/15,3711.74,1860,39232.8,1,0,0,0,0,0,0,1,0,0,0,0,0,0,0
2024/4/16,3595.47,1813,38471.2,0,1,0,0,0,0,0,1,0,0,0,0,0,0,0
2024/4/17,3544.23,1789.5,37961.8,0,0,1,0,0,0,0,1,0,0,0,0,0,0,0
2024/4/18,3549.16,1785.5,38079.7,0,0,0,1,0,0,0,1,0,0,0,0,0,0,0
2024/4/19,3470.33,1747,37068.35,0,0,0,0,0,0,0,1,0,0,0,0,0,0,0
2024/4/22,3465.4,1773.5,37438.61,1,0,0,0,0,0,0,1,0,0,0,0,0,0,0
2024/4/23,3459.49,1764.5,37552.16,0,1,0,0,0,0,0,1,0,0,0,0,0,0,0
2024/4/24,3564.92,1789.5,38460.08,0,0,1,0,0,0,0,1,0,0,0,0,0,0,0
2024/4/25,3445.7,1746,37628.48,0,0,0,1,0,0,0,1,0,0,0,0,0,0,0
2024/4/26,3458.51,1750.5,37934.76,0,0,0,0,0,0,0,1,0,0,0,0,0,0,0
2024/4/30,3584.63,1812,38405.66,0,1,0,0,0,0,0,1,0,0,0,0,0,0,0
2024/5/1,3552.11,1787.5,38274.05,0,0,1,0,0,0,0,0,1,0,0,0,0,0,0
2024/5/2,3528.46,1783,38236.07,0,0,0,1,0,0,0,0,1,0,0,0,0,0,0
2024/5/7,3546.2,1773.5,38835.1,0,1,0,0,0,0,0,0,1,0,0,0,0,0,0
2024/5/8,3526.49,1750,38202.37,0,0,1,0,0,0,0,0,1,0,0,0,0,0,0
2024/5/9,3476.24,1748,38073.98,0,0,0,1,0,0,0,0,1,0,0,0,0,0,0
2024/5/10,3374.75,1736.5,38229.11,0,0,0,0,0,0,0,0,1,0,0,0,0,0,0
2024/5/13,3316.62,1756,38179.46,1,0,0,0,0,0,0,0,1,0,0,0,0,0,0
2024/5/14,3339.28,1746,38356.06,0,1,0,0,0,0,0,0,1,0,0,0,0,0,0
2024/5/15,3358,1750.5,38385.73,0,0,1,0,0,0,0,0,1,0,0,0,0,0,0
2024/5/16,3302.82,1708.5,38920.26,0,0,0,1,0,0,0,0,1,0,0,0,0,0,0
2024/5/17,3385.59,1727,38787.38,0,0,0,0,0,0,0,0,1,0,0,0,0,0,0
2024/5/20,3396.43,1770,39069.68,1,0,0,0,0,0,0,0,1,0,0,0,0,0,0
2024/5/21,3386.58,1745.5,38946.93,0,1,0,0,0,0,0,0,1,0,0,0,0,0,0
2024/5/22,3338.3,1728,38617.1,0,0,1,0,0,0,0,0,1,0,0,0,0,0,0
2024/5/23,3353.08,1731.5,39103.22,0,0,0,1,0,0,0,0,1,0,0,0,0,0,0
2024/5/24,3343.22,1734,38646.11,0,0,0,0,0,0,0,0,1,0,0,0,0,0,0
2024/5/27,3399.39,1745,38900.02,1,0,0,0,0,0,0,0,1,0,0,0,0,0,0
2024/5/28,3397.42,1749,38855.37,0,1,0,0,0,0,0,0,1,0,0,0,0,0,0
2024/5/29,3340.27,1740,38556.87,0,0,1,0,0,0,0,0,1,0,0,0,0,0,0
2024/5/30,3281.15,1730.5,38054.13,0,0,0,1,0,0,0,0,1,0,0,0,0,0,0
2024/5/31,3351.1,1769.5,38487.9,0,0,0,0,0,0,0,0,1,0,0,0,0,0,0
2024/6/3,3291.98,1765.5,38923.03,1,0,0,0,0,0,0,0,0,1,0,0,0,0,0
2024/6/4,3249.62,1726,38837.46,0,1,0,0,0,0,0,0,0,1,0,0,0,0,0
2024/6/5,3170.79,1668,38490.17,0,0,1,0,0,0,0,0,0,1,0,0,0,0,0
2024/6/6,3224.98,1678.5,38703.51,0,0,0,1,0,0,0,0,0,1,0,0,0,0,0
2024/6/7,3171.77,1667.5,38683.93,0,0,0,0,0,0,0,0,0,1,0,0,0,0,0
2024/6/10,3224,1708,39038.16,1,0,0,0,0,0,0,0,0,1,0,0,0,0,0
2024/6/11,3206.26,1708,39134.79,0,1,0,0,0,0,0,0,0,1,0,0,0,0,0
2024/6/12,3161.92,1708,38876.71,0,0,1,0,0,0,0,0,0,1,0,0,0,0,0
2024/6/13,3082.11,1684.5,38720.47,0,0,0,1,0,0,0,0,0,1,0,0,0,0,0
2024/6/14,3070.29,1695.5,38814.56,0,0,0,0,0,0,0,0,0,1,0,0,0,0,0
2024/6/17,2991.46,1642.5,38102.44,1,0,0,0,0,0,0,0,0,1,0,0,0,0,0
2024/6/18,3007.22,1670,38482.11,0,1,0,0,0,0,0,0,0,1,0,0,0,0,0
2024/6/19,3061.42,1681,38570.76,0,0,1,0,0,0,0,0,0,1,0,0,0,0,0
2024/6/20,3038.76,1663.5,38633.02,0,0,0,1,0,0,0,0,0,1,0,0,0,0,0
2024/6/21,3028.9,1660,38596.47,0,0,0,0,0,0,0,0,0,1,0,0,0,0,0
2024/6/24,3103.79,1688,38804.65,1,0,0,0,0,0,0,0,0,1,0,0,0,0,0
2024/6/25,3247.64,1730,39173.15,0,1,0,0,0,0,0,0,0,1,0,0,0,0,0
2024/6/26,3227.94,1718,39667.07,0,0,1,0,0,0,0,0,0,1,0,0,0,0,0
2024/6/27,3215.13,1712.5,39341.54,0,0,0,1,0,0,0,0,0,1,0,0,0,0,0
2024/6/28,3241.73,1720,39583.08,0,0,0,0,0,0,0,0,0,1,0,0,0,0,0
2024/7/1,3235.82,1760.5,39631.06,1,0,0,0,0,0,0,0,0,0,1,0,0,0,0
2024/7/2,3284.1,1735,40074.69,0,1,0,0,0,0,0,0,0,0,1,0,0,0,0
2024/7/3,3276.22,1738.5,40580.76,0,0,1,0,0,0,0,0,0,0,1,0,0,0,0
2024/7/4,3341.25,1791,40913.65,0,0,0,1,0,0,0,0,0,0,1,0,0,0,0
2024/7/5,3270.31,1733,40912.37,0,0,0,0,0,0,0,0,0,0,1,0,0,0,0
2024/7/8,3236.81,1700,40780.7,1,0,0,0,0,0,0,0,0,0,1,0,0,0,0
2024/7/9,3222.03,1701.5,41580.17,0,1,0,0,0,0,0,0,0,0,1,0,0,0,0
2024/7/10,3242.72,1703,41831.99,0,0,1,0,0,0,0,0,0,0,1,0,0,0,0
2024/7/11,3235.82,1723.5,42224.02,0,0,0,1,0,0,0,0,0,0,1,0,0,0,0
2024/7/12,3225.97,1703.5,41190.68,0,0,0,0,0,0,0,0,0,0,1,0,0,0,0
2024/7/16,3221.04,1705,41275.08,0,1,0,0,0,0,0,0,0,0,1,0,0,0,0
2024/7/17,3206.26,1716,41097.69,0,0,1,0,0,0,0,0,0,0,1,0,0,0,0
2024/7/18,3094.92,1665,40126.35,0,0,0,1,0,0,0,0,0,0,1,0,0,0,0
2024/7/19,3087.04,1664.5,40063.79,0,0,0,0,0,0,0,0,0,0,1,0,0,0,0
2024/7/22,3044.67,1671,39599,1,0,0,0,0,0,0,0,0,0,1,0,0,0,0
2024/7/23,3063.39,1674,39594.39,0,1,0,0,0,0,0,0,0,0,1,0,0,0,0
2024/7/24,3054.52,1630,39154.85,0,0,1,0,0,0,0,0,0,0,1,0,0,0,0
2024/7/25,2975.69,1585,37869.51,0,0,0,1,0,0,0,0,0,0,1,0,0,0,0
2024/7/26,2866.32,1580.5,37667.41,0,0,0,0,0,0,0,0,0,0,1,0,0,0,0
2024/7/29,2923.47,1622.5,38468.63,1,0,0,0,0,0,0,0,0,0,1,0,0,0,0
2024/7/30,2952.54,1636,38525.95,0,1,0,0,0,0,0,0,0,0,1,0,0,0,0
2024/7/31,2905.74,1647,39101.82,0,0,1,0,0,0,0,0,0,0,1,0,0,0,0
2024/8/1,2659.4,1575,38126.33,0,0,0,1,0,0,0,0,0,0,0,1,0,0,0
2024/8/2,2547.08,1522,35909.7,0,0,0,0,0,0,0,0,0,0,0,1,0,0,0
2024/8/5,2199.25,1251.5,31458.42,1,0,0,0,0,0,0,0,0,0,0,1,0,0,0
2024/8/6,2481.06,1435.5,34675.46,0,1,0,0,0,0,0,0,0,0,0,1,0,0,0
2024/8/7,2463.82,1423,35089.62,0,0,1,0,0,0,0,0,0,0,0,1,0,0,0
2024/8/8,2415.04,1422,34831.15,0,0,0,1,0,0,0,0,0,0,0,1,0,0,0
2024/8/9,2411.59,1420,35025,0,0,0,0,0,0,0,0,0,0,0,1,0,0,0
2024/8/13,2491.9,1454.5,36232.51,0,1,0,0,0,0,0,0,0,0,0,1,0,0,0
2024/8/14,2577.62,1505,36442.43,0,0,1,0,0,0,0,0,0,0,0,1,0,0,0
2024/8/15,2618.51,1546.5,36726.64,0,0,0,1,0,0,0,0,0,0,0,1,0,0,0
2024/8/16,2704.24,1584,38062.67,0,0,0,0,0,0,0,0,0,0,0,1,0,0,0
2024/8/19,2621.47,1567.5,37388.62,1,0,0,0,0,0,0,0,0,0,0,1,0,0,0
2024/8/20,2647.58,1578,38062.92,0,1,0,0,0,0,0,0,0,0,0,1,0,0,0
2024/8/21,2653,1562,37951.8,0,0,1,0,0,0,0,0,0,0,0,1,0,0,0
2024/8/22,2625.9,1556,38211.01,0,0,0,1,0,0,0,0,0,0,0,1,0,0,0
2024/8/23,2642.65,1578,38364.27,0,0,0,0,0,0,0,0,0,0,0,1,0,0,0
2024/8/26,2559.39,1534,38110.22,1,0,0,0,0,0,0,0,0,0,0,1,0,0,0
2024/8/27,2605.21,1561,38288.62,0,1,0,0,0,0,0,0,0,0,0,1,0,0,0
2024/8/28,2706.21,1572,38371.76,0,0,1,0,0,0,0,0,0,0,0,1,0,0,0
2024/8/29,2680.59,1583,38362.53,0,0,0,1,0,0,0,0,0,0,0,1,0,0,0
2024/8/30,2719.02,1588,38647.75,0,0,0,0,0,0,0,0,0,0,0,1,0,0,0
2024/9/2,2740.2,1610,38700.87,1,0,0,0,0,0,0,0,0,0,0,0,1,0,0
2024/9/3,2731.33,1604.5,38686.31,0,1,0,0,0,0,0,0,0,0,0,0,1,0,0
2024/9/4,2634.77,1530,37047.61,0,0,1,0,0,0,0,0,0,0,0,0,1,0,0
2024/9/5,2577.62,1538.5,36657.09,0,0,0,1,0,0,0,0,0,0,0,0,1,0,0
2024/9/6,2544.61,1527.5,36391.47,0,0,0,0,0,0,0,0,0,0,0,0,1,0,0
2024/9/9,2463.32,1509,36215.75,1,0,0,0,0,0,0,0,0,0,0,0,1,0,0
2024/9/10,2462.83,1486.5,36159.16,0,1,0,0,0,0,0,0,0,0,0,0,1,0,0
2024/9/11,2386.47,1441.5,35619.77,0,0,1,0,0,0,0,0,0,0,0,0,1,0,0
2024/9/12,2476.13,1493.5,36833.27,0,0,0,1,0,0,0,0,0,0,0,0,1,0,0
2024/9/13,2418.98,1472,36581.76,0,0,0,0,0,0,0,0,0,0,0,0,1,0,0
2024/9/17,2370.7,1457,36203.22,0,1,0,0,0,0,0,0,0,0,0,0,1,0,0
2024/9/18,2448.54,1493.5,36380.17,0,0,1,0,0,0,0,0,0,0,0,0,1,0,0
2024/9/19,2572.2,1543.5,37155.33,0,0,0,1,0,0,0,0,0,0,0,0,1,0,0
2024/9/20,2595.36,1556.5,37723.91,0,0,0,0,0,0,0,0,0,0,0,0,1,0,0
2024/9/24,2578.61,1561,37940.59,0,1,0,0,0,0,0,0,0,0,0,0,1,0,0
2024/9/25,2604.72,1575,37870.26,0,0,1,0,0,0,0,0,0,0,0,0,1,0,0
2024/9/26,2686.5,1615,38925.63,0,0,0,1,0,0,0,0,0,0,0,0,1,0,0
2024/9/27,2751.5,1621.5,39829.56,0,0,0,0,0,0,0,0,0,0,0,0,1,0,0
2024/9/30,2542.5,1507.5,37919.55,1,0,0,0,0,0,0,0,0,0,0,0,1,0,0
2024/10/1,2596,1542,38651.97,0,1,0,0,0,0,0,0,0,0,0,0,0,1,0
2024/10/2,2569.5,1542,37808.76,0,0,1,0,0,0,0,0,0,0,0,0,0,1,0
2024/10/3,2601.5,1564.5,38552.06,0,0,0,1,0,0,0,0,0,0,0,0,0,1,0
2024/10/4,2586,1568.5,38635.62,0,0,0,0,0,0,0,0,0,0,0,0,0,1,0
2024/10/7,2645.5,1602,39332.74,1,0,0,0,0,0,0,0,0,0,0,0,0,1,0
2024/10/8,2568,1566,38937.54,0,1,0,0,0,0,0,0,0,0,0,0,0,1,0
2024/10/9,2563.5,1553,39277.96,0,0,1,0,0,0,0,0,0,0,0,0,0,1,0
2024/10/10,2581,1574,39380.89,0,0,0,1,0,0,0,0,0,0,0,0,0,1,0
2024/10/11,2562,1558,39605.8,0,0,0,0,0,0,0,0,0,0,0,0,0,1,0
2024/10/15,2555,1547,39910.55,0,1,0,0,0,0,0,0,0,0,0,0,0,1,0
2024/10/16,2525.5,1533,39180.3,0,0,1,0,0,0,0,0,0,0,0,0,0,1,0
2024/10/17,2550.5,1535,38911.19,0,0,0,1,0,0,0,0,0,0,0,0,0,1,0
2024/10/18,2552.5,1533,38981.75,0,0,0,0,0,0,0,0,0,0,0,0,0,1,0
2024/10/21,2541.5,1525.5,38954.6,1,0,0,0,0,0,0,0,0,0,0,0,0,1,0
2024/10/22,2545,1512.5,38411.96,0,1,0,0,0,0,0,0,0,0,0,0,0,1,0
2024/10/23,2620.5,1546,38104.86,0,0,1,0,0,0,0,0,0,0,0,0,0,1,0
2024/10/24,2602.5,1536.5,38143.29,0,0,0,1,0,0,0,0,0,0,0,0,0,1,0
2024/10/25,2600,1520.5,37913.92,0,0,0,0,0,0,0,0,0,0,0,0,0,1,0
2024/10/28,2707,1582,38605.53,1,0,0,0,0,0,0,0,0,0,0,0,0,1,0
2024/10/29,2699.5,1584,38903.68,0,1,0,0,0,0,0,0,0,0,0,0,0,1,0
2024/10/30,2711.5,1577.5,39277.39,0,0,1,0,0,0,0,0,0,0,0,0,0,1,0
2024/10/31,2682.5,1557.5,39081.25,0,0,0,1,0,0,0,0,0,0,0,0,0,1,0
2024/11/1,2615.5,1524,38053.67,0,0,0,0,0,0,0,0,0,0,0,0,0,0,1
2024/11/5,2639,1516,38474.9,0,1,0,0,0,0,0,0,0,0,0,0,0,0,1
2024/11/6,2684.5,1418,39480.67,0,0,1,0,0,0,0,0,0,0,0,0,0,0,1
2024/11/7,2762,1420,39381.41,0,0,0,1,0,0,0,0,0,0,0,0,0,0,1
2024/11/8,2662.5,1381.5,39500.37,0,0,0,0,0,0,0,0,0,0,0,0,0,0,1
2024/11/11,2653.5,1379.5,39533.32,1,0,0,0,0,0,0,0,0,0,0,0,0,0,1
2024/11/12,2717,1383.5,39376.09,0,1,0,0,0,0,0,0,0,0,0,0,0,0,1
2024/11/13,2662,1325,38721.66,0,0,1,0,0,0,0,0,0,0,0,0,0,0,1
2024/11/14,2666,1322.5,38535.7,0,0,0,1,0,0,0,0,0,0,0,0,0,0,1
2024/11/15,2704,1351.5,38642.91,0,0,0,0,0,0,0,0,0,0,0,0,0,0,1
2024/11/18,2676,1361.5,38220.85,1,0,0,0,0,0,0,0,0,0,0,0,0,0,1
2024/11/19,2730.5,1394.5,38414.43,0,1,0,0,0,0,0,0,0,0,0,0,0,0,1
2024/11/20,2698.5,1364.5,38352.34,0,0,1,0,0,0,0,0,0,0,0,0,0,0,1
2024/11/21,2674.5,1345.5,38026.17,0,0,0,1,0,0,0,0,0,0,0,0,0,0,1
2024/11/22,2664.5,1362.5,38283.85,0,0,0,0,0,0,0,0,0,0,0,0,0,0,1
2024/11/25,2694.5,1358.5,38780.14,1,0,0,0,0,0,0,0,0,0,0,0,0,0,1
2024/11/26,2667.5,1333,38442,0,1,0,0,0,0,0,0,0,0,0,0,0,0,1
2024/11/27,2571,1292.5,38134.97,0,0,1,0,0,0,0,0,0,0,0,0,0,0,1
2024/11/28,2607,1299,38349.06,0,0,0,1,0,0,0,0,0,0,0,0,0,0,1
2024/11/29,2551.5,1291.5,38208.03,0,0,0,0,0,0,0,0,0,0,0,0,0,0,1
2024/12/2,2611,1302,38513.02,1,0,0,0,0,0,0,0,0,0,0,0,0,0,0
2024/12/3,2652,1320.5,39248.86,0,1,0,0,0,0,0,0,0,0,0,0,0,0,0
2024/12/4,2631,1291,39276.39,0,0,1,0,0,0,0,0,0,0,0,0,0,0,0
2024/12/5,2632,1283.5,39395.6,0,0,0,1,0,0,0,0,0,0,0,0,0,0,0
2024/12/6,2629,1286.5,39091.17,0,0,0,0,0,0,0,0,0,0,0,0,0,0,0
2024/12/9,2645.5,1300,39160.5,1,0,0,0,0,0,0,0,0,0,0,0,0,0,0
2024/12/10,2679.5,1314.5,39367.58,0,1,0,0,0,0,0,0,0,0,0,0,0,0,0
2024/12/11,2682.5,1306.5,39372.23,0,0,1,0,0,0,0,0,0,0,0,0,0,0,0
2024/12/12,2718.5,1300,39849.14,0,0,0,1,0,0,0,0,0,0,0,0,0,0,0
2024/12/13,2697.5,1293.5,39470.44,0,0,0,0,0,0,0,0,0,0,0,0,0,0,0
2024/12/16,2692,1287.5,39457.49,1,0,0,0,0,0,0,0,0,0,0,0,0,0,0
2024/12/17,2672.5,1283.5,39364.68,0,1,0,0,0,0,0,0,0,0,0,0,0,0,0
2024/12/18,2726.5,1244.5,39081.71,0,0,1,0,0,0,0,0,0,0,0,0,0,0,0
2024/12/19,2724,1220,38813.58,0,0,0,1,0,0,0,0,0,0,0,0,0,0,0
2024/12/20,2771.5,1229.5,38701.9,0,0,0,0,0,0,0,0,0,0,0,0,0,0,0
2024/12/23,2837,1276.5,39161.34,1,0,0,0,0,0,0,0,0,0,0,0,0,0,0
2024/12/24,2835,1432.5,39036.85,0,1,0,0,0,0,0,0,0,0,0,0,0,0,0
2024/12/25,2964.5,1444.5,39130.43,0,0,1,0,0,0,0,0,0,0,0,0,0,0,0
2024/12/26,3142,1500,39568.06,0,0,0,1,0,0,0,0,0,0,0,0,0,0,0
2024/12/27,3188,1531,40281.16,0,0,0,0,0,0,0,0,0,0,0,0,0,0,0
2024/12/30,3146,1535,39894.54,1,0,0,0,0,0,0,0,0,0,0,0,0,0,0
2025/1/6,3011,1578.5,39307.05,1,0,0,0,1,0,0,0,0,0,0,0,0,0,0
2025/1/7,3052,1604,40083.3,0,1,0,0,1,0,0,0,0,0,0,0,0,0,0
2025/1/8,3073,1594.5,39981.06,0,0,1,0,1,0,0,0,0,0,0,0,0,0,0
2025/1/9,3005,1553.5,39605.09,0,0,0,1,1,0,0,0,0,0,0,0,0,0,0
2025/1/10,2932,1528.5,39190.4,0,0,0,0,1,0,0,0,0,0,0,0,0,0,0
2025/1/14,2907.5,1479,38474.3,0,1,0,0,1,0,0,0,0,0,0,0,0,0,0
2025/1/15,2901,1472.5,38444.58,0,0,1,0,1,0,0,0,0,0,0,0,0,0,0
2025/1/16,2837,1456,38572.6,0,0,0,1,1,0,0,0,0,0,0,0,0,0,0
2025/1/17,2788,1460,38451.46,0,0,0,0,1,0,0,0,0,0,0,0,0,0,0
2025/1/20,2870,1482,38902.5,1,0,0,0,1,0,0,0,0,0,0,0,0,0,0
2025/1/21,2875.5,1478,39027.98,0,1,0,0,1,0,0,0,0,0,0,0,0,0,0
2025/1/22,2915.5,1487.5,39646.25,0,0,1,0,1,0,0,0,0,0,0,0,0,0,0
2025/1/23,2925,1491.5,39958.87,0,0,0,1,1,0,0,0,0,0,0,0,0,0,0
2025/1/24,2882.5,1479,39931.98,0,0,0,0,1,0,0,0,0,0,0,0,0,0,0
2025/1/27,2922,1494.5,39565.8,1,0,0,0,1,0,0,0,0,0,0,0,0,0,0
2025/1/28,2889.5,1489.5,39016.87,0,1,0,0,1,0,0,0,0,0,0,0,0,0,0
2025/1/29,2930,1482,39414.78,0,0,1,0,1,0,0,0,0,0,0,0,0,0,0
2025/1/30,2949,1477,39513.97,0,0,0,1,1,0,0,0,0,0,0,0,0,0,0
2025/1/31,2973.5,1478.5,39572.49,0,0,0,0,1,0,0,0,0,0,0,0,0,0,0
2025/2/3,2824.5,1372,38520.09,1,0,0,0,0,1,0,0,0,0,0,0,0,0,0
2025/2/4,2873,1386.5,38798.37,0,1,0,0,0,1,0,0,0,0,0,0,0,0,0
2025/2/5,2963,1500,38831.48,0,0,1,0,0,1,0,0,0,0,0,0,0,0,0
2025/2/6,2903.5,1440,39066.53,0,0,0,1,0,1,0,0,0,0,0,0,0,0,0
2025/2/7,2824.5,1436.5,38787.02,0,0,0,0,0,1,0,0,0,0,0,0,0,0,0
2025/2/10,2825.5,1423,38801.17,1,0,0,0,0,1,0,0,0,0,0,0,0,0,0
2025/2/12,2800,1404,38963.7,0,0,1,0,0,1,0,0,0,0,0,0,0,0,0
2025/2/13,2825.5,1434,39461.47,0,0,0,1,0,1,0,0,0,0,0,0,0,0,0
2025/2/14,2804.5,1469.5,39149.43,0,0,0,0,0,1,0,0,0,0,0,0,0,0,0
2025/2/17,2773.5,1424,39174.25,1,0,0,0,0,1,0,0,0,0,0,0,0,0,0
2025/2/18,2804,1417.5,39270.4,0,1,0,0,0,1,0,0,0,0,0,0,0,0,0
2025/2/19,2755.5,1385.5,39164.61,0,0,1,0,0,1,0,0,0,0,0,0,0,0,0
2025/2/20,2710.5,1366.5,38678.04,0,0,0,1,0,1,0,0,0,0,0,0,0,0,0
2025/2/21,2706,1380,38776.94,0,0,0,0,0,1,0,0,0,0,0,0,0,0,0
2025/2/25,2710.5,1388.5,38237.79,0,1,0,0,0,1,0,0,0,0,0,0,0,0,0
2025/2/26,2725,1402.5,38142.37,0,0,1,0,0,1,0,0,0,0,0,0,0,0,0
2025/2/27,2784,1410,38256.17,0,0,0,1,0,1,0,0,0,0,0,0,0,0,0
2025/2/28,2689,1393,37155.5,0,0,0,0,0,1,0,0,0,0,0,0,0,0,0
2025/3/3,2795,1412.5,37785.47,1,0,0,0,0,0,1,0,0,0,0,0,0,0,0
2025/3/4,2753.5,1381,37331.18,0,1,0,0,0,0,1,0,0,0,0,0,0,0,0
2025/3/5,2849.5,1410.5,37418.24,0,0,1,0,0,0,1,0,0,0,0,0,0,0,0
2025/3/6,2822.5,1439,37704.93,0,0,0,1,0,0,1,0,0,0,0,0,0,0,0
2025/3/7,2803,1431,36887.17,0,0,0,0,0,0,1,0,0,0,0,0,0,0,0
2025/3/10,2829,1444,37028.27,1,0,0,0,0,0,1,0,0,0,0,0,0,0,0
2025/3/11,2754.5,1450,36793.11,0,1,0,0,0,0,1,0,0,0,0,0,0,0,0
2025/3/12,2761.5,1448,36819.09,0,0,1,0,0,0,1,0,0,0,0,0,0,0,0
2025/3/13,2719,1430.5,36790.03,0,0,0,1,0,0,1,0,0,0,0,0,0,0,0
2025/3/14,2746.5,1450,37053.1,0,0,0,0,0,0,1,0,0,0,0,0,0,0,0
2025/3/17,2760.5,1476,37396.52,1,0,0,0,0,0,1,0,0,0,0,0,0,0,0
2025/3/18,2839,1518,37845.42,0,1,0,0,0,0,1,0,0,0,0,0,0,0,0
2025/3/19,2892,1515.5,37751.88,0,0,1,0,0,0,1,0,0,0,0,0,0,0,0
2025/3/21,2844.5,1503,37677.06,0,0,0,0,0,0,1,0,0,0,0,0,0,0,0
2025/3/24,2863,1501.5,37608.49,1,0,0,0,0,0,1,0,0,0,0,0,0,0,0
2025/3/25,2882.5,1503,37780.54,0,1,0,0,0,0,1,0,0,0,0,0,0,0,0
2025/3/26,2887.5,1493,38027.29,0,0,1,0,0,0,1,0,0,0,0,0,0,0,0
2025/3/27,2828.5,1456,37799.97,0,0,0,1,0,0,1,0,0,0,0,0,0,0,0
2025/3/28,2700.5,1385,37120.33,0,0,0,0,0,0,1,0,0,0,0,0,0,0,0
2025/3/31,2616,1342.5,35617.56,1,0,0,0,0,0,1,0,0,0,0,0,0,0,0
2025/4/1,2630.5,1345,35624.48,0,1,0,0,0,0,0,1,0,0,0,0,0,0,0
2025/4/2,2656,1361,35725.87,0,0,1,0,0,0,0,1,0,0,0,0,0,0,0
2025/4/3,2518.5,1329.5,34735.93,0,0,0,1,0,0,0,1,0,0,0,0,0,0,0
2025/4/4,2407.5,1257,33780.58,0,0,0,0,0,0,0,1,0,0,0,0,0,0,0
2025/4/7,2266.5,1205,31136.58,1,0,0,0,0,0,0,1,0,0,0,0,0,0,0
2025/4/8,2428.5,1284,33012.58,0,1,0,0,0,0,0,1,0,0,0,0,0,0,0
2025/4/9,2365.5,1243.5,31714.03,0,0,1,0,0,0,0,1,0,0,0,0,0,0,0
2025/4/10,2543,1348.5,34609,0,0,0,1,0,0,0,1,0,0,0,0,0,0,0
2025/4/11,2420,1315,33585.58,0,0,0,0,0,0,0,1,0,0,0,0,0,0,0
2025/4/14,2410,1319.5,33982.36,1,0,0,0,0,0,0,1,0,0,0,0,0,0,0
2025/4/15,2499,1367,34267.54,0,1,0,0,0,0,0,1,0,0,0,0,0,0,0
2025/4/16,2499,1356.5,33920.4,0,0,1,0,0,0,0,1,0,0,0,0,0,0,0
2025/4/17,2498.5,1382,34377.6,0,0,0,1,0,0,0,1,0,0,0,0,0,0,0
2025/4/18,2544,1394.5,34730.28,0,0,0,0,0,0,0,1,0,0,0,0,0,0,0
2025/4/21,2470.5,1380.5,34279.92,1,0,0,0,0,0,0,1,0,0,0,0,0,0,0
2025/4/22,2459,1386,34220.6,0,1,0,0,0,0,0,1,0,0,0,0,0,0,0
2025/4/23,2582,1418.5,34868.63,0,0,1,0,0,0,0,1,0,0,0,0,0,0,0
2025/4/24,2657.5,1427.5,35039.15,0,0,0,1,0,0,0,1,0,0,0,0,0,0,0
2025/4/25,2690,1437.5,35705.74,0,0,0,0,0,0,0,1,0,0,0,0,0,0,0
2025/4/28,2786.5,1451.5,35839.99,1,0,0,0,0,0,0,1,0,0,0,0,0,0,0
2025/4/30,2729,1453,36045.38,0,0,1,0,0,0,0,1,0,0,0,0,0,0,0
2025/5/1,2751,1465,36452.3,0,0,0,1,0,0,0,0,1,0,0,0,0,0,0
2025/5/2,2780,1484,36830.69,0,0,0,0,0,0,0,0,1,0,0,0,0,0,0
2025/5/7,2706,1458,36779.66,0,0,1,0,0,0,0,0,1,0,0,0,0,0,0
2025/5/8,2671.5,1443,36928.63,0,0,0,1,0,0,0,0,1,0,0,0,0,0,0
2025/5/9,2719.5,1482.5,37503.33,0,0,0,0,0,0,0,0,1,0,0,0,0,0,0
2025/5/12,2753.5,1488.5,37644.26,1,0,0,0,0,0,0,0,1,0,0,0,0,0,0
2025/5/13,2850,1503.5,38183.26,0,1,0,0,0,0,0,0,1,0,0,0,0,0,0
2025/5/14,2749.5,1460.5,38128.13,0,0,1,0,0,0,0,0,1,0,0,0,0,0,0
2025/5/15,2657,1403.5,37755.51,0,0,0,1,0,0,0,0,1,0,0,0,0,0,0
2025/5/16,2642.5,1406,37753.72,0,0,0,0,0,0,0,0,1,0,0,0,0,0,0
2025/5/19,2665,1411,37498.63,1,0,0,0,0,0,0,0,1,0,0,0,0,0,0
2025/5/20,2672.5,1422,37529.49,0,1,0,0,0,0,0,0,1,0,0,0,0,0,0
2025/5/21,2662.5,1437.5,37298.98,0,0,1,0,0,0,0,0,1,0,0,0,0,0,0
2025/5/22,2620,1415,36985.87,0,0,0,1,0,0,0,0,1,0,0,0,0,0,0
2025/5/23,2623.5,1418.5,37160.47,0,0,0,0,0,0,0,0,1,0,0,0,0,0,0
2025/5/26,2621.5,1406.5,37531.53,1,0,0,0,0,0,0,0,1,0,0,0,0,0,0
2025/5/27,2640,1412,37724.11,0,1,0,0,0,0,0,0,1,0,0,0,0,0,0
2025/5/28,2631.5,1430,37722.4,0,0,1,0,0,0,0,0,1,0,0,0,0,0,0
2025/5/29,2734.5,1496,38432.98,0,0,0,1,0,0,0,0,1,0,0,0,0,0,0
2025/5/30,2769,1468,37965.1,0,0,0,0,0,0,0,0,1,0,0,0,0,0,0
2025/6/2,2691,1437,37470.67,1,0,0,0,0,0,0,0,0,1,0,0,0,0,0
2025/6/3,2675,1423.5,37446.81,0,1,0,0,0,0,0,0,0,1,0,0,0,0,0
2025/6/4,2724.5,1422,37747.45,0,0,1,0,0,0,0,0,0,1,0,0,0,0,0
2025/6/5,2650.5,1384,37554.49,0,0,0,1,0,0,0,0,0,1,0,0,0,0,0
2025/6/6,2652,1402,37741.61,0,0,0,0,0,0,0,0,0,1,0,0,0,0,0
2025/6/9,2640,1400,38088.57,1,0,0,0,0,0,0,0,0,1,0,0,0,0,0
2025/6/10,2657.5,1400,38211.51,0,1,0,0,0,0,0,0,0,1,0,0,0,0,0
2025/6/11,2656,1412.5,38421.19,0,0,1,0,0,0,0,0,0,1,0,0,0,0,0
2025/6/12,2616.5,1400.5,38173.09,0,0,0,1,0,0,0,0,0,1,0,0,0,0,0
2025/6/13,2555,1393.5,37834.25,0,0,0,0,0,0,0,0,0,1,0,0,0,0,0
2025/6/16,2554.5,1434.5,38311.33,1,0,0,0,0,0,0,0,0,1,0,0,0,0,0
2025/6/17,2538,1434.5,38536.74,0,1,0,0,0,0,0,0,0,1,0,0,0,0,0
2025/6/18,2569,1446,38885.15,0,0,1,0,0,0,0,0,0,1,0,0,0,0,0
2025/6/19,2525.5,1430.5,38488.34,0,0,0,1,0,0,0,0,0,1,0,0,0,0,0
2025/6/20,2502.5,1423.5,38403.23,0,0,0,0,0,0,0,0,0,1,0,0,0,0,0
2025/6/23,2493.5,1406,38354.09,1,0,0,0,0,0,0,0,0,1,0,0,0,0,0
2025/6/24,2490,1390,38790.56,0,1,0,0,0,0,0,0,0,1,0,0,0,0,0
2025/6/25,2460.5,1392.5,38942.07,0,0,1,0,0,0,0,0,0,1,0,0,0,0,0
2025/6/26,2456.5,1380,39584.58,0,0,0,1,0,0,0,0,0,1,0,0,0,0,0
2025/6/27,2527,1421,40150.79,0,0,0,0,0,0,0,0,0,1,0,0,0,0,0
2025/6/30,2493,1394.5,40487.39,1,0,0,0,0,0,0,0,0,1,0,0,0,0,0
2025/7/1,2453,1396,39986.33,0,1,0,0,0,0,0,0,0,0,1,0,0,0,0
2025/7/2,2465.5,1421.5,39762.48,0,0,1,0,0,0,0,0,0,0,1,0,0,0,0
2025/7/3,2511.5,1449.5,39785.9,0,0,0,1,0,0,0,0,0,0,1,0,0,0,0
2025/7/4,2484.5,1443,39810.88,0,0,0,0,0,0,0,0,0,0,1,0,0,0,0
2025/7/7,2453.5,1422,39587.68,1,0,0,0,0,0,0,0,0,0,1,0,0,0,0
2025/7/8,2465,1433,39688.81,0,1,0,0,0,0,0,0,0,0,1,0,0,0,0
2025/7/9,2487.5,1481,39821.28,0,0,1,0,0,0,0,0,0,0,1,0,0,0,0
2025/7/10,2473.5,1484.5,39646.36,0,0,0,1,0,0,0,0,0,0,1,0,0,0,0
2025/7/11,2508,1509,39569.68,0,0,0,0,0,0,0,0,0,0,1,0,0,0,0
2025/7/14,2531.5,1522,39459.62,1,0,0,0,0,0,0,0,0,0,1,0,0,0,0
2025/7/15,2532,1526,39678.02,0,1,0,0,0,0,0,0,0,0,1,0,0,0,0
2025/7/16,2509.5,1502.5,39663.4,0,0,1,0,0,0,0,0,0,0,1,0,0,0,0
2025/7/17,2520.5,1494,39901.19,0,0,0,1,0,0,0,0,0,0,1,0,0,0,0
2025/7/18,2516,1487,39819.11,0,0,0,0,0,0,0,0,0,0,1,0,0,0,0
2025/7/22,2496.5,1484.5,39774.92,0,1,0,0,0,0,0,0,0,0,1,0,0,0,0
2025/7/23,2854.5,1650,41171.32,0,0,1,0,0,0,0,0,0,0,1,0,0,0,0
2025/7/24,2844.5,1650.5,41826.34,0,0,0,1,0,0,0,0,0,0,1,0,0,0,0
2025/7/25,2787,1621,41456.23,0,0,0,0,0,0,0,0,0,0,1,0,0,0,0
2025/7/28,2805,1658,40998.27,1,0,0,0,0,0,0,0,0,0,1,0,0,0,0
2025/7/29,2741.5,1623,40674.55,0,1,0,0,0,0,0,0,0,0,1,0,0,0,0
2025/7/30,2743.5,1589.5,40654.7,0,0,1,0,0,0,0,0,0,0,1,0,0,0,0
2025/7/31,2696.5,1569,41069.82,0,0,0,1,0,0,0,0,0,0,1,0,0,0,0
2025/8/1,2724.5,1577,40799.6,0,0,0,0,0,0,0,0,0,0,0,1,0,0,0
2025/8/4,2675,1549.5,40290.7,1,0,0,0,0,0,0,0,0,0,0,1,0,0,0
2025/8/5,2679,1548,40549.54,0,1,0,0,0,0,0,0,0,0,0,1,0,0,0
2025/8/6,2721,1571.5,40794.86,0,0,1,0,0,0,0,0,0,0,0,1,0,0,0
2025/8/7,2680,1545.5,41059.15,0,0,0,1,0,0,0,0,0,0,0,1,0,0,0
2025/8/8,2773,1606.5,41820.48,0,0,0,0,0,0,0,0,0,0,0,1,0,0,0
2025/8/12,2855,1648.5,42718.17,0,1,0,0,0,0,0,0,0,0,0,1,0,0,0
2025/8/13,2875,1644,43274.67,0,0,1,0,0,0,0,0,0,0,0,1,0,0,0
2025/8/14,2805,1623.5,42649.26,0,0,0,1,0,0,0,0,0,0,0,1,0,0,0
2025/8/15,2854,1637.5,43378.31,0,0,0,0,0,0,0,0,0,0,0,1,0,0,0
2025/8/18,2903,1663,43714.31,1,0,0,0,0,0,0,0,0,0,0,1,0,0,0
2025/8/19,2925,1669,43546.29,0,1,0,0,0,0,0,0,0,0,0,1,0,0,0
2025/8/20,2937,1702.5,42888.55,0,0,1,0,0,0,0,0,0,0,0,1,0,0,0
2025/8/21,2904,1669.5,42610.17,0,0,0,1,0,0,0,0,0,0,0,1,0,0,0
2025/8/22,2943,1679,42633.29,0,0,0,0,0,0,0,0,0,0,0,1,0,0,0
2025/8/25,2940,1696,42807.82,1,0,0,0,0,0,0,0,0,0,0,1,0,0,0
2025/8/26,2898.5,1667,42394.4,0,1,0,0,0,0,0,0,0,0,0,1,0,0,0
2025/8/27,2904.5,1659,42520.27,0,0,1,0,0,0,0,0,0,0,0,1,0,0,0
2025/8/28,2919,1663.5,42828.79,0,0,0,1,0,0,0,0,0,0,0,1,0,0,0
2025/8/29,2873,1642,42718.47,0,0,0,0,0,0,0,0,0,0,0,1,0,0,0
2025/9/1,2858.5,1669,42188.79,1,0,0,0,0,0,0,0,0,0,0,0,1,0,0
2025/9/2,2869,1670.5,42310.49,0,1,0,0,0,0,0,0,0,0,0,0,1,0,0
2025/9/3,2851.5,1656,41938.89,0,0,1,0,0,0,0,0,0,0,0,0,1,0,0
2025/9/4,2905,1674,42580.27,0,0,0,1,0,0,0,0,0,0,0,0,1,0,0
2025/9/5,2962.5,1693,43018.75,0,0,0,0,0,0,0,0,0,0,0,0,1,0,0
2025/9/8,2970,1694,43643.81,1,0,0,0,0,0,0,0,0,0,0,0,1,0,0
2025/9/9,2949,1697.5,43459.29,0,1,0,0,0,0,0,0,0,0,0,0,1,0,0
2025/9/10,2913.5,1666,43837.67,0,0,1,0,0,0,0,0,0,0,0,0,1,0,0
2025/9/11,2886.5,1650.5,44372.5,0,0,0,1,0,0,0,0,0,0,0,0,1,0,0
2025/9/12,2889,1649.5,44768.12,0,0,0,0,0,0,0,0,0,0,0,0,1,0,0
2025/9/16,2934.5,1661,44902.27,0,1,0,0,0,0,0,0,0,0,0,0,1,0,0
2025/9/17,2950.5,1657,44790.38,0,0,1,0,0,0,0,0,0,0,0,0,1,0,0
2025/9/18,2940.5,1640,45303.43,0,0,0,1,0,0,0,0,0,0,0,0,1,0,0
2025/9/19,2923,1631,45045.81,0,0,0,0,0,0,0,0,0,0,0,0,1,0,0
2025/9/22,2964,1661.5,45493.66,1,0,0,0,0,0,0,0,0,0,0,0,1,0,0
2025/9/24,2929.5,1644,45630.31,0,0,1,0,0,0,0,0,0,0,0,0,1,0,0
2025/9/25,2961.5,1660,45754.93,0,0,0,1,0,0,0,0,0,0,0,0,1,0,0
2025/9/26,2969.5,1650,45354.99,0,0,0,0,0,0,0,0,0,0,0,0,1,0,0
2025/9/29,2870,1564,45043.75,1,0,0,0,0,0,0,0,0,0,0,0,1,0,0
2025/9/30,2849.5,1531,44932.63,0,1,0,0,0,0,0,0,0,0,0,0,1,0,0
2025/10/1,2821.5,1511.5,44550.85,0,0,1,0,0,0,0,0,0,0,0,0,0,1,0
2025/10/2,2805,1503.5,44936.73,0,0,0,1,0,0,0,0,0,0,0,0,0,1,0
2025/10/3,2839.5,1524.5,45769.5,0,0,0,0,0,0,0,0,0,0,0,0,0,1,0
2025/10/6,2974,1589,47944.76,1,0,0,0,0,0,0,0,0,0,0,0,0,1,0
2025/10/7,3023,1597,47950.88,0,1,0,0,0,0,0,0,0,0,0,0,0,1,0
2025/10/8,3009,1596,47734.99,0,0,1,0,0,0,0,0,0,0,0,0,0,1,0
2025/10/9,2947.5,1573.5,48580.44,0,0,0,1,0,0,0,0,0,0,0,0,0,1,0
2025/10/10,2898.5,1556,48088.8,0,0,0,0,0,0,0,0,0,0,0,0,0,1,0
2025/10/14,2871.5,1540.5,46847.32,0,1,0,0,0,0,0,0,0,0,0,0,0,1,0
2025/10/15,2913.5,1543.5,47672.67,0,0,1,0,0,0,0,0,0,0,0,0,0,1,0
2025/10/16,2954.5,1547.5,48277.74,0,0,0,1,0,0,0,0,0,0,0,0,0,1,0
2025/10/17,2933.5,1517.5,47582.15,0,0,0,0,0,0,0,0,0,0,0,0,0,1,0
2025/10/20,3003,1565,49185.5,1,0,0,0,0,0,0,0,0,0,0,0,0,1,0
2025/10/21,3005,1552.5,49316.06,0,1,0,0,0,0,0,0,0,0,0,0,0,1,0
2025/10/22,3104,1620,49307.79,0,0,1,0,0,0,0,0,0,0,0,0,0,1,0
2025/10/23,3091,1596,48641.61,0,0,0,1,0,0,0,0,0,0,0,0,0,1,0
2025/10/24,3127,1594.5,49299.65,0,0,0,0,0,0,0,0,0,0,0,0,0,1,0
2025/10/27,3218,1619,50512.32,1,0,0,0,0,0,0,0,0,0,0,0,0,1,0
2025/10/28,3171,1596.5,50219.18,0,1,0,0,0,0,0,0,0,0,0,0,0,1,0
2025/10/29,3146,1583.5,51307.65,0,0,1,0,0,0,0,0,0,0,0,0,0,1,0
2025/10/30,3185,1594.5,51325.61,0,0,0,1,0,0,0,0,0,0,0,0,0,1,0
2025/10/31,3138,1560,52411.34,0,0,0,0,0,0,0,0,0,0,0,0,0,1,0
2025/11/4,3155,1590,51497.2,0,1,0,0,0,0,0,0,0,0,0,0,0,0,1
2025/11/5,3040,1561,50212.27,0,0,1,0,0,0,0,0,0,0,0,0,0,0,1
2025/11/6,3139,1557,50883.68,0,0,0,1,0,0,0,0,0,0,0,0,0,0,1
2025/11/7,3118,1585,50276.37,0,0,0,0,0,0,0,0,0,0,0,0,0,0,1
2025/11/10,3131,1511,50911.76,1,0,0,0,0,0,0,0,0,0,0,0,0,0,1
2025/11/11,3147,1523.5,50842.93,0,1,0,0,0,0,0,0,0,0,0,0,0,0,1
2025/11/12,3190,1544.5,51063.31,0,0,1,0,0,0,0,0,0,0,0,0,0,0,1
2025/11/13,3198,1565,51281.83,0,0,0,1,0,0,0,0,0,0,0,0,0,0,1
2025/11/14,3180,1556.5,50376.53,0,0,0,0,0,0,0,0,0,0,0,0,0,0,1
2025/11/17,3119,1517,50323.91,1,0,0,0,0,0,0,0,0,0,0,0,0,0,1
2025/11/18,3029,1491.5,48702.98,0,1,0,0,0,0,0,0,0,0,0,0,0,0,1
2025/11/19,3037,1513,48537.7,0,0,1,0,0,0,0,0,0,0,0,0,0,0,1
2025/11/20,3044,1514,49823.94,0,0,0,1,0,0,0,0,0,0,0,0,0,0,1
2025/11/21,3097,1538.5,48625.88,0,0,0,0,0,0,0,0,0,0,0,0,0,0,1
2025/11/25,3077,1541.5,48659.52,0,1,0,0,0,0,0,0,0,0,0,0,0,0,1
2025/11/26,3141,1570,49559.07,0,0,1,0,0,0,0,0,0,0,0,0,0,0,1
2025/11/27,3138,1557.5,50167.1,0,0,0,1,0,0,0,0,0,0,0,0,0,0,1
2025/11/28,3133,1572,50253.91,0,0,0,0,0,0,0,0,0,0,0,0,0,0,1
2025/12/1,3082,1535,49303.28,1,0,0,0,0,0,0,0,0,0,0,0,0,0,0
2025/12/2,3045,1515,49303.45,0,1,0,0,0,0,0,0,0,0,0,0,0,0,0
2025/12/3,3005,1503.5,49864.68,0,0,1,0,0,0,0,0,0,0,0,0,0,0,0
2025/12/4,3103,1547.5,51028.42,0,0,0,1,0,0,0,0,0,0,0,0,0,0,0
2025/12/5,3032,1520,50491.87,0,0,0,0,0,0,0,0,0,0,0,0,0,0,0
2025/12/8,3060,1528.5,50581.94,1,0,0,0,0,0,0,0,0,0,0,0,0,0,0
2025/12/9,3066,1525,50655.1,0,1,0,0,0,0,0,0,0,0,0,0,0,0,0
2025/12/10,3116,1575.5,50602.8,0,0,1,0,0,0,0,0,0,0,0,0,0,0,0
2025/12/11,3110,1572,50148.82,0,0,0,1,0,0,0,0,0,0,0,0,0,0,0
2025/12/12,3260,1600,50836.55,0,0,0,0,0,0,0,0,0,0,0,0,0,0,0
2025/12/15,3350,1609.5,50168.11,1,0,0,0,0,0,0,0,0,0,0,0,0,0,0
2025/12/16,3330,1585,49383.29,0,1,0,0,0,0,0,0,0,0,0,0,0,0,0
2025/12/17,3349,1583,49512.28,0,0,1,0,0,0,0,0,0,0,0,0,0,0,0
2025/12/18,3363,1543,49001.5,0,0,0,1,0,0,0,0,0,0,0,0,0,0,0
2025/12/19,3424,1557,49507.21,0,0,0,0,0,0,0,0,0,0,0,0,0,0,0
2025/12/22,3455,1582,50402.39,1,0,0,0,0,0,0,0,0,0,0,0,0,0,0
2025/12/23,3415,1564,50412.87,0,1,0,0,0,0,0,0,0,0,0,0,0,0,0
2025/12/24,3353,1553.5,50344.1,0,0,1,0,0,0,0,0,0,0,0,0,0,0,0
2025/12/25,3374,1559.5,50407.79,0,0,0,1,0,0,0,0,0,0,0,0,0,0,0
2025/12/26,3380,1540.5,50750.39,0,0,0,0,0,0,0,0,0,0,0,0,0,0,0
2025/12/29,3364,1541,50526.92,1,0,0,0,0,0,0,0,0,0,0,0,0,0,0
2025/12/30,3356,1536,50339.48,0,1,0,0,0,0,0,0,0,0,0,0,0,0,0
2026/1/5,3399,1558,51832.8,1,0,0,0,1,0,0,0,0,0,0,0,0,0,0
2026/1/6,3429,1565.5,52518.08,0,1,0,0,1,0,0,0,0,0,0,0,0,0,0
2026/1/7,3335,1532,51961.98,0,0,1,0,1,0,0,0,0,0,0,0,0,0,0
2026/1/8,3294,1524.5,51117.26,0,0,0,1,1,0,0,0,0,0,0,0,0,0,0
2026/1/9,3388,1572,51939.89,0,0,0,0,1,0,0,0,0,0,0,0,0,0,0
2026/1/13,3641,1603.5,53549.16,0,1,0,0,1,0,0,0,0,0,0,0,0,0,0
2026/1/14,3622,1631,54341.23,0,0,1,0,1,0,0,0,0,0,0,0,0,0,0
2026/1/15,3714,1651,54110.5,0,0,0,1,1,0,0,0,0,0,0,0,0,0,0
2026/1/16,3670,1635.5,53936.17,0,0,0,0,1,0,0,0,0,0,0,0,0,0,0
2026/1/19,3623,1627,53583.57,1,0,0,0,1,0,0,0,0,0,0,0,0,0,0
2026/1/20,3541,1622,52991.1,0,1,0,0,1,0,0,0,0,0,0,0,0,0,0
2026/1/21,3552,1607.5,52774.64,0,0,1,0,1,0,0,0,0,0,0,0,0,0,0
2026/1/22,3584,1639,53688.89,0,0,0,1,1,0,0,0,0,0,0,0,0,0,0
2026/1/23,3624,1616,53846.87,0,0,0,0,1,0,0,0,0,0,0,0,0,0,0
2026/1/26,3477,1544.5,52885.25,1,0,0,0,1,0,0,0,0,0,0,0,0,0,0
2026/1/27,3459,1536,53333.54,0,1,0,0,1,0,0,0,0,0,0,0,0,0,0
2026/1/28,3347,1500,53358.71,0,0,1,0,1,0,0,0,0,0,0,0,0,0,0
2026/1/29,3448,1532.5,53375.6,0,0,0,1,1,0,0,0,0,0,0,0,0,0,0
2026/1/30,3504,1555,53322.85,0,0,0,0,1,0,0,0,0,0,0,0,0,0,0
2026/2/2,3535,1561.5,52655.18,1,0,0,0,0,1,0,0,0,0,0,0,0,0,0
2026/2/3,3594,1578,54720.66,0,1,0,0,0,1,0,0,0,0,0,0,0,0,0
2026/2/4,3725,1612.5,54293.36,0,0,1,0,0,1,0,0,0,0,0,0,0,0,0
2026/2/5,3706,1639.5,53818.04,0,0,0,1,0,1,0,0,0,0,0,0,0,0,0
2026/2/6,3780,1692,54253.68,0,0,0,0,0,1,0,0,0,0,0,0,0,0,0
2026/2/9,3729,1635,56363.94,1,0,0,0,0,1,0,0,0,0,0,0,0,0,0
2026/2/10,3714,1669.5,57650.54,0,1,0,0,0,1,0,0,0,0,0,0,0,0,0
2026/2/12,3705,1611,57639.84,0,0,0,1,0,1,0,0,0,0,0,0,0,0,0
2026/2/13,3774,1601,56941.97,0,0,0,0,0,1,0,0,0,0,0,0,0,0,0
2026/2/16,3666,1555.5,56806.41,1,0,0,0,0,1,0,0,0,0,0,0,0,0,0
2026/2/17,3713,1570.5,56566.49,0,1,0,0,0,1,0,0,0,0,0,0,0,0,0
2026/2/18,3730,1582.5,57143.84,0,0,1,0,0,1,0,0,0,0,0,0,0,0,0
2026/2/19,3774,1581.5,57467.83,0,0,0,1,0,1,0,0,0,0,0,0,0,0,0
2026/2/20,3635,1543,56825.7,0,0,0,0,0,1,0,0,0,0,0,0,0,0,0
2026/2/24,3656,1543,57321.09,0,1,0,0,0,1,0,0,0,0,0,0,0,0,0
2026/2/25,3720,1548.5,58583.12,0,0,1,0,0,1,0,0,0,0,0,0,0,0,0
2026/2/26,3776,1561,58753.39,0,0,0,1,0,1,0,0,0,0,0,0,0,0,0
2026/2/27,3825,1584.5,58850.27,0,0,0,0,0,1,0,0,0,0,0,0,0,0,0
2026/3/2,3944,1553,58057.24,1,0,0,0,0,0,1,0,0,0,0,0,0,0,0
2026/3/3,3702,1491,56279.05,0,1,0,0,0,0,1,0,0,0,0,0,0,0,0
2026/3/4,3520,1450.5,54245.54,0,0,1,0,0,0,1,0,0,0,0,0,0,0,0
2026/3/5,3481,1431.5,55278.06,0,0,0,1,0,0,1,0,0,0,0,0,0,0,0
2026/3/6,3515,1462,55620.84,0,0,0,0,0,0,1,0,0,0,0,0,0,0,0
2026/3/9,3393,1454,52728.72,1,0,0,0,0,0,1,0,0,0,0,0,0,0,0
2026/3/10,3473,1466.5,54248.39,0,1,0,0,0,0,1,0,0,0,0,0,0,0,0
2026/3/11,3510,1466.5,55025.37,0,0,1,0,0,0,1,0,0,0,0,0,0,0,0
2026/3/12,3467,1448.5,54452.96,0,0,0,1,0,0,1,0,0,0,0,0,0,0,0
2026/3/13,3370,1368,53819.61,0,0,0,0,0,0,1,0,0,0,0,0,0,0,0
