id,ROE,ROA,îÑè„çÇèÉóòâvó¶,âcã∆óòâvîÑè„çÇî‰ó¶,ëçéëéYâÒì]ó¶,CFîÑè„çÇî‰ó¶,EBITDAîÑè„çÇî‰ó¶,ICR,ïâç¬î‰ó¶,DEÉåÉVÉI,ó¨ìÆî‰ó¶,å≈íËî‰ó¶,îÑè„çÇêLÇ—ó¶,âcã∆óòâvêLÇ—ó¶,ÉgÅ[ÉrÉìÇÃQ
3457,6.952799003,1.782612924,3.616281764,4.184753225,0.854356247,1.561751757,5.681625087,3.373599004,66.61664791,251.894001,1.743953215,44.70817753,-4.208407937,-27.5862069,1.049403182
7777,56.26380182,19.14466492,-36.07143146,-16.67352163,1.118464261,-21.74895705,-16.67352163,-15.53694197,45.1501431,25.98129947,4.065384625,0,51.10958857,45.38756508,2.793417465
3726,-25.2765292,-14.03821326,-9.992835018,-6.527097683,0.924585903,-7.575913371,-1.597967095,-4.562424832,25.88910481,36.80291974,2.379700177,0.785760103,8.115629169,-26.2772045,2.405513777
5391,0.584387733,0.266914808,-0.276363971,4.414914442,1.074923566,-1.939153866,6.648856544,24.57692308,11.29612851,40.15655158,1.404223228,108.117092,5.181435008,-17.37068966,0.760431709
7745,13.76460397,8.519672488,9.643277731,13.13745658,0.951592655,12.36527883,15.81771835,27.03374233,19.67828418,30.50268081,2.268129939,30.14445927,8.276975224,10.7717446,1.106877819
6156,-2.328562724,-2.139296753,-13.91009181,5.321322945,0.18524153,17.84284453,16.83470106,,0.024534881,1.222949317,49.61678141,10.71438639,-0.668352951,-48.55673987,1.143542684
2982,16.10966348,4.599850377,4.909335897,7.382660937,1.024050917,4.680599772,7.729462633,5.799155773,63.49356905,222.3681092,4.586826761,54.36329635,35.30504088,55.36672318,1.002019442
9251,10.75914194,3.574989844,4.608318712,8.179378677,0.747838839,16.71999174,20.20332336,8.661202186,49.76548362,180.4045793,0.694974555,77.79259753,6.572072815,0.253004428,1.244817216
3856,17.74114375,2.974581967,1.314608448,4.989160004,0.667068002,7.87834937,13.77162821,3.048945148,38.66887971,229.4240367,1.109010288,189.1597807,-55.1495891,-62.37937298,0.773659486
8783,28.91019442,13.99111397,30.1849064,-56.93132425,,-27.13613978,-54.70360743,-9.106203292,26.28404769,61.69300955,1.458211588,0.045389977,,,1.670059095
2670,11.64241269,10.18141397,12.24063979,16.71526369,0.866488849,13.95553372,18.42249831,1808.228571,0.268452248,0.306974244,6.588467931,14.07132755,1.725407171,1.178238557,1.546177747
5574,12.18736974,10.24763387,12.50256247,12.43615442,0.750243069,12.85164398,12.79561132,,0,0,6.030618899,0.37728077,29.6125695,53.57302767,6.355987953
6565,23.76260759,11.43847073,23.80797873,37.10853947,0.431068345,31.70527592,45.10427242,51.96823815,39.95904518,77.34998354,1.474837035,146.6016732,7.349504012,9.700215229,1.360541591
6087,9.498193535,6.977124818,6.112333284,9.070153702,1.082867464,8.613713932,10.25699873,2543.292876,0.099195091,0,3.884955934,26.96823713,6.247658673,6.688242475,1.512718723
4813,-50.08952749,-19.88054038,-17.68672853,-13.99181591,0.954179899,-20.45162512,-6.48922804,-325.5368689,5.715960709,14.40150849,1.479358665,17.081821,20.61829138,-19.21218065,1.964169083
7042,14.32525613,7.286841284,5.247491124,6.419138917,1.527750621,6.117409012,6.622424816,26.0103697,25.75639458,34.79028168,2.449771314,1.032189205,4.135090056,160.1887452,1.214343314
4395,8.915389099,4.339017164,3.500892652,6.02488962,1.646038328,7.413139139,8.653104264,41.37330105,20.12427845,41.34940379,2.137671021,0.927224104,38.48860344,59.59316866,1.667221474
5142,-1.375330486,-0.680468907,0.539870785,-0.551249795,0.975457248,3.144399631,3.112791271,-3.379844961,18.42674582,37.24323775,1.567847468,51.4643075,0.618265549,54.53597497,0.748108675
6888,10.46726088,6.541455037,6.011276058,9.093879112,1.206433198,8.145772771,10.23788227,115.8702381,7.445543774,21.19129803,3.228047497,8.354119347,3.077486108,-11.56376875,1.348237171
6232,-77.68661413,-24.07653002,-52.48478682,-70.81909884,0.508146924,-30.773138,-68.03108744,-15.82255083,50.5503512,163.1084556,5.113844002,0.333884872,-2.141435351,19.74606896,3.560005701
3279,5.343002207,2.549584367,44.13704262,51.20466263,0.05781791,55.55960864,61.18827388,7.208744062,47.19030289,98.89372392,0.557056977,0.598664222,2.532876366,2.232923413,1.129987278
3837,21.14242423,14.66279676,7.821896094,11.06456356,1.500905171,9.04672632,12.01211974,,0,0,3.015093505,9.960558053,9.835075219,18.98288748,2.021389852
4401,8.65142522,4.726044801,6.145230815,10.07282418,0.749685824,11.10488892,14.38455587,11.90449927,11.79062377,18.0096464,2.862218187,42.42326191,1.844810766,15.75545457,0.855990445
7093,-0.350015566,-0.133338199,-0.051406676,0.116314369,2.673121375,1.166498648,0.601295773,0.996985158,20.18094695,52.97540864,1.635212938,13.62039522,2.886973253,,1.361808627
4929,3.255167298,2.568269726,0.993841108,3.089206323,0.774874576,3.589823676,5.90433709,,0.576010917,0.369999462,5.364255799,32.23668766,-7.66255218,,1.423178185
3750,-270.4968471,-48.21302174,-1751.240549,-660.2787143,0.026128922,-588.6443979,-619.7104841,-9.836846404,74.85984817,63.43809077,1.05167656,469.4838994,-92.16835813,-4.418680491,2.845858606
6668,12.45732494,6.032550792,15.82807571,14.26656151,0.470806646,17.86277603,18.76182965,14.82786885,45.16697895,86.24535316,2.278040395,37.72854867,12.2322535,21.73620458,0.916869298
7463,13.37846021,9.571521895,47.33010011,13.1044718,0.207084898,17.0033136,19.38709745,15.18577016,21.83979234,30.5262628,2.381133423,62.51296306,-8.004710019,-29.14826641,0.650884463
8798,-101.5588807,-5.475366699,-23.29516022,-9.402797041,0.749660256,-3.491617428,-8.26819692,-6.616708375,55.07829069,1016.059224,1.168616023,0.189453516,-16.90955665,-0.964238359,1.881223523
3269,7.516305104,3.716507274,38.54464083,43.08240696,0.086677904,55.49047894,60.05001728,9.351433955,48.93892715,100.4077979,0.90131874,60.62330136,5.253993368,4.165285919,1.407028827
3773,13.52316915,10.35087229,21.13437258,21.64343862,0.417808544,25.26733469,29.45193857,109.2026495,11.01506747,5.443782867,3.723109855,4.605602806,11.05553921,5.472546241,1.078653717
5998,3.983952938,1.131135788,-2.203726678,3.887808532,1.00178705,5.521422079,9.254776562,3.053892595,48.97523039,195.4345764,1.050799795,157.8893238,7.470172565,203.1293978,0.834331724
8769,25.22057934,10.98571502,8.701862282,11.95714044,1.093659091,18.38301198,21.71641663,101.2896613,21.70712511,40.46798503,1.281709077,3.439292732,22.22552764,40.91693142,1.752337891
6857,56.95375874,33.77307688,20.67148301,32.1002633,1.022272277,33.63802044,35.57272155,91.47953216,10.94613737,18.00512892,1.938288562,19.13771694,60.26634766,185.5148183,5.96609795
6030,-23.92778641,-7.831655046,-6.747833619,6.890290836,0.887587504,2.336701192,8.741048238,13.2426499,25.93351623,89.79749546,1.910000409,9.814860079,13.30267766,16.80769017,1.570297235
2489,1.852098541,1.134336442,2.069660506,2.432441545,0.540924439,4.041739215,3.682428042,,0,0,2.243816689,8.343209527,-3.665954511,78.63788254,0.836738058
8267,5.956368482,0.472866735,0.678261132,2.53090382,0.730623988,4.80673412,6.100542568,5.278632046,28.9479831,364.6373096,1.042232932,323.0325536,5.72740054,13.9249812,1.257365727
4343,35.56675995,4.344908395,2.991406972,6.554744189,1.562020495,15.31198054,18.43921015,6.059912118,63.51513464,519.9252415,0.451128083,476.2448528,6.934231435,40.73919954,1.684310347
7512,5.019029816,1.92885163,0.922939954,2.069195766,2.119453835,3.732565041,4.00905134,16.05950096,23.32504664,60.69368049,0.50113021,167.8873543,7.120339513,5.991892577,1.271467513
2653,9.880363378,2.89247791,1.091301209,1.964561496,2.822815928,3.161319212,3.329830301,19.22898032,23.05844055,78.76491321,0.652110626,195.8019625,2.920706221,2.002277472,1.183617512
3292,5.699476657,3.046283367,32.81679359,37.52826435,0.092845236,58.62523102,62.49728103,7.613663183,42.50542206,77.06514218,1.186893001,3.46398586,0.59081146,1.584229795,1.059629125
3758,4.113591212,1.657406535,2.136959689,4.043224866,0.793812197,3.156872268,4.698882953,3.784090909,35.70957717,88.62919247,1.951183432,29.5547505,-14.00678674,,0.840091465
7409,26.21921549,12.4197198,20.38799914,18.18780682,0.466316701,35.67694424,28.82147287,9.050003453,43.76467935,112.8881168,3.205766027,124.1253531,7.518206106,-7.128236532,1.941948342
2927,10.02235273,3.100988565,4.435902692,7.288514459,0.682035118,9.098658699,11.56731727,11.82776665,49.54568741,158.3711826,0.858902454,141.5185329,8.181328813,23.56340756,0.938483604
5201,4.6569786,2.344413383,3.359283322,6.094134927,0.705110602,12.26530382,14.82704757,8.185542797,21.91342802,43.52916857,1.390071574,111.2959439,-0.424211031,5.002050364,0.786813423
9330,-10.58818572,-7.268999811,-4.114209403,-4.75853122,1.185555266,-3.991201336,-4.0865439,-47.09980806,13.53464394,18.39961322,4.421888666,2.240723348,-0.893275259,-3857.886677,1.222489186
7098,21.47310258,2.861304254,1.204553778,2.449911116,2.496721238,1.948668619,3.144624728,16.7672117,42.02644231,315.3939696,1.528686488,19.67032136,13.11587595,33.12266197,
9704,22.45311885,6.070795326,12.85997184,9.036571936,0.475872703,13.41156708,15.55899671,5.020038462,42.46423631,157.0559529,1.6474306,236.6037919,18.27032515,244.9167331,1.226371609
3467,24.69242767,5.361936408,5.139850565,8.290414696,1.054200697,6.436079765,8.537148679,7.525325295,68.81365659,383.1635477,1.713260821,1.781597468,11.36689261,58.23499941,1.078583531
3648,14.27151391,9.506138991,5.54871168,7.44079346,1.160930272,9.859158725,12.29722036,42.17884177,7.516992934,9.865625706,2.340198687,34.06655788,12.53950036,45.36188349,0.956706184
7083,0.086320931,0.016722496,0.015285115,1.498842205,1.120312486,3.20840279,4.091591175,3.892684449,68.95853018,355.9614863,2.510988521,114.5902724,6.090397253,-16.9745411,1.104317339
2907,3.066138932,1.982241309,3.034450974,3.848446301,1.871923536,4.787007263,6.184626428,58.47285391,12.56168154,29.51329234,1.661748955,58.78422143,1.602294807,14.86799081,0.70155386
5852,4.391313547,1.702537026,-1.775006291,2.069613144,1.225688998,8.131149151,9.269681886,5.895104895,30.5822781,80.84017773,1.006989273,125.2803478,2.954111744,47.18463553,0.732122105
4476,8.48977067,5.356637513,3.980288124,8.926683606,1.5163543,5.146655188,9.976565712,286.1783784,14.16582088,22.45150438,3.236097682,0.243268001,12.02843178,10.60273253,2.405045764
3076,11.75885269,9.141555363,32.14798254,13.42961161,0.562256603,10.66060395,17.06572805,222.25,0.755113338,0.870890883,5.026562028,30.35520298,32.89368024,-9.782829308,1.091258739
4488,-8.950819317,-5.831475742,-11.29710736,8.656747018,0.621843917,23.51669523,19.71401173,26.37155519,23.04435852,26.52834786,2.536641258,5.465303905,4.979519746,-15.10908426,2.021546211
7345,8.280418495,5.2133208,-0.256373387,-0.052170075,3.641030386,0.204361323,0.508427798,-7.391791045,1.588730245,0.760482215,2.522750657,6.486073957,1.717400412,-114.4240571,2.330102063
3719,8.640582781,3.514170508,6.700407566,10.36971158,0.717602546,12.7425661,11.6650305,13.21261884,24.90224799,61.22922458,2.046967029,7.143829092,86.50756277,128.7940267,1.928655052
4388,5.911317511,4.705650333,-1.055828354,7.337435071,0.636247841,11.93052394,10.68681332,54.93047859,4.357244987,4.749747692,5.957137001,1.327908347,102.1887819,33.62868733,1.223912431
6557,20.12199428,4.546060609,3.227480639,5.611314095,1.083425122,11.14822879,11.04055812,10.5540383,57.36804494,203.5210695,1.198302763,207.8096072,10.60322241,37.79153759,1.466456836
4206,10.35168866,6.231036805,6.793836652,11.02108598,0.883785806,11.09708238,14.57442018,108.765873,10.6336224,22.2691935,2.860278773,42.68882071,5.101320655,8.391663701,1.059781327
6345,7.244596962,6.015616966,10.68111657,12.54525881,0.602666101,12.93471398,14.97508345,,0.212058693,0.204278395,4.862039405,22.85528096,11.62763213,17.32358124,1.098791796
6623,10.08431958,5.640505044,5.557495635,7.205454394,0.870903272,10.69510269,12.12106095,28.69536424,14.18480215,18.52131937,2.104609511,52.3701491,8.748135087,22.73049143,0.71169765
7389,4.850024873,0.252349331,9.463860248,14.02099612,0.014101976,12.76310177,,,6.118460209,129.9082512,0.162973565,18.95492267,10.8135218,-23.24866158,0.968594169
5482,5.09580229,2.9542847,2.613210731,4.284850328,0.709908192,9.744492744,10.65732892,20.71728595,17.04356564,36.42470337,2.262499821,56.47506209,0.934519554,2.207699052,0.726288912
7723,9.350488363,6.563254774,6.508123641,7.259698633,0.823644543,6.791806359,9.190214788,656.8333333,1.435665101,1.496078138,3.393158596,19.43619227,5.975597853,8.927584301,0.751517016
6118,6.168322632,4.199020039,6.711312265,7.277057074,0.610350241,7.134963029,9.855800858,66.63855422,2.539434487,6.419407678,2.67844342,24.18427251,4.487091364,53.00138313,0.738365574
2990,1.28258865,0.27864792,-0.972900077,-1.130233753,1.022648727,-2.167351657,-0.542640637,-1.052316891,55.28520434,221.1249895,1.349879415,72.99019197,7.597167041,-187.2366791,1.014348823
7373,26.63150221,17.52090746,14.7304601,23.43826891,1.25941867,19.97704818,25.71289973,340.8383562,1.216860497,1.084649742,2.177191157,2.192093835,24.96654886,25.08893555,4.067449491
9466,10.86354454,7.843188328,8.467798236,6.438276224,1.21770783,5.519212937,7.508171719,145.8491484,10.94423823,12.88515066,3.686380485,14.39341963,-4.30254316,19.23222277,1.005176687
9854,1.90658563,1.652952216,0.02018435,-0.86119895,1.06418931,0.403687008,0.343133957,,0,0,5.533682635,25.38506369,1.398553691,-4.06504065,0.338734833
6227,27.33342915,10.84522037,1.607868234,9.975069954,0.837746634,10.5199681,11.94838399,23.43523583,30.8155574,38.30867859,1.84700338,29.11889731,36.20833642,701.8433832,1.351894468
3911,15.79497937,9.697728938,6.862572327,13.14154363,1.635482315,16.37943557,13.58598953,33545.32258,0.892906173,1.454302824,3.634083347,4.896055887,-7.377804626,,1.317625995
9627,8.508921492,3.887843396,2.027346521,3.693268886,1.627577361,5.054027548,6.794817909,63.90530303,12.51566903,131.3911634,0.854314817,34.88047375,14.25127056,-17.04282834,1.163966415
7539,6.403941636,3.546993822,1.819907247,2.743894354,1.996301834,2.718419719,3.054375818,130.2861627,0.824482178,3.490636577,1.693659865,25.56627023,2.772617796,16.60740003,0.811609954
6718,3.879394275,3.287928605,5.715774844,6.025333249,0.805603446,5.677869733,7.960073283,346.8181818,0.524291318,0.510761949,6.355974275,12.32868505,3.231486614,-27.01358332,0.692608932
4088,1.497276361,0.619366172,4.562289891,6.019077467,0.870195261,8.977637,10.59475114,13.11748025,35.32586916,81.90312469,1.392662045,101.712499,5.015811974,4.693006563,0.916637808
5135,21.06360649,16.52418083,8.879876005,12.80287276,2.011144129,7.878783205,12.85764841,17240.04808,0,0,3.825230465,0.969783672,8.272231556,-7.701775682,3.081659475
9557,-60.41450983,-12.16714445,0.474847754,2.06598409,1.814808978,19.15790115,13.41285048,5.950673948,55.66662647,297.9893153,0.968534823,183.6677861,17.58549314,,2.211543351
6364,12.9665488,8.220238638,8.7775081,12.61912278,0.905820374,9.436496365,14.64297422,53.42422417,12.34901659,18.53932753,3.740425901,25.27927307,5.641176176,11.81483062,1.175158899
8864,4.755098971,2.623705243,8.282382913,14.36260744,0.284156073,26.9942673,29.60676781,14.21398884,24.90817973,51.65147776,3.452811675,93.82122473,19.92303773,40.41762743,0.707429753
6291,7.659849667,5.689497047,7.989325207,7.976996731,0.737419688,10.01595429,9.844598366,97.51653,7.876298399,10.603971,3.149680695,43.3240515,4.734149647,5.670339826,0.839303837
6191,16.06557377,7.621239929,6.33361799,12.55337319,0.910634437,12.80956447,14.90890976,34.58823529,13.7866675,43.39016393,1.915150044,12.04590164,5.769447894,2.737332557,1.17043702
7283,9.908782366,4.471695982,3.924283711,5.437957178,1.17607941,8.467676178,9.557936186,32.46017699,19.03735107,54.67021034,2.039349233,63.40398589,7.292515016,18.33021485,0.968995514
4667,6.802172315,4.841637601,4.600952477,7.224370542,0.716860696,8.688982216,11.28103687,81.7687409,3.337858082,9.383924922,3.525006246,14.66373529,13.54555457,-0.044706207,1.158376657
7259,8.354123857,3.855272371,2.197379794,3.848080024,1.096844667,8.006815215,9.420653646,36.0103211,16.27444802,34.95968923,1.58613421,75.68365969,-0.274016576,41.70979,0.7657697
9381,15.49082748,11.50529062,5.43673693,7.186766897,2.198178191,6.741553794,8.282676073,349.75,0.525438469,0.707455113,4.166731593,2.766393443,4.962435745,2.993865031,2.195329499
8708,5.580737815,2.270631522,13.98897464,17.72436604,0.194095391,3.117971334,18.91951488,21.60752688,24.04020853,61.80998115,1.363831867,25.15707746,5.784931187,10.04928806,0.98621378
2802,10.38813397,4.507443071,4.591272714,10.0798664,0.877234631,13.75715753,15.72885932,14.1773571,28.8216876,59.8456891,1.823504634,77.84237899,6.34540251,6.958493078,2.236776697
4659,10.21604241,8.304851541,6.197207369,8.928682534,1.142904994,9.012703461,10.64662987,587.6420543,0.553107671,0.681900239,3.990210477,7.116500233,13.21991712,20.23457422,0.854770862
6022,0.721692658,0.457025573,0.484769556,0.244060792,0.558586188,6.220727107,5.779546663,1.173633243,12.97260221,14.15138859,2.171991145,39.77874967,-1.114173865,,0.551286258
8737,19.95297408,3.875011164,4.659149035,6.748341133,0.613399256,4.413425256,7.499927236,7.371660314,47.23886349,264.725507,1.397877191,5.556727962,20.99751288,9.579616443,0.96024875
1997,13.27088443,9.088293279,8.720744976,12.33537438,0.855619697,10.793952,13.58963612,181.2637928,5.325036214,6.308744413,2.486777212,34.3552201,3.51825876,50.03994259,0.866013572
3932,9.083449973,6.889734954,6.959242347,16.55673939,0.443440356,16.65398275,17.06832403,105.8378378,11.16561722,24.28447319,5.591217132,0.972537285,-1.334890706,46.28315278,1.06335037
7238,-1.108575813,-0.427816654,0.103914098,1.931688852,1.159766285,0.216487703,6.041244,0.888730791,27.37636956,81.64413095,2.07266171,117.5403651,-2.783507014,-0.920050761,0.790312711
6840,11.29719789,2.926697271,0.614424932,3.919698096,1.455659786,1.225653724,4.518355772,13.80324551,53.87650679,181.7740787,1.856612046,7.290153335,15.28850385,-14.61026071,0.873261938
1380,6.081877563,1.862162376,0.35419607,-0.040176152,1.122618382,6.199103558,6.142577962,-0.110169199,48.02230497,148.7360053,1.091132059,177.6141074,7.642925755,-127.1969375,1.288695818
5537,48.68942633,18.66122394,11.98409571,16.01035642,2.07190017,13.89707649,16.62507349,42.35122392,42.02646322,109.6522067,2.892140857,14.8897398,50.56801816,137.1583988,3.956679252
7475,4.189097209,2.534963398,1.651983501,2.101135611,1.89692813,4.255232469,4.441615318,51.575,15.37078988,29.76610358,1.111498258,99.97215519,0.396740186,-3.733084461,0.841696201
3036,8.862012568,3.141369244,2.439036771,3.512619033,1.038163594,4.819699092,5.943026538,7.112024666,27.79326058,87.0218932,1.399027094,53.61969527,12.63743489,26.64714495,0.877891672
2784,6.983361977,2.33664494,0.925009397,1.292581587,2.050937313,1.370628199,1.796558046,137.1827957,2.468599923,6.226805151,1.222953849,39.9420492,3.587580899,-0.488794134,0.931657587
5933,5.68678823,2.566836226,3.181739331,3.564987246,0.885077928,7.704973796,7.657774977,13.7550233,36.79930322,83.35819325,1.986860033,66.80889581,6.435044485,23.24203471,0.84463091
7077,-5.181727062,-4.672520255,6.444401922,4.884684218,0.505410336,12.38341794,8.874756593,,0,30.09972037,9.550160397,1.86979463,45.65333578,-51.9535445,1.088891294
2454,-1.246473693,-0.600920326,-0.244779315,0.018960321,1.923800741,2.839115375,2.392272312,,0,0,1.547181611,5.891125235,1.600556835,,1.023287608
3546,7.908884676,2.841448301,1.689895817,2.721761476,1.701725443,4.80873301,5.193856614,17.97807018,27.47775408,76.48155629,1.163142325,99.51210417,-1.789429065,16.74736542,1.116971574
6081,-41.65764873,-22.86432284,-24.85296522,-6.160231551,0.815315771,-23.10747155,-2.082208415,-24.67193358,13.97274769,25.45764503,2.590298952,1.676915636,-13.64878855,59.93058259,1.397893774
6835,13.68859809,5.992000386,5.845504022,8.465969133,1.049201843,9.070410801,10.68270103,22.4048415,13.01877787,29.74112255,1.650797752,32.82085354,3.077544859,23.47319786,1.11603982
4932,24.60730078,9.764217788,7.672266303,11.16437526,1.982269266,8.464414324,11.53934624,66.89673452,44.58578022,163.0160431,1.587881395,5.115149432,12.45137307,-1.465849761,2.616383238
7859,-5.783690192,-4.898366269,8.212716705,14.9487273,0.596599993,9.95175105,19.02456373,111.6438779,5.627849576,2.233747933,7.406059238,23.72229094,-49.80904371,-74.22512303,0.754784924
5928,2.166696688,1.755609951,0.335077146,-2.586752652,0.701269237,1.023746384,-0.87692864,,0,0,4.749270662,23.35175094,-11.92328918,-566.0572954,0.432931059
3028,3.825262915,2.217362802,2.074407698,3.170236921,1.302358162,5.917254471,5.473934972,72.79487179,5.633843253,12.83452477,1.551172286,40.87269485,6.214615555,155.6889823,0.857845156
4760,9.274452465,3.115777335,2.005937152,3.687349814,1.445177742,3.640578444,3.882337877,15.62375183,34.07549913,119.0910893,1.210349725,41.55333406,3.929359441,105.3170736,1.027966556
3434,1.663752749,0.870450421,-0.409462529,1.243351335,1.083202558,4.725823346,6.480662758,2.545961003,26.18580428,54.83616265,1.562786766,58.28210479,-1.385758747,-62.51025431,0.62004555
4719,8.08776204,6.75390189,8.34488138,11.49271562,0.748001348,9.06883152,12.0867811,,0,0,4.49674468,21.10234588,5.774257064,1.70881698,1.041363059
9467,16.36189119,13.27642978,14.82786543,23.65717152,0.883189226,17.89777923,23.90458369,7745.555288,0.463747689,0.876707304,5.121440847,0.476983105,31.79852095,41.80866674,2.627789463
7115,15.29435581,5.192487231,1.750205002,2.492332764,3.081442211,3.000899368,3.657338256,45892,0.016978259,0.050009084,1.314826815,0.860862182,5.307446254,18.20209417,1.771415636
6770,12.53309179,7.004988423,3.820348604,3.317222112,1.325221582,5.667468021,6.86556133,31.59038462,13.64735425,21.73429952,2.181714795,33.01280193,2.729724403,80.95395462,0.861322721
2331,9.933399127,5.873145097,4.911384882,7.284722612,0.964940793,9.940729976,11.50610367,17.77320955,9.563907883,11.07719674,2.357583661,36.17189762,5.845991561,5.575105042,1.293566558
9972,-31.58737634,-17.76833773,-14.7829226,-0.619379536,1.019601523,3.88557235,4.335069908,-0.697191635,25.37053231,47.08445264,1.969426721,40.84518891,-3.738262758,26.70657956,0.691604358
4641,19.53933904,13.4588502,7.561404463,10.23826777,1.821545618,7.312415655,10.71520445,2030.291149,0.741398529,1.076350282,2.690331833,19.04333897,5.598285453,4.646218705,2.104357233
3672,-48.51215857,-28.03991873,-14.99976016,-16.12608114,1.762408002,-14.79919096,-16.04588107,,0,0,2.215989546,0.157485462,-17.59548847,-3.207353812,2.936067886
7043,17.11427867,10.07232898,6.658066332,9.732003278,1.689262181,11.86571273,11.73192466,46.43081967,19.42149293,32.99980004,2.266618612,1.568908978,17.76689694,,1.516314201
6113,5.818047349,4.648164077,8.164469206,12.01300829,0.596073163,12.68434719,16.89338745,233.5882353,3.661229345,16.67218785,3.8808621,33.85842392,-1.692688971,-14.89194499,0.909626577
6436,12.16214228,8.506828309,10.16343353,13.13396761,0.925903152,16.89345183,19.68327984,71.11111111,7.886774589,9.985286545,2.732156185,23.81225631,14.75756228,17.74325429,1.757898221
5952,9.649528697,2.733566034,2.543385109,4.283374452,1.052665763,5.566225032,6.889821212,14.46205479,39.90403861,125.7925595,1.252501744,114.503861,0.893516382,26.62356915,1.107964927
6076,12.64200231,6.565911529,10.6390593,16.35480573,0.649747542,16.3803681,23.14928425,6.678496868,38.07660756,73.31267845,0.354665364,169.6859243,8.491874203,-14.94283435,1.032815174
4424,-35.03791741,-21.74601708,-13.09349583,-12.70301687,1.666675948,-12.9374379,-12.69886658,,0,0,2.091032879,0,-20.73571574,9.8456861,1.68441683
3300,24.30342125,5.158218523,4.488235131,7.535315934,1.582222941,5.160471877,8.377346561,11.73995175,64.08270516,342.436062,1.815764328,79.29570629,24.50215728,44.75268668,1.156349554
5616,-1.198952001,-0.411729831,-0.40333525,-0.702577707,1.002912843,2.005975121,-0.065374165,-2.048213273,24.82693146,72.29570679,1.894888985,11.61676335,1.1582833,95.52346123,2.771885188
8891,12.51843607,4.688143201,3.206046384,5.099325388,0.973771027,4.680808521,5.592545591,10.28795898,45.74422457,117.9539061,1.795838971,21.89515983,4.565431079,-14.59184174,0.806795663
7800,17.23848563,10.03453877,2.199711497,3.057178611,2.361739794,3.410552006,3.537172006,41.00136508,13.60959822,49.06879199,3.33727765,1.212797911,2.790890488,,0.91842592
2195,10.57706992,4.043446631,6.391231566,8.958522372,0.680814711,11.26679252,13.1616531,10.27482733,34.81917066,91.08190024,2.31130025,88.12486884,-1.335117519,-7.939494932,1.280493573
4258,26.57085546,10.79557123,12.66309887,17.71443443,0.958467815,15.56553349,19.42531117,92.0200385,13.38440245,32.94267764,1.57065832,2.908869193,24.51822426,99.77564291,4.364961776
2753,5.64043347,4.283016323,3.367717642,5.860359046,1.311116906,7.668849938,8.875394447,315.7142857,5.513961959,7.261502931,2.261063665,49.88452656,6.733272954,-16.25615764,1.209260301
4301,15.12741627,8.533769955,2.416918429,4.10494823,1.134108411,3.016748306,5.080221746,559.8,0.461727384,0.641434957,2.168249231,16.85725895,24.39749694,104.4558072,0.832735461
7071,9.396103177,4.03398289,7.442957661,12.53711311,0.629846426,9.797860658,18.17017123,10.95026643,47.70793726,109.5787667,1.11797984,158.2115576,15.77163037,-41.88348416,1.268291035
9202,13.99890473,4.370691134,6.765550062,8.693701102,0.629182316,15.14981502,15.35460259,8.418125776,37.26373831,105.129269,1.326807892,124.2974316,10.01630407,-5.421550567,1.043302924
8928,12.36744762,3.636980549,2.84216074,4.344560863,0.920909295,2.919769044,5.26316782,6.24171111,50.86183912,162.9384841,2.251481186,36.57820594,-2.621970587,2.135891102,0.85041013
3189,-50.2325872,-34.67174366,-149.883672,-82.07303337,0.185418396,-85.65280328,-82.02705436,-34.32470838,27.30236099,56.14896399,3.260651558,0.35464002,-34.49335714,-46.16966318,1.738308023
7035,-37.4318359,-16.51473727,-10.16131018,-8.289750657,1.380878081,-6.013801657,-7.029371758,-38.72212518,17.67229774,37.46851915,2.067865337,0.07415177,-36.13028166,16.22071893,2.024032327
2685,11.66077305,6.798722868,3.120410316,5.429914802,2.231345034,8.205985852,9.830097486,52.29746835,4.977521333,8.537154364,1.542391736,30.36073867,3.835078981,6.54374315,1.40357152
6381,8.701498271,5.827282602,7.860542905,10.84890923,0.799526846,16.18790318,15.41600044,55.68867925,4.10068035,5.956801981,3.719184278,32.21709993,1.845577913,-4.420336788,0.876585236
5534,20.75318183,14.3541042,33.0194781,4.795439312,0.466115432,5.041892755,7.787072309,14.67744691,12.42368715,17.96218244,7.185602651,24.91400853,6.802791706,76.31881566,
4563,-166.5518777,-94.77034981,-586.1059122,-588.6369148,0.17352978,-584.0230174,-582.4779207,,1.005700536,1.76744428,1.955245688,4.505539518,35.80925924,43.51584537,4.820678778
8715,7.468110881,2.891273761,5.369938275,0.650349998,0.870415049,6.243690943,,,14.00805584,36.01510725,3.165296897,10.9385021,10.05299678,-42.45973646,1.162763562
7562,6.334808304,1.939906252,1.942448217,4.809811218,1.305907799,5.983834022,7.409626811,10.1918797,50.54099332,179.2002036,1.456492502,127.6670484,0.30594247,-0.293598407,1.362145506
6754,8.591109537,6.679764244,8.194443215,10.91972845,0.704114225,13.80256508,15.97110968,86.27272727,3.799131556,4.757459684,3.703461995,21.9292175,2.753019499,28.67125574,1.304101615
7183,7.319772036,1.344367584,1.666237614,1.849880882,0.448577139,3.035238377,,,4.666565713,31.76047016,8.86701821,2.494340284,11.03220898,-78.76737041,1.020350161
2994,9.449214618,0.635702567,1.172940265,2.921029057,0.315117575,6.033646051,9.539111749,1.056010332,85.60966436,1266.610379,1.418677927,934.5791903,-1.758332181,-48.17967318,
5032,71.56203114,53.94347528,26.84485493,37.96995988,1.581562018,29.39406661,38.77227353,,0.154411008,0,3.571010453,10.65640932,34.00611848,31.69530689,7.999341115
5027,5.489754826,2.053474514,1.617801047,3.038394415,1.445053906,5.293193717,6.67539267,8.837563452,31.71920342,84.79805756,1.809534331,33.35307355,12.98878,-29.62813258,1.424989249
2464,3.543924924,2.184630785,3.15193659,5.723550616,1.034002442,11.4268026,10.77332446,305.4158004,1.519778396,2.054496872,1.29649588,48.61938906,3.013095325,15.04516028,0.927560071
6832,-0.124663412,-0.103696923,0.509068304,1.254739214,0.687619053,6.271340082,6.176251287,66.11042483,3.420244341,23.55541495,4.369107942,30.35691787,3.044530614,,0.59037641
8214,6.154030541,3.746737861,4.968135016,8.120381134,0.821166709,11.25031138,13.31063688,61.36078431,17.45329991,21.61701048,1.576609319,79.03864864,2.648682052,12.88507323,0.860227451
8219,4.575906041,2.554930214,4.823656245,6.454643462,0.595687163,8.850043637,10.37630268,22.94343066,26.18654288,40.78884458,2.821656236,46.65511675,0.569475494,5.478187919,0.740056175
8929,23.54250492,10.46502778,6.581309082,9.235371545,1.686306953,7.394998205,10.41522077,27.96376812,23.63954639,53.18037839,3.229042904,2.799417858,-8.402385023,10.03706872,1.997038619
3175,,10.42983476,-0.174910677,1.24858168,2.639767908,3.00300819,3.551690903,2.205515738,75.39033145,,0.476756707,,2.300655075,,2.494237352
3727,-5.851549249,-3.858852656,-4.78125772,3.70565741,0.771875647,7.831540782,8.407302892,12.01331077,12.22903292,18.54405824,2.727818261,0.562159243,-22.4787027,-53.8498206,1.320345856
6177,-56.51046796,-42.33473866,-41.79924974,-13.73245106,1.647016553,-14.11216834,-12.47874807,-199.7540984,6.565774744,8.764315433,3.540394272,0.084453301,24.91854712,27.43815292,2.735444216
4180,6.885784274,4.228308842,5.848595011,5.919473215,0.832023893,15.09248462,14.77924869,8.687919463,18.36619998,29.90928423,2.359752162,4.387735874,28.42293802,59.81481481,2.195592922
4174,-25.00796728,-8.1573251,-4.674257871,-3.107851309,1.736593748,-2.567189469,-1.636219281,-14.7561883,32.84057339,100.6795702,1.562150254,11.6559854,10.50522766,-266.672772,1.140574335
2788,7.671795447,3.833353145,1.930455619,1.054836765,2.024365231,0.286920677,1.174845478,4.434721693,39.63308396,79.31878476,2.40518959,9.186873041,-6.81828462,-68.46284252,0.680552645
3020,19.02550245,11.16064794,3.738792083,5.642023346,2.4716705,4.597360853,6.026899002,889.3333333,1.976519542,2.702246242,1.940964819,38.59989867,10.43695556,25.55294118,0.783227747
4356,14.63208668,11.09244602,12.27350092,16.09697482,0.968562697,13.61542751,16.76821984,,0,0,4.027854444,1.996539315,-4.896162972,27.96446492,1.521912383
6173,,-81.54328314,-10.01468288,-11.53966341,2.977005718,-20.08224608,-11.26292983,-47.60693435,55.17274994,,0.613127289,,-28.53511196,-14.93014707,2.874998448
5578,32.18831583,10.10913743,3.147179062,5.859458961,2.458981049,6.345888906,7.21830864,46.70113195,22.64471921,73.80188655,1.232479448,14.98089676,27.16027586,96.66234262,1.976015079
4968,2.920956322,1.39660008,3.295278927,0.823819732,0.647808974,7.457998903,8.446333317,1.585131894,32.2256474,73.06153162,1.65560519,66.76300578,11.09634183,,0.710553053
2733,7.484230852,2.797631268,1.050281278,1.520159966,3.137285591,1.553621331,2.003625995,34.94638695,11.55911564,37.4983909,1.470203383,45.43145248,4.455123079,3.321847002,0.961814752
7305,6.453479029,3.857087975,4.966740576,3.832419185,0.77725471,6.283113549,5.844322558,36.48888889,11.02958125,25.98103808,1.87135253,39.73324763,-3.840111321,-20.05842259,0.802303812
2341,6.621445106,5.232468201,4.00673355,3.392458153,1.361199076,5.661407705,5.483363622,6670.5,,,3.227619587,18.95768621,13.42281428,133.5813709,1.161294573
6085,-370.0071375,-16.78227942,-8.902992325,-10.76483906,0.670878833,-17.50303065,-9.907453627,-18.75271739,62.78553456,915.8855109,1.095414623,22.36715526,51.38209517,55.37583254,1.631128914
9842,6.333693558,2.336134114,2.264499601,3.974633573,1.049161499,5.930312321,7.937787857,12.87035358,33.74974365,91.50182462,0.803763639,138.8972419,7.916897055,-12.53773643,0.984171083
9948,6.344892986,4.138483742,1.984984616,2.808167067,2.149409643,4.201404562,4.486910586,97.81111111,9.754118531,14.95447176,1.757351943,68.07720937,3.069783193,10.63214779,1.036957273
5857,17.80904348,4.590061567,2.784855428,5.501635748,1.272563688,7.101789792,6.039234602,145.8041237,59.26552485,401.2976936,1.348204504,28.87071361,57.32545081,59.45656463,1.051873947
8912,13.15386814,4.619928208,4.540981733,11.75363273,0.596724972,11.46468576,16.97062763,15.34545838,15.67857156,35.6271957,0.609396385,97.84683535,6.317135638,157.4724031,1.305344327
8914,12.67500031,5.751261484,14.02340817,20.70602293,0.439075411,21.29047592,27.54664236,15.92690724,39.96370654,88.07458925,2.808086772,113.5365416,6.974519629,11.48230031,1.386664466
5254,27.73158941,21.87353304,15.72533622,41.9676417,0.722825835,24.1731823,45.16544297,441.6598746,5.303328421,8.006480977,3.90591745,0.699383878,37.04656365,36.76445606,5.437720674
7595,32.10662389,21.22912958,10.70935455,14.66522749,0.860960443,11.37845005,15.05960414,,0,0,3.065646184,1.912777595,16.85415345,11.17488293,1.588635845
2815,7.145536308,6.231841975,12.54784664,16.99891165,0.463290516,16.57778892,20.27914392,213796.9038,0.012373159,0.009315514,7.85177259,19.51475789,9.035172019,28.33643667,1.469628896
3177,15.99169242,7.727148572,4.749692859,8.2978085,1.815856463,8.48231485,10.62214734,74.8136155,27.35834445,39.30362502,2.639280563,56.57640187,9.019331256,21.15606952,0.939300088
5208,8.120674608,5.496958193,7.968744179,9.822634734,0.708850074,13.64166208,14.08374233,25.67843742,14.2665593,28.041289,2.665243942,38.643099,18.28618673,229.7801962,0.96396672
3384,22.82778421,10.02247773,6.244871398,9.367945554,2.261790982,8.623074235,10.027136,37.0946783,39.03385482,81.37592555,3.016187537,9.15321362,15.76332807,126.604325,0.957296148
2983,31.44190073,7.001096601,5.054425286,7.706133275,1.519708516,5.834891175,8.201710492,14.35740013,55.24794314,248.1183224,1.470113393,11.85739056,20.99738127,73.22011301,1.278059243
5072,11.43678248,2.805379816,2.138382606,2.048567509,1.388693165,4.40298314,6.370382171,3.512506083,50.72065645,206.7745379,1.176901883,118.3787941,10.1239923,144.0724961,
7523,9.336847339,4.102684953,11.79770894,19.69876758,0.310652588,9.758226476,20.62634977,25.00725152,33.71087888,72.0127084,1.801638243,3.527292469,-2.497525516,-10.54674078,0.840683587
3419,2.147212428,0.793320648,0.135006126,0.59543509,1.808242018,0.365479164,1.453961081,2.271471927,45.4297985,119.5189027,2.623129347,6.415581649,-0.112802016,-61.51037515,2.132599734
4634,3.886765076,2.235192391,2.954462982,5.933498867,0.748308454,7.079567631,9.824303744,16.85551948,14.2797233,24.83094076,2.146431602,55.60479794,-0.309060456,1.719324026,0.753383336
6778,2.746647058,2.141722827,4.963014438,4.329274638,0.308923157,12.70094382,8.791228056,9.710030955,15.77686927,14.0172072,2.461003684,9.240793548,-4.919826417,256.5057132,0.884953042
7823,4.559236799,2.481983977,1.901245962,5.03461006,0.866990738,6.481310568,7.720350715,,0,0,2.062916358,36.71794113,1.143523921,-17.84638554,0.952147765
2163,24.09981867,13.89636105,10.44887614,15.12215332,1.530119535,10.15027065,15.43837364,1203.246367,11.44582583,19.84996834,3.551793082,1.79650475,8.275179602,0.639286509,2.852724653
6029,15.22956195,6.257598142,6.576962907,3.585561604,0.952987989,6.294625999,6.269621053,10.11587644,25.75293375,62.6767477,1.991944525,8.623100005,-7.255044536,2377.793419,1.011956133
7476,13.44853318,8.819249939,7.931489817,11.17483205,1.050337616,10.38929745,12.91071893,1449.25,7.08577046,8.036396888,2.640484638,12.24122682,8.598490172,11.09741904,1.976502825
9311,7.632727279,3.653949615,3.0147072,4.95252875,0.867353194,7.227970309,8.713963631,17.50850596,23.52721074,52.59103751,1.410901673,111.2011555,-1.741536558,25.47218726,0.707582956
9405,6.666318374,3.970810188,2.720755415,2.815399846,0.730234387,6.494566104,6.7915538,29.74712644,11.8641958,18.53482054,2.41613816,56.68852202,1.62627692,239.6325459,0.601128938
3333,5.649589169,4.045840042,2.788109692,4.839202042,1.469818049,5.211390596,7.167591258,,,,2.227826314,36.75552635,-0.267878107,-28.21885412,0.882466806
5268,1.947984156,1.474293114,5.701547467,7.690048467,0.472941157,9.481226713,10.79678097,101.2119555,4.23189903,5.525143443,3.761921073,19.73259625,2.120316279,34.72077007,0.755599466
6140,5.655939791,4.567065264,6.079598108,5.543091255,0.538939234,12.62010437,13.72482076,113.65,3.166952627,6.922727568,5.189156627,46.78680335,6.087496443,48.85396202,0.726830702
5341,-33.87587812,-13.59937325,-7.857788973,-6.278783474,1.692467033,-6.160104425,-5.171381355,-11.17469632,27.26360553,65.82364745,2.385357793,59.31765975,9.302505518,15.06526723,1.330033515
2502,5.828947156,2.878980939,6.534652051,9.699934205,0.549973721,11.69995326,15.0729293,15.14753227,25.72489014,52.72734835,0.568023873,35.05098357,6.151152129,8.131006288,0.965979201
7747,11.74954669,9.156930849,10.612789,25.06227869,0.62382894,27.39096022,33.51468444,140.5654206,5.964687065,5.198626452,3.710475302,39.24175904,11.6023692,35.89176003,3.404048853
9799,10.31695366,8.098461467,7.517139673,10.02335647,1.090232561,7.835885166,10.14053385,1016.500641,1.410826779,2.133028738,3.632345918,0.478375082,6.994107379,11.06409921,1.233255391
7928,1.40603761,1.113978345,0.563802319,-0.545428773,1.226451259,2.45161244,2.486541317,-54.80408654,1.796908329,0,2.638555858,49.01732537,0.23391144,-220.321406,0.489670419
3407,8.450372455,3.913315704,4.444587846,6.977254889,0.791178472,10.97875358,13.10458063,23.29826297,29.76292173,61.33678172,1.834370024,49.51062723,9.064454529,50.56982081,0.877454893
1975,18.49049421,9.610318942,6.774554907,7.883889632,1.115367586,6.265566033,8.575592461,258.8928571,4.939340349,15.71608728,1.638884358,20.24888762,0.295606266,58.65616109,1.098776895
3834,11.03811779,9.712979767,13.39654381,17.93852271,0.894650431,21.18060866,25.37849824,,0,0,5.261792453,14.00962493,7.047556683,19.32858596,1.341764321
3951,4.131465259,2.009639622,3.879823966,4.65493087,0.631569192,9.88639786,11.8740422,12.45933501,30.5633308,57.94638152,2.051301256,94.66847484,4.952169362,2.506885203,0.766127239
5162,-0.531775497,-0.276287176,-3.089652908,0.029870689,0.808871331,6.543579006,6.750514032,0.23857815,20.42105344,54.52793937,1.786175619,71.4350521,6.387989665,-98.54113526,0.755377662
4216,7.182235046,5.271716522,8.953523872,13.05864118,0.822253226,12.00418027,16.43573425,264.7857143,5.64610672,10.66000309,3.449690057,34.48142614,-2.589618649,-28.59711075,0.903808262
6111,5.025457687,3.503593744,2.444584343,-1.031453336,0.574031046,5.119743839,5.099045096,-6.625006822,10.44331644,33.16686624,2.437176215,34.11993379,-10.45936928,-69.51069653,0.551620119
2911,3.373977849,2.700468322,2.978684182,2.816477867,0.794838308,8.653797343,8.849355422,44.6270751,7.150964247,10.02517387,3.832882961,50.91490142,-0.99674178,9.970293172,0.60942026
4623,4.472771363,2.939680289,4.090671797,5.051200155,0.795817322,6.955360592,7.906076515,31.47335343,18.5095113,28.81070049,2.648301077,52.58718622,0.264824799,2.595052655,0.661335414
5962,4.957292483,3.038043388,2.694632893,3.606941471,1.183702827,2.82210326,4.626929308,27.37360762,15.47319316,25.16956317,2.260018713,14.7477924,-1.558840823,-2.155813214,0.606025317
5724,8.439613322,3.011030416,3.4566012,5.675174122,0.777267414,7.387218658,9.626203763,4.505319246,54.49080388,203.8344844,2.567500481,111.7153195,9.013081461,67.90423282,1.105990649
5249,14.41630442,6.175178266,5.583082476,6.272843001,1.017849058,4.653217714,7.056296895,96.41896869,15.65241208,37.2283134,2.702423758,1.433340438,12.02406007,-26.7088962,
7678,9.575386656,6.565857991,3.236619419,5.167251102,2.156966324,7.129627132,6.438697325,532.9527721,0,0,2.167386218,24.93089696,20.30801654,188.9131306,5.331150417
6073,4.58033237,3.109864146,4.905119986,8.743624627,0.919948691,6.984265137,9.976475464,199.2870145,16.86576137,24.61281902,4.529731178,45.12034263,2.416643456,29.51909864,1.419530595
1852,13.23181938,5.248177716,2.809496722,4.025029191,1.542835499,2.947217149,4.675309122,35.01041667,18.70617841,35.02887897,1.846724024,10.66334121,9.38523409,69.40524194,1.087841385
8772,7.516342954,3.117447679,44.93006907,77.0678858,0.066153538,45.31967031,78.25738758,9.609340414,56.1294727,142.0711128,5.003660312,8.023736691,11.5786505,9.663632327,0.781250964
3565,33.18009698,5.839357402,11.81756931,16.30090651,0.781309508,11.88864112,17.12354335,,,,1.524354463,2.042621534,19.46358319,227.2518856,1.420455021
9959,11.15879828,4.100737726,3.120697568,3.187450457,1.242464298,5.373607576,6.621052192,19.1,37.11015009,118.233421,0.875218659,133.2687249,3.048151333,-0.391134289,1.072593553
4288,-24.21183086,-5.186965574,-14.82465006,-6.915551535,1.839601763,-3.812601959,-3.285200828,-84.66131026,25.46781187,106.9912862,1.314625399,5.56800485,25.37959829,29.24044879,2.010144828
9233,9.02548607,5.002339079,4.335302622,6.867911997,1.093932058,8.974059141,11.19592467,30.576611,14.85795613,50.07826594,1.955867076,24.94842789,3.279514856,0.223079187,0.978212292
5288,13.0086812,6.039961825,2.326319653,4.29848318,1.04068675,5.805382776,7.738856978,7.319256757,17.82951246,35.28459907,1.615854114,56.53932781,-2.276274588,-38.24996437,0.855054541
8946,4.814141586,2.811160623,2.490223655,4.493011832,1.235318263,4.147693655,5.666371378,12.83202314,20.44188485,35.00693883,1.931118976,0.901111064,35.48778891,258.6731824,0.869109971
4261,14.78490908,9.938684675,5.913353039,8.930615444,1.72883934,5.904512094,10.65110416,182.3286307,5.262152902,7.828043124,2.89584451,14.74217343,21.14674937,-4.222466346,2.475263695
7936,36.32603648,16.83262856,12.17388731,17.5753099,1.467091944,17.2040014,20.77206517,28.24995045,16.80006138,36.25575414,1.681942017,16.4438606,19.5114115,42.36155506,5.071013156
7378,28.66694766,18.52669564,14.79817329,21.22540058,1.481893381,19.4241745,23.32973943,172.929158,8.769201425,12.73109513,2.261195892,3.423763932,41.61034622,152.8098061,2.242043044
2351,8.275048806,4.910919179,9.001168685,5.983963781,0.601777118,14.80034608,15.59515368,30.65265321,15.89542346,24.18242922,1.527328407,66.81759395,-3.702891923,67.01246081,0.962813722
7227,11.46534804,4.124007655,3.281969707,4.592877389,1.142864134,8.136418581,9.210681037,13.91919562,34.33254052,105.8765065,0.918458781,143.2404941,1.920664872,17.93625893,0.853863883
4886,7.514928801,4.753280713,7.953039492,8.314753894,0.652591737,5.561358924,11.8180826,104.5686275,10.55832647,21.0029092,2.537130119,28.64645537,2.062282195,-17.9664667,0.962753518
2678,-14.21941688,-4.855958768,1.885051164,2.918306135,2.04356857,5.269787425,5.236738232,35.72519084,15.90950997,89.75420373,1.399917735,43.76896179,1.996896214,-17.1827995,1.243961124
4197,12.55624138,7.91062747,4.52704632,6.346981165,1.814558478,5.898864129,7.671451186,1387.618812,0,0,2.372212392,2.998912227,1.210072933,-22.30599297,1.465153387
2654,4.540253051,3.222833786,0.69991918,1.443974512,2.154607145,0.333980267,1.884576147,263.2708703,0.623874223,0.217916319,3.438678667,2.069638679,-0.017522795,-50.60847398,0.778843195
9223,-5.212329616,-1.198238529,-0.58047481,1.143135736,0.381855399,39.2483947,43.74843982,1.043632706,74.07841028,281.5664346,0.904040789,286.0008036,12.69981778,-86.05056919,1.31431509
9340,16.16356664,14.21409711,11.55246448,17.44762349,1.164576089,12.58600789,18.62182447,,0,0,6.767237782,3.217669642,7.100754637,21.20603843,1.889415823
4503,21.33506911,9.667607314,2.653683504,13.36970794,0.55356269,18.26888031,23.78280238,17.81810579,28.06029805,47.92814165,1.131629318,21.73599294,19.24651674,43.57949121,1.322328295
8095,8.376421923,3.006322822,3.48399847,4.811615453,0.896110726,6.977559607,8.679714395,13.72272727,30.0221365,81.04225144,1.243341913,49.08775299,8.191668445,7.193656578,0.891988004
3853,17.94808669,13.41769148,18.56115144,22.91620549,0.402606561,33.68950114,30.40213064,149.3796506,5.635114978,11.46603964,2.390359823,13.77333441,9.01510068,23.79051078,1.308235845
6522,-7.678237361,-4.773960139,-10.9399474,-7.540691806,0.612787212,-4.757529529,-4.241777921,-19.62683536,25.94831823,41.44515607,1.757039385,51.96599633,5.565431579,44.12555974,1.555655176
6899,1.769981527,0.94336226,0.954894362,2.319518806,1.391486339,5.079781713,5.37157876,15.78261955,29.31701721,53.37841392,2.459474686,57.87755904,2.882342977,-32.0675402,0.602587777
7162,-20.00867497,-6.729633183,-0.706093155,-0.122317619,1.42014106,-0.358114324,1.382332242,-0.228988687,28.48115114,71.21088405,1.516628466,114.2285555,40.1338593,-103.7447114,0.86631795
2438,-4.998631728,-4.240579875,-3.621856265,2.391059031,1.080570703,6.158433356,8.09696688,,0.041485372,0.002209287,3.210556224,40.02766992,3.192070525,-61.18846267,1.19051136
3647,-48.42904106,-27.46930931,-52.05334459,-49.40227221,0.437224728,-37.67935543,-34.39585061,-23.77592637,33.36165985,2.942972966,6.594109366,15.31861439,134.071447,55.0609789,2.710855986
3662,7.818021201,4.591439689,4.331646946,3.512146172,1.503788236,3.089852406,5.301668269,840,5.084306096,19.545053,2.326454034,3.820671378,0,49.20071048,1.869430317
4241,7.718581944,2.823945966,1.254860805,2.51865456,0.652348057,8.775623667,10.59216711,5.560091016,50.24253815,131.5594998,0.943828965,167.9219696,0.80940224,24.9968998,1.034146129
9563,1.343937026,1.158395568,0.988662171,0.402041335,1.173732911,1.708566067,0.415413484,,0,0,7.156248357,0.009237705,7.548571935,,1.225833739
3969,14.40899751,11.80996958,26.32900868,38.2531242,0.461142704,37.9446266,51.86092665,,0,0,5.206288807,0.095112621,10.59511173,0.772314754,1.891032509
7412,8.244316626,3.160768665,1.493925642,-1.891366237,1.797669116,0.324153677,0.701863179,-9.585714286,28.2211488,97.60878087,1.122030801,115.1117209,-3.978672152,-916.6666667,7.004568489
3426,3.626049433,3.238637619,3.79582784,5.006091085,0.826334784,5.561999709,6.731513285,,0,0,6.544040253,22.64464309,1.323860054,55.67803623,0.607697502
4625,3.276348061,2.257270795,1.853148306,2.840588156,0.817367565,4.919925895,6.166061154,515.0807636,1.316263765,2.647458557,2.14889789,49.04065877,1.867654944,-2.584995473,0.523553927
6194,19.96806289,14.37743784,15.34718482,24.27757704,1.057589409,21.60214943,24.72283323,358.2060302,6.927163097,15.23275818,2.491006852,4.767861393,-11.21872433,21.24037722,2.718301608
3529,-5.934558777,-4.60009303,-1.718464351,-4.36928702,0.528113346,0.484460695,-1.279707495,-35.40740741,2.585257179,0.975933295,3.214667685,61.83121723,3.163751238,-124.9411765,0.656923721
3583,8.770103462,5.949174228,9.611270516,13.95023888,0.614551843,14.71700533,18.67028761,64.24322881,15.0682999,20.82046274,4.017458445,43.89221503,12.04725813,49.94346198,0.712128371
3674,-10.19911201,-5.891917361,-7.066970579,-4.316299284,0.624543491,-0.731944828,1.521673078,-10.81000269,18.38180369,33.62116844,2.012244334,2.562098958,-3.787397201,-155.6684243,0.954003585
3964,22.4766915,11.66112977,9.232512295,14.83913139,1.348188792,12.54026821,16.2542532,38071.228,0,0,1.864556133,7.362508457,14.71929643,35.8704371,2.325646083
2459,-33.03260587,-14.54240713,-42.82080177,-32.21276327,0.313878459,-32.12424827,-31.74936124,-22.91375661,30.08585622,64.2689155,3.036823641,0,-39.09761152,6.818573027,2.948463376
9832,6.985918912,4.035587501,3.258992085,4.859633303,1.179458213,5.660755435,7.269812644,72.17857143,16.57448394,30.59601845,2.173945783,43.06036052,8.557096617,51.38576779,0.940728744
5589,11.49557975,7.371552187,23.18132288,36.90117975,0.335851674,27.30041955,43.18998196,135.1373605,11.16967454,17.41856819,2.192825111,16.19735008,2.791062023,-4.373923351,1.244028628
2666,7.57223452,4.145695927,3.029394419,3.093837867,1.182570485,5.127362889,5.76476349,19.61164702,20.89744473,34.54607782,1.085466056,113.0176627,5.324242074,-17.75516381,0.73538515
6918,3.164884222,2.836274907,10.36351295,12.93824193,0.438078408,-6.028726331,14.73803409,,0,0,9.771605751,16.08750798,-12.71753787,-32.20179476,0.721308553
3836,23.07195681,14.75024366,12.16778779,16.31074976,1.220130858,13.3512493,18.1053237,2629.44032,0.136310364,0.205871434,2.468361858,3.524342585,15.59369543,12.32036706,2.66299857
8904,4.0375035,1.58824908,0.923108789,2.00713527,0.998717383,1.930865057,2.510166727,3.6745336,52.39557308,137.9698224,2.019614266,25.86881019,-2.465004259,35.54943303,0.77801753
7860,4.095072741,1.936579841,0.864903448,-1.381263716,1.220225437,-1.178516375,-0.082769513,-363.8,0.243488109,3.230956515,1.472044517,16.96302062,-1.271488226,-243.6808847,1.030393481
9554,24.2008542,14.11182058,20.12898774,27.02647457,0.822650802,24.16005968,29.37417821,155.4486162,18.23936645,28.04228546,2.759903219,2.345291265,38.5619074,62.2690696,3.811036213
5591,23.97834819,12.62040255,10.42194676,16.3951961,1.279350043,14.03312413,20.11548784,41.96801347,24.41717347,46.39182348,2.42354201,0.979008474,34.72228823,44.81740646,6.337234437
7836,6.328084866,3.448063533,4.177831105,6.183565456,1.453776649,9.544881964,10.06025576,53.97751004,11.88332347,32.60472864,2.558468642,9.349687012,16.62709017,152.7174782,1.535768053
3896,-6.066342321,-1.199439171,0.209454817,2.525131162,0.706910095,5.653475611,6.383087067,4.349726391,46.31566292,270.4594849,0.998994429,316.9791238,6.260087272,21.88532353,0.872331294
3536,13.70627793,1.921033243,1.82386043,1.358992804,0.751561411,2.564691702,4.736897928,0.993397551,77.03225728,557.7702755,0.813150691,265.940024,3.545542323,1030.789275,1.11120865
3624,-105.4700315,-64.02460413,-78.3851326,-53.44095829,0.865129001,-55.30205451,-52.55339648,-5151.316832,28.40187051,2.278703437,2.163401614,2.36693376,-38.55468452,-70.33272112,1.922369776
6730,9.71565817,8.246202407,6.422198898,9.59065862,0.985200026,4.657570192,10.24009446,,0,0,6.255544355,1.479817153,-13.23847467,-39.76102184,0.929966235
8255,10.77899971,7.031090202,3.195089935,4.278922908,2.089365266,5.158761131,6.340866357,231.9423077,1.684539637,2.385378637,1.24681253,85.93186552,4.309757831,2.376708259,0.980343731
4012,15.77053221,11.89553086,7.903014731,10.92076996,1.598550182,8.257602906,11.48780615,,0,0,4.875456407,1.277884888,9.407640057,12.43788399,1.429267358
9344,-0.120300752,-0.088105727,6.08992601,4.003035477,1.257095159,-1.97306014,5.027509012,105.5,8.061674009,8.992481203,4.535307517,6.586466165,29.12787849,-57.45967742,1.067917991
4936,3.745834195,2.949121399,2.379113417,3.808937885,1.33704545,4.573378657,5.208928744,29.8472093,8.948875186,9.705278547,4.365687141,18.72201308,10.54518564,-44.09813305,1.275323815
1381,10.35137262,8.877243132,6.508741391,8.029970484,1.064727331,13.06289261,14.73170363,1061,0.273939971,0.222211935,4.441765705,50.39581501,2.283635238,35.07320178,0.791080302
3490,7.393780909,2.030624094,2.176228798,5.718265742,0.975942566,0.892933551,6.085656733,3.491065472,66.20921462,241.0768338,4.055931025,10.96401071,8.954215992,-20.58010965,1.025776272
9090,13.66806861,5.704276221,3.495704756,5.264673417,1.526330054,4.491529491,6.883428517,74.62585034,31.6750939,92.01066168,1.31354327,73.02732921,4.943743264,-20.7713419,1.762781219
6845,14.72896976,11.08889397,13.63482013,13.8215848,0.955400763,13.07685649,16.05676847,233.241573,2.222983953,4.347276207,3.404390287,17.36296721,3.24467756,12.55184753,2.125306924
3161,1.667991713,1.335685696,2.480073695,2.390122706,0.946386552,2.650097382,3.61287566,311.9869919,1.128509185,0.168372679,4.003636028,22.34281511,-2.603510625,-34.25235839,0.632474681
3496,28.43116749,21.80029129,13.5893507,19.3647526,1.863424912,15.64383979,20.71505485,2658.205703,0.813320413,1.386124199,4.490920043,1.736899323,27.87363491,42.62638051,7.289744822
3293,2.911517295,1.565880157,5.763318875,9.266110779,0.413840427,8.830409872,13.06839152,7.069983108,39.74373104,76.56458862,2.489901967,131.8687367,1.464505704,21.57536547,0.65265533
9380,2.845239404,1.206645258,1.467086581,1.570103256,0.986307111,5.098419275,4.902690639,7.577686315,26.2626587,56.1001769,1.193639075,128.7932912,-0.873535298,114.5797634,0.796469392
7804,11.95178313,9.698273934,10.93043661,15.60967188,1.01774657,14.12958553,17.88882244,9481.837838,0.063867622,0.064115939,6.225907883,4.490818928,27.11393347,27.45354838,1.408645612
3452,22.0586033,4.333882547,11.69728413,20.06458786,0.475601773,10.76287787,21.04928795,6.157595451,74.60770468,379.7384316,2.990105256,30.43478261,22.12847121,19.53950481,1.071414408
7363,10.28834035,4.649799358,1.124474763,3.219860792,1.18456382,8.30270133,8.048310671,20.16844262,31.10721543,73.80241391,1.085507882,2.030559876,27.02000096,,1.227998579
6612,-56.79715302,-34.25627817,-15.77854671,-8.561542264,1.866064016,-5.368264953,-5.121107266,-72.16666667,16.50568792,27.36654804,2.330985915,18.18505338,-18.83325309,-6761.538462,1.640270934
3418,7.470332189,3.279824828,2.99103717,4.454777319,1.206914757,8.222705176,8.365652337,11.83315732,37.66630068,83.13952999,2.245394794,81.9676914,6.569388642,-1.429620918,1.442238012
7832,14.5860398,10.48813933,10.41487282,14.51696438,1.196942454,14.36577789,17.96710949,460.9462916,1.08957081,3.311454568,2.530201607,17.54761911,18.2156902,98.99964667,3.217829402
5195,5.370688291,3.654727283,1.29506112,6.699367609,0.938578649,10.81553381,11.73254436,25.39016393,8.039405765,3.287431055,2.025949124,37.1747574,6.755758326,2.096242584,0.887214377
4393,19.46354883,13.24906367,10.92511726,17.42681546,1.722284123,19.01989326,17.54002911,,0.152153558,0.017193948,3.524913666,1.392709766,-9.173705472,61.90833959,4.087004717
3011,8.483424307,2.522053143,4.46361192,6.139713647,0.637381897,7.996310123,9.486704,11.02391332,35.02670994,128.9509233,1.395774053,243.0674178,19.56254733,26.22758271,0.940012652
7790,6.511127562,1.106176189,0.92038316,1.910838324,1.216730117,-0.416798532,5.565047059,2.943140163,62.4282206,367.4623555,1.179861786,64.38113378,9.569831449,-58.15936033,1.093148655
3548,2.488949337,1.122940509,0.710693412,0.623313074,1.545495468,2.176741296,2.38062875,3.914634146,24.54514773,54.4032642,1.724227964,11.17307038,-11.4833276,-60.51660517,1.399667932
4481,29.62936997,22.1813996,19.37800313,26.39063945,1.181189257,19.74109764,26.46819789,,0,0,3.755446153,0.474620572,7.697685414,10.00803559,3.285890404
2936,41.30883882,11.10187785,0.714839936,0.895656018,4.269817177,1.203100439,1.315274776,6.950308029,20.9870732,65.93583692,1.29020986,16.2714663,2.469845712,,9.068895201
4477,12.24284661,3.160735602,8.813739206,8.138356891,0.398286115,8.041873704,8.437454774,120.5,1.911665484,7.404677344,1.266587592,1.13918113,29.71028096,117.9586563,1.373591793
4068,5.650613312,3.104387913,1.21044911,2.229105587,2.068491642,3.270507145,3.116915226,25.25184449,14.59648863,30.35534195,2.129349156,5.823339483,17.02832565,120.2034074,1.452646396
4413,31.84174531,17.52450939,14.10636537,19.4024854,1.539995868,16.398578,21.0119185,117.8429602,17.95430836,32.62268296,1.673584834,10.70236583,49.56035367,36.45192644,4.64238927
6532,32.33137955,24.02768518,25.51034167,34.32637597,1.051440723,27.85171103,36.02863846,808.2063492,4.175000794,5.617833524,3.220763118,11.64664468,27.81071207,19.52908587,4.600755397
5259,-23.90161391,-10.53468327,-8.580086765,4.647268555,1.083296398,15.40132371,12.4271673,9.86847186,37.8448874,81.0528968,1.226783853,13.62238769,6.585893825,-32.76629749,3.144292343
3986,5.232701923,3.913706764,6.666579556,7.972586272,0.609474754,3.590992176,8.67143162,,0,0,5.774833574,2.017418814,-1.003292086,-27.77105502,1.177457524
7376,-20.30912879,-11.33880948,-5.019073748,-6.681604021,1.522250063,-5.950614053,-6.157092995,-129.5244386,20.78138698,35.37871794,2.927352903,5.821749796,5.92816044,-449.8541947,2.683449927
3981,8.478504095,4.129327945,4.088975741,8.183764826,0.987857616,10.16313068,13.86179301,22.06747625,22.86075019,46.93862214,1.115910259,1.624336752,-9.360753045,-23.18719115,0.936893788
9399,-51.08815666,-13.86745845,-412.1449559,-382.2722821,0.039531785,-371.596474,-364.1527923,-5.142292499,57.92601701,213.4012835,0.190550262,2.063671826,-44.66377434,-46.54633685,3.710832897
3180,12.35230308,5.792456958,3.02231115,4.728014119,2.255641018,3.809023519,5.513341609,135.1258581,13.18269593,42.09315877,2.043388897,6.29169384,13.00377961,-6.224359257,1.664670452
3041,-0.224152056,-0.047191779,0.565463405,-0.078328322,2.707147635,0.008839065,0.736075776,-0.358951175,55.24566977,244.63903,1.449807635,94.57987875,8.874690082,-107.0168617,1.460447494
4270,16.74426994,8.34828377,5.395255871,7.094596274,1.953694054,5.871040932,7.733189997,611.9767008,3.851137366,7.724280271,1.876025717,1.894881815,20.20218523,9.597278807,1.680825668
9145,17.22358722,6.917990723,4.183201552,6.877517529,1.741581792,6.444875429,9.139191407,35.46153846,33.46491661,83.31695332,1.47809924,129.4594595,11.01358066,2.718360071,1.580882882
9974,10.51562293,5.728263226,2.99482088,4.227607332,1.999376716,5.102129981,6.24682652,58.30944625,19.73836369,36.23457609,0.836750404,126.4379063,9.194178112,5.231908765,1.214627289
9441,15.31887419,9.449515257,3.192980777,4.547669145,2.738403681,3.687378234,4.750882532,19216.28431,0.114440896,0.185523346,2.197722681,5.938557785,11.42920329,37.91151704,1.126710371
6183,11.06617249,4.817425407,5.61011068,8.167953589,0.847249255,11.99168872,14.30334783,15.38888889,28.69963079,65.92630668,0.648984494,34.56876961,1.545189301,29.67882417,1.208879414
9997,7.91924367,3.581555517,4.172041583,5.627537277,0.687776134,7.315419054,8.630060326,15.15453384,41.68762922,107.306424,2.133260841,103.283468,1.228048277,21.50317428,0.837967976
4316,-42.49333303,-22.31411008,-12.01588153,-12.2335734,1.424358756,-10.77524536,-12.14530547,-92.65484034,8.840932111,16.68863367,2.534466128,1.869415582,-6.545096587,-154.320335,1.691481122
3934,11.95354843,7.995237797,6.519324393,9.580883145,1.104687558,7.370505815,10.81020178,144.2691399,16.68827948,25.44053822,4.33226425,2.30391492,-2.455886444,37.64187237,0.903025102
6027,28.92049215,13.92383034,7.45751872,9.874424182,1.311411605,11.17428295,15.23951714,96.55127849,22.01910031,39.48352259,2.030048698,2.757880183,24.27318637,12.4029716,6.003259518
1383,4.414810306,1.526964877,0.66169998,-0.446706021,1.233243915,5.750684504,3.555136394,-1.991636652,39.35993409,122.6938888,1.398713532,138.1116019,2.939779027,-245.2582369,1.42309286
1433,13.57317739,8.790803061,6.576226353,6.652300917,1.149654079,2.351372744,7.325069347,46.74774491,6.847931875,10.57334505,2.145457546,5.265329451,2.22906703,98.3470455,1.602706098
6577,-5.324753561,-1.522137876,0.374158164,1.081670102,0.739289347,-0.572558695,2.053506426,1.833422175,52.81188163,172.6871536,2.818963611,11.56508192,-18.9125196,-89.46594694,1.619709519
4020,-13.00599868,-11.15432846,-8.746127361,-7.05665611,1.217467914,-2.100626522,-0.976957365,,0,0,5.743444923,9.923159897,0.315200303,-202.0875186,2.008266457
9216,2.689759853,1.638046911,1.242903435,2.9374448,2.526594866,2.095713,4.034360569,3333.158879,0.147082256,0.20126405,2.292567268,16.36188394,-4.780618493,-57.92655952,1.849524728
3048,11.60775195,3.972947896,1.793463816,3.106775593,2.007630985,3.543417381,4.272829798,47.45297806,19.53338978,58.00198129,1.303299504,46.94353322,5.62676951,24.13383083,1.121203289
3377,4.170532612,2.230937636,0.848419347,1.518498754,3.005203781,2.749739884,3.222500287,20.01869446,18.34829691,28.34679948,2.111750356,19.35829322,13.5668549,104.4699114,0.905873178
9791,5.983473388,3.210449023,2.823991092,4.284516602,0.850427672,0.919773349,5.750606113,15.28956686,26.7794115,46.22066845,1.952892913,70.34031261,-9.648336794,-34.24601989,0.649651938
3623,13.02351384,1.352521529,8.974013275,14.23815395,0.162004245,9.770282046,15.18585103,86.98830959,0,0,1.108528418,2.780051095,7.787057605,3.394760043,1.097978821
8056,18.77965099,9.59483311,6.674587263,9.509913121,1.252559701,10.73859558,13.95064479,125.1498371,12.87430941,25.23691216,1.6046523,19.93670512,9.150001891,13.62453422,1.843650939
7063,-224.3542088,-30.32299503,-224.3604691,-178.5740702,0.281993403,-188.6134983,-178.5740702,-16.09269877,52.3141406,348.3006321,1.26001614,0,-84.70061224,69.0346066,4.242393127
8105,-20.8817328,-16.77599061,-13.14449133,-11.46163604,0.868751378,-12.60844184,-11.14431772,,0,0,4.961736316,4.377191969,-16.11065405,-86.35636219,0.956639476
9345,10.32688209,7.35744539,5.64691756,8.118117117,1.296825355,8.862765272,11.78060478,222.2886275,3.358888934,4.714523605,3.030326801,16.44530724,0.492448197,-25.19584037,1.172423545
9162,2.086509613,1.50325138,1.768844533,2.542529726,1.313203604,4.88264073,2.872899504,15.80146313,13.60093937,15.10245917,4.789401,2.005449261,24.29012609,,0.973773732
5597,-309.5868187,-45.30195912,-60.43571547,-52.12256031,0.76594449,-47.81961566,-47.69198433,-30.59857071,68.18880135,465.9920784,5.250882831,0,-14.04233194,-37.55782287,4.220058474
4069,5.135823312,3.316945756,-0.729682509,1.226465888,0.615564365,-3.618193542,2.252124375,93.25566343,1.793367801,1.223932474,2.744657433,5.596515211,-6.273586035,-88.74269463,1.346909225
4694,5.842259007,4.073758743,4.374576614,6.540215516,0.786513089,11.57405144,11.92882234,79.36440678,3.334985828,3.033183413,2.72001596,48.29059829,3.788669508,2.14877836,0.913917378
9278,13.22274118,4.276561388,1.762509962,2.893335011,2.126098007,3.304391594,4.742250745,11.49666667,46.17054156,143.0289365,1.659914818,63.03752617,6.759988178,12.97084835,1.112015714
2208,8.630390945,5.537411701,4.905045164,6.568847764,1.194021213,9.879709187,11.3276052,276.0740741,3.846033452,4.768099915,1.788518003,66.10453392,9.408293722,97.03938673,0.998041741
9272,16.26339648,7.133241447,4.852529467,23.75384953,1.037735094,23.21028362,27.85348897,122.0596184,19.87918079,36.90549066,1.907757383,7.870126625,17.1500454,34.07011022,3.278033323
5015,10.42806621,7.985592254,7.152880188,10.63091132,1.104648331,8.620246582,11.52459077,,0,0,4.252356533,3.377243362,7.593413048,15.29396565,1.848145047
4381,-47.71443535,-12.4797748,-42.20410163,-29.37872386,0.575226342,7.797739063,6.114213543,-15.04852045,64.05265171,260.5793261,0.302925143,3.57852114,-21.3490979,-174.391018,1.810867976
2268,11.82040427,5.542581192,5.165054294,8.073913216,1.174349,10.11857022,12.26673452,130.6485747,6.366326005,13.57716639,1.335345136,72.35401172,11.72213289,17.10233089,1.741981864
1726,7.98433663,2.857482185,3.110129998,4.79273976,0.963886755,3.637478538,5.832720137,12.85526316,45.9976247,111.8006239,1.505980081,42.54330656,1.269281403,-5.28356762,0.999540457
4075,11.39765212,9.104222899,10.64523886,13.2059216,0.641080634,28.3203915,30.53334883,1143.793103,0,0,4.629967585,0.551980216,25.01117348,126.3792962,2.446701965
7067,2.846560659,1.620828404,1.530245678,2.199877305,2.493158203,2.5035322,2.542468434,215.2256809,10.331748,21.89443287,2.611956428,2.378969274,9.154529848,198.9487907,1.1266596
6176,10.60683563,6.683985303,12.64101002,22.16233171,0.7002414,18.03606324,22.92875967,224.5050682,8.00810844,11.5460901,3.218890976,0.554896759,7.76063712,21.05612233,1.426580936
2424,7.362383257,2.664365356,3.04103302,5.544686215,1.212375325,10.88278203,11.35042341,23.47797309,33.60860635,117.0943145,0.784685899,160.8516761,6.565717323,65.51681634,0.953573613
9225,13.33535601,9.97711778,6.589340968,9.105641391,1.48835659,6.195299637,9.20531277,248.0632603,4.207249776,8.209880418,4.060346438,0.382041437,10.98407616,-11.80869422,2.013337047
7039,11.4299723,9.516056983,6.262873078,10.201076,1.473623675,8.171179694,12.31835249,229.7420458,1.15466726,1.386899513,4.925773475,6.957041849,-0.586703977,-8.075045846,1.455017639
5108,8.659855978,5.517088995,7.159034571,10.92708534,0.772272039,16.67115932,18.9016384,16.24194631,14.3886125,22.58497408,2.550369036,59.28844148,-0.014536931,1.764441211,1.133259435
4594,-139.5863942,-115.2188269,-101601.8535,-102464.0777,0.000963899,-100148.2789,-102464.0777,,2.230923817,0,8.136919817,0,1473.611111,-0.50550655,3.727639858
4415,25.62412397,3.872204448,5.624781482,13.1894521,0.792058906,11.21449213,14.18717681,16.62120723,56.70500703,375.2426167,1.285214765,25.54165916,57.83129632,32.36996645,1.448005735
7343,10.62944818,7.739549277,3.835569572,8.881943699,1.155283849,5.416304007,11.10415599,11411.80851,0.039196545,6.830224401,3.010616682,10.83354541,15.64541223,-17.09034417,1.367352609
4398,8.870835362,4.919168366,2.338237694,4.225210667,1.539439273,2.509814946,7.078524157,54.9552525,10.08405837,17.03059959,1.963615021,11.8758083,-5.474511616,-62.57951156,1.968357048
3776,3.418941542,1.565043152,1.96345264,5.304730293,0.785453008,10.92631338,11.44293399,20.22088704,12.32647624,26.92801257,2.126104893,46.18733131,13.90301815,21.36338539,0.957116314
3673,5.110037418,2.971634857,5.95842933,10.15630281,0.507371738,25.04675767,25.88565978,26.57129031,10.68016491,18.36566232,0.551617232,3.767785568,15.35016707,234.7226906,2.01313864
4347,16.03216638,6.567076019,2.158289035,4.639085099,1.339069764,5.031568004,6.779651633,31.11940234,10.21035585,18.94787916,1.559049078,11.94218326,9.552032706,-18.57090717,1.547459723
3091,9.066629829,7.346740793,6.515768225,9.69919587,1.175830285,10.19226315,12.79989411,,1.216372523,1.501128148,2.701893851,51.1672883,13.53058905,15.79172344,2.292083983
6448,7.437325623,5.513429475,6.249215682,8.862391308,0.958636977,12.21584881,14.87294623,59.43687835,3.565860719,0.109200149,3.131142176,25.77325999,6.516714666,2.783805239,0.997109892
3140,8.774961598,4.348239772,1.323955317,3.040959868,1.391212586,4.137360364,4.854502827,18.375,19.21979068,18.26036866,2.994791667,3.686635945,12.07109737,197.972973,1.863581783
9408,5.858281156,4.254083536,4.290173821,7.06229106,0.75142215,9.67090723,10.69461246,114.1854603,4.048548458,6.017144529,3.116515216,30.43403406,5.787344288,28.30410307,0.56601222
5247,5.14813804,2.148762213,1.224735024,1.813503557,3.444837014,1.000863368,1.845818569,20.02273219,24.11020942,57.76473799,2.051801411,1.467885735,22.75070241,-39.44542657,3.076578383
3352,7.185302451,4.879520066,2.822006696,4.15957944,1.381805195,4.324149994,5.573266271,40.44944538,8.250643935,13.0697018,3.201604777,36.60654079,8.637496028,22.67583136,0.655241025
6676,19.15314075,11.23381866,4.195012922,6.216386114,1.657808502,7.309492212,7.812390864,,0,3.528210138,2.242019808,1.745231698,-1.785653036,242.703119,0.851067526
2804,11.39965739,7.528036708,4.266643243,1.526049904,0.441473864,10.61025167,9.300816258,4.189006986,15.08587844,20.7551876,1.738489677,65.22264777,0.932684932,36.1729013,1.024646992
5930,11.82031636,6.532768731,5.760904303,6.447362085,1.109204319,7.270848747,9.25798642,28.93320236,10.38042365,13.18321446,2.112251143,36.66054657,3.321482205,1.754992054,1.098454296
9471,4.082973437,3.098458484,4.825937014,6.892101341,0.626838421,7.408762658,9.423858826,443.6651187,2.673484402,3.259567241,3.313095693,25.21823132,-3.080288049,-12.86260671,0.600579693
9978,-13.21608614,-1.59832138,-1.071388179,-0.614669573,1.47444405,-0.181214045,-0.127694441,-1.428991847,41.87899527,,0.916233344,,-3.14103853,-381.9399054,1.181620525
7803,19.64940843,9.543979034,6.084838181,8.792927224,1.119005365,9.628910773,9.955271171,44.4745955,23.70935185,47.83128464,2.359835362,14.32573608,21.42679463,462.9411403,1.532972125
9658,8.807510886,5.662398817,6.363672349,7.288583192,0.861087824,8.969201646,10.81865481,61.58780105,6.028366392,12.1066472,2.298516068,11.16401133,13.40158866,12.74709714,0.961026719
9562,6.363915765,4.89394166,6.1524167,8.175926762,1.685149276,10.09230072,11.91416337,469.469914,0.582697582,0.433649882,3.278187211,3.2064674,25.16421615,105.0882463,2.802718593
4828,33.86775146,24.52668839,16.03122217,22.50746261,1.214937778,18.99280932,26.48180431,1463.647261,0.54106514,0,2.849977854,1.457660884,6.586056843,20.35696168,2.640606019
4827,16.19129741,3.085643061,5.147588703,9.080889055,0.544591918,8.656566331,12.60955089,6.324054522,73.40006181,397.7956047,1.09109581,214.0091246,20.02273957,9.777603848,0.89901633
7685,24.59264381,9.594008471,5.237895731,8.989066635,1.982305523,8.640686722,11.28024343,22.22533709,43.74074373,112.122116,2.281627518,9.080331501,67.76459683,91.05829844,3.333604862
7691,-46.88786649,-7.205615789,3.819281761,-3.244192487,1.312885256,-3.122766897,-1.728079994,-8.227585329,57.74535301,428.3161658,1.374096857,23.30730121,-65.48238423,70.90832947,23.48218439
4926,4.186611932,2.777306364,1.541731178,1.934845928,1.015627742,2.500561439,3.670719021,85509.5,0,0,1.852289502,46.53557323,3.999565595,481.6972789,0.891286143
8921,13.51387981,2.520924208,2.972915303,6.200957957,1.015952082,2.901189139,6.225982268,4.233493972,72.70955559,389.7730015,3.273690499,19.59942715,11.84276928,31.45842825,
4966,13.67265443,11.11065702,16.79070225,22.45697192,0.674096237,18.78652845,25.1555866,812.2312139,0.942596086,1.082744799,4.696417497,23.20612156,4.472431486,25.5725984,1.426325034
6171,9.333577081,6.569302758,6.276121051,8.708491707,1.070260644,9.672892296,12.64929679,110.7362855,8.326665271,11.83041412,3.033951512,46.0185783,4.759169894,15.3342179,1.102715858
7808,8.627057617,3.609790435,5.601137594,8.584376105,0.817850631,7.489349447,10.65009396,20.4187751,38.12264152,99.51699277,1.23001504,145.5164159,-2.175763239,-18.37118346,0.768056592
4725,9.284437002,6.089093244,6.465960307,5.103977228,0.932910412,2.134893651,7.02933502,78.24242424,5.458031609,8.32221623,2.083000739,4.839487951,-2.833106045,-23.94698085,0.988079185
4166,-19.59904287,-13.73641941,-16.80251097,-16.2749575,0.808180599,-12.2859064,-11.79850215,-130.8773307,18.62104055,26.56839174,3.963506159,0.529238355,11.63754171,46.76066571,2.493756946
2315,4.059364694,3.410478177,3.21033596,1.365596702,1.545760623,1.253057676,1.443971752,63.57526882,0,0,4.646999567,1.917046091,-7.332703129,-42.87439614,3.57380926
2229,7.867238522,5.057508718,6.471273918,8.988603812,1.055291194,10.69338178,13.4205925,80.98882682,11.45286666,25.3889268,2.402602998,71.05078468,6.447280275,6.756507972,1.419653741
2698,4.234311212,1.349633844,0.512308028,1.760915262,2.777513679,2.660325993,3.219729602,25.55,10.63668825,33.37130922,1.071130186,68.66989462,4.409930439,80.35294118,2.35893227
9284,6.356939102,3.115005227,30.23972655,38.16847634,0.103252431,68.83150289,76.7348635,4.714757662,50.01053232,102.0588684,0.73990746,152.2846064,5.354953734,7.677450273,0.94779852
5819,6.304479422,5.698316876,9.156917519,12.06866157,0.644445241,10.59848149,13.79206331,307.8187476,0,0,8.316084223,11.63138653,5.91033318,13.93292169,0.702834295
4575,-42.34627812,-40.86275381,,,0,,,,0,0,27.66592751,0,,12.08186745,7.752817199
1446,7.104900025,3.349768609,1.416782992,3.034849396,2.232056439,2.992347493,4.907624196,25.09228108,19.42051724,40.17825641,1.285311305,2.624112829,4.811604917,17.10564778,1.332204741
7739,5.130753757,4.422113286,6.228632172,8.600760383,0.7227117,10.08705146,11.24103389,,0.434460392,0.504082357,6.063682182,25.06843372,3.740462566,-13.6276207,1.149083076
7751,9.509486203,5.41239802,7.182518464,9.814577839,0.776902672,12.17841729,14.98940531,62.11293634,15.42220398,27.09653566,1.53575637,37.73629592,2.511208316,1.996385331,1.048335616
8060,10.04100296,7.34533845,6.098714473,8.55973604,1.248463523,8.119900147,10.85306098,819.5633803,0.559683643,0.765081848,2.715408415,21.0214654,3.957676715,9.534297116,1.573889395
8076,6.370150439,2.298095328,1.148914677,1.451966674,1.928969874,1.31600911,1.631388465,13.32494722,36.13169027,91.52114433,1.514743095,18.71733144,0.306426057,-0.704448874,0.827684018
9697,28.40086079,20.53536625,28.56772246,38.78328341,0.609584191,36.33817599,41.57508078,822.225,3.807247701,0,3.772158093,14.82702395,11.28141198,15.23220574,5.173488742
7462,5.126314284,2.694745322,0.893604658,2.361152207,1.139793065,2.221635917,3.040095872,5.459717266,30.20562711,159.3214601,1.389620329,102.8640991,10.68258937,51.50632236,0.901890798
3965,13.60857852,7.770798485,4.147023224,5.475979544,1.562435907,8.028756762,8.367982853,24.82408534,21.2846654,34.67067244,2.390317238,8.026253235,18.46853979,78.44134967,1.169010134
7297,-2.952599151,-2.154622811,-2.139214085,1.938872125,0.756974586,3.762679681,4.42014917,27.142213,7.180764483,8.795521118,6.933733774,3.212987015,-2.709738685,37.10448876,0.574180826
2425,7.905540706,5.610398337,3.792491673,5.282443658,2.47268945,5.936405448,6.847804805,104193,1.634092361,0.759350869,3.698594825,10.65550667,2.333917973,0.518835524,1.05460355
2373,11.9783987,1.650690963,0.79773601,1.629927239,1.481095536,3.880939227,4.496928267,1.608981021,57.78753579,455.582903,1.053413582,259.4472461,6.08279867,,1.060833381
4834,-6.189051942,-3.065709129,1.748127264,2.13645693,1.859824962,3.40191301,2.547884271,18.58408281,21.43527761,64.91029037,1.316195423,8.565706163,-28.07803236,-58.37650269,0.953224652
6198,-6.052989905,-2.590042241,-1.005302525,-0.06104084,3.436150584,-0.087359973,0.29954669,-1.078934911,21.34758917,49.30388517,1.687906784,29.63451722,-10.61427713,-102.1258884,1.152550284
2410,23.83923056,14.26316624,5.90342672,8.48859999,2.617945641,8.809956745,11.23208923,,0,0,2.004855615,5.487470122,5.138991214,10.46457338,1.908236324
6070,18.55098305,13.82594868,4.528805521,6.667342118,1.966381505,6.440111202,7.228609609,428.2796947,3.466900488,4.387571246,4.201274512,2.212820053,-7.749356726,-17.86912,1.527834586
4275,8.965020411,6.33818758,6.96212819,8.254320854,0.682593983,10.7709812,12.88129165,70.86046512,2.412661284,8.788921796,2.305586311,51.98110942,0.921344014,-9.126155681,0.763320591
4572,-702.2479359,-176.5928136,-375.0010793,-358.3363987,0.289400947,-355.3182157,-358.3363987,-39.90177301,58.10500241,231.0632986,6.994270245,0,-8.98693093,0.054525207,6.289639461
7196,1.871071275,0.813424204,0.967940457,0.218441496,0.823842427,-1.101459489,4.330096934,8.992898644,4.056815754,9.331651783,1.021269512,1.335656707,4.8897386,-98.18762328,0.991941105
6952,8.77620205,5.79205413,3.080719904,5.438632014,0.768135059,4.557662259,9.579495486,30.48394004,14.71336735,19.3479413,3.841554973,24.80034357,-2.630306367,0.197072072,1.179806206
9331,-19.22382913,-7.28930042,-8.571249849,-8.347215172,2.120466175,-7.130292108,-7.002723768,-54.69594402,24.71564977,64.17826772,1.479878149,2.117982142,3.330467127,-149.1889571,1.533883139
6695,5.394950271,3.342272263,2.205199262,3.398358049,1.545796767,1.944452064,4.443729613,41.40952059,14.61989532,23.59879806,3.942996137,9.346045888,3.257144476,-60.67540012,
9215,17.10470206,6.668504425,2.441574928,2.652383826,3.094115109,4.32017772,3.920306745,21.67602041,30.16826855,77.3815555,1.855102234,0.060866935,9.147549529,554.2864476,3.183603881
3760,-66.62464129,-31.28748235,1.764516052,7.346628529,1.012044748,5.809091115,10.07865472,19.09253609,9.403671491,30.6490188,2.909562781,3.262404531,13.8090955,-49.26494979,0.979085183
2664,3.813477843,2.171111233,1.696917475,2.573519193,1.445603285,3.59813214,4.13493343,205.75,8.259976015,12.93418407,1.48660817,80.23861551,0.649041824,-1.842035516,0.742410381
7381,6.819639657,0.226166771,9.300700902,13.82679005,0.014370967,-6.413486646,,,18.5475992,545.0009433,0.395680169,21.26638996,-1.657881696,-13.44899276,0.986295613
2169,5.13269255,4.305581352,5.170734039,7.744664866,0.802381756,3.999846838,9.581876007,68.364,2.546938905,3.036211204,4.425241586,28.20581734,-15.86900203,-54.56949875,1.329385272
4320,20.86901971,13.5625028,9.84019657,8.916586345,1.316471813,10.16373619,12.58620275,111.1581227,11.49128998,16.3567566,3.17880553,20.43139125,8.773958183,22.93560324,1.306860441
2435,34.94949495,2.594610808,2.495933591,5.008693701,0.884089951,5.031129059,9.09192888,2.73088685,72.34414838,934.8148148,0.711104238,849.8989899,4.2997543,16.27604167,1.057410552
5078,5.689680572,4.670657811,5.920285263,8.436616555,0.975032546,4.605576205,9.107893225,2516.502494,0,0.322251348,5.26980943,8.97950932,3.546042039,23.22269818,0.7701679
7776,-87.04805575,-66.67920814,-1319.463897,-1250.182844,0.040929105,-1252.607615,-1250.182844,-537.8550129,8.027104068,10.47918567,6.131782571,0,-56.70566079,-23.60056618,5.795770012
4880,1.491500668,1.261678906,0.28719195,4.491742457,0.51976165,8.458030611,9.996834126,126.8713851,0.797418859,0.507842507,12.39186025,16.4331493,-14.77838553,29.07269335,1.561234175
7367,24.36750178,9.38881722,6.751951613,13.13129067,1.341350707,14.03983388,16.89752794,50.96737326,37.46888165,91.09838038,1.471105643,5.014410269,9.061263138,3.500381837,1.621248099
3663,38.78856875,21.2521175,17.7487991,31.3341156,1.179022163,27.22655786,38.58951324,,0,0,2.164637001,3.460833306,32.59643743,4.182128305,6.700327534
8117,16.94723181,14.86770093,20.89090384,26.56532536,0.687594245,19.99955244,28.12948429,,0,0,4.852604538,17.18607918,5.662224132,8.590966086,1.591933086
7675,7.04136225,1.910559588,0.668742829,0.831284489,2.920850738,0.890564388,1.03753483,338.1111111,0.503394989,1.855260887,1.169740216,25.89023759,5.167292013,8.022719205,0.904176017
3238,6.962414818,1.570828355,1.6104085,4.03290201,0.752381461,1.342185174,4.558996763,2.473467848,67.53365498,344.3474711,2.109064951,113.4327047,-3.263422758,-27.03444026,0.870590741
4044,3.910801179,2.180194379,3.937379102,7.368632698,0.673326813,13.25286169,13.53088406,36.14965986,20.31950713,31.02340484,2.339898167,52.13145089,-10.04496723,-25.47507187,0.805899783
9022,11.75499985,5.23854429,25.0251795,38.36537658,0.180787093,38.045863,49.72232943,8.894450421,46.63456467,104.57075,2.483459301,131.6973283,7.100064488,15.7088949,0.820772125
3488,6.611981716,3.557450231,40.45837072,45.77351807,0.088264174,49.40711048,54.63912745,8.508631781,40.7813887,75.79748949,0.731810615,2.077500981,28.27262069,6.2226645,1.071779629
9740,6.057861553,3.489954172,3.179339086,5.714177699,1.153411445,7.429566697,9.480776923,62.28218863,7.571407996,13.14244805,1.826536489,38.0893729,10.26012133,3.883523836,0.983216416
4801,4.400154799,2.762860545,2.916621955,4.180706084,1.125741414,5.612190149,7.749758558,3.857425743,12.02585474,16.64086687,1.064935065,76.94272446,2.679653584,-26.60135644,1.020359638
8898,11.74928617,9.686435715,19.82988135,26.48938476,0.512395454,28.06023363,32.90158533,,0,0,5.641228698,1.783626465,5.059445827,14.4839411,1.617719233
3696,18.77712098,6.658605507,8.419483606,7.869173769,0.840346196,5.469602516,9.532068737,35.2391068,25.22303287,71.12839756,1.262482262,5.750372102,7.051951036,4.754892544,1.22547415
9625,-1.456735579,-1.022111293,-5.597184247,5.86325553,1.084421946,-3.298405914,6.267260977,165.6032238,4.327465883,9.5509308,3.660556785,38.94092257,52.55460561,,0.768141632
6633,7.851326446,3.601517971,5.298036241,6.88261986,0.740833997,8.391171726,8.745879523,416.1419903,0,0,2.224867049,12.43680687,26.85051962,116.3440548,0.991585914
3962,14.91976536,5.873652066,16.23946364,27.21883286,0.467097645,20.65449372,32.36467114,38.6116208,32.89245157,73.67770398,2.128187604,6.784796626,25.31946508,31.47974591,1.357265404
9885,-21.40992167,-18.7204898,-8.763422238,-8.321787322,0.567887878,-4.719431936,-4.173882923,,0.067451876,6.479943033,7.708884688,13.49988132,-12.30255164,-272.2222222,0.435708791
6062,16.01218687,6.317014538,6.290574851,8.238167677,0.935771355,5.283568659,10.80710475,37.69607843,25.66489869,62.32711094,0.928886439,79.75626269,-2.416943695,-28.62446631,1.413176458
4960,2.681184797,0.95913227,1.31890916,4.142571571,0.715598711,5.378192261,8.01713304,5.554101258,41.54106485,108.3433059,1.339665062,98.56196744,5.139269504,-16.61128535,0.994674331
5581,,,,,,,,,,,,,,,
9012,4.595289073,1.360535523,2.190721723,5.779918804,0.31639696,8.760991655,9.582273028,5.490125835,33.02180923,114.0441434,0.50910343,293.4144876,7.395036012,2902.865301,0.881904451
3933,19.00160168,5.48713301,6.14508445,9.82962091,0.816131141,10.84557078,13.63448859,29.08942287,24.88884191,91.16662933,1.473686118,52.27704824,49.22705596,14.35663439,1.145076307
2164,-4.625302151,-1.311660161,1.310817063,1.449173335,1.775589406,2.328336588,2.569437375,8.78151422,44.06842131,156.3627373,1.443602886,162.4818403,5.92027059,33.20605124,1.887389184
3561,17.82849847,10.13655139,5.14549359,8.224410095,1.889028477,9.050708436,11.07607509,78.27189415,13.91594564,22.0829551,2.021339812,54.80600995,7.518599185,-14.76440524,2.648430454
3178,16.52788569,5.979393769,4.105526784,3.523070683,1.512420632,6.788110216,6.575167963,14.1812641,35.86605765,88.5877849,1.320187662,24.96698515,1.920109184,-28.99300711,2.0318673
6850,8.84975885,5.150271415,6.791912442,9.819632446,0.789528232,10.51859934,12.94623069,125.2173913,6.905865219,19.62871963,2.903940362,28.06897807,6.942570647,32.4137931,0.78471282
4583,-87.5867152,-56.89011429,-165.6490081,-165.142679,0.282764042,-165.1942558,-164.5122958,-310.5467512,15.14902426,23.32309031,4.125793243,3.238674443,-24.01598855,4.956400862,4.589682951
8185,0.474341526,0.333727611,0.291237082,1.339444806,1.084361592,2.258623444,2.248792656,83.84615385,0.913878563,1.298935233,2.798792239,11.82251221,-11.3878151,-50.25102693,0.827004788
6366,355.3868219,18.27370649,5.905652243,5.344345021,1.0292083,8.216312266,6.167157947,33.13704206,5.411965278,,1.067743345,,-9.686529731,,1.134186672
6915,6.513752358,5.215559222,6.897639451,7.780873771,0.748732988,9.521055675,12.22333211,29.01960784,3.066923734,3.830304836,4.22091963,30.34951842,-7.69641384,-23.07692308,0.787420144
2993,17.96654324,3.155326446,20.63880364,17.97588902,0.154567018,22.44329412,33.80046213,3.027916354,71.97513371,427.2023002,2.99805987,452.476658,6.931796397,-1.278460563,0.961061215
5946,1.578427671,1.468164996,4.675168276,3.683791746,0.319225911,6.94393669,7.057912733,244.7142857,0,0,3.485662881,16.78767461,0.819547731,-1.946193475,0.533000654
8014,11.01522677,6.938169172,3.741983527,4.93249793,2.15285427,3.757069582,5.284291886,121,1.137079329,1.344433697,2.404581059,1.946548707,1.250247807,2.167409082,0.87733285
3075,11.47574613,8.280349004,4.254558431,6.656657989,2.058991159,9.058368827,9.163838522,538.251452,2.070584756,2.869626026,2.148099343,34.01019174,7.770782934,18.54156339,1.942302673
9502,8.523486609,3.333547608,5.507634564,6.582927118,0.515579766,8.515673844,11.24005719,10.12376881,43.46339244,117.2462538,0.910527012,125.1294444,1.629176045,-29.68262378,0.770827921
2053,7.195194304,4.775452344,1.667961322,2.040631538,2.043143822,3.025205278,3.45649242,99.58139535,9.726132583,12.69801246,2.831942126,38.20676357,-10.41297545,8.873633359,0.727151663
5461,-0.183318057,-0.16318808,3.392951594,5.299038141,0.573197914,4.121691774,9.303191177,300.5555556,0.036658192,0.196601974,6.175129259,32.59076236,-24.69277864,-74.0552465,0.776723458
8145,3.373612166,2.757839658,0.898894805,0.898176651,2.224050141,0.954559897,1.082263447,,0,0,4.853629678,19.6252774,1.700578691,-4.296509285,0.460555632
9402,2.616423747,2.072492172,3.997477174,4.646203748,0.37927519,9.409538683,10.03724171,,0.011263544,0,3.879231935,46.8140775,2.056704981,11.8582791,0.38709221
2139,8.373820301,3.342062874,1.444774455,2.733561693,2.208923224,2.549603017,3.641187049,43.30360637,24.25184874,62.79463135,1.536724348,37.28841039,10.70038901,1.877435585,1.159826025
1941,7.578131551,5.842123171,8.966356446,9.779390225,0.772523597,10.05430741,11.70606395,,0.163320857,2.218269608,2.558840934,17.91078372,10.3768188,81.61198527,0.825781406
3877,0.54670745,0.25353192,1.585457035,4.363610158,0.880202985,8.429046294,9.91721392,16.87804878,30.32111326,61.49140386,1.048154617,89.4666526,2.951978187,-21.54195011,0.688991893
1491,17.02340499,8.41955107,0.750696825,0.873320126,11.31401551,0.850188547,0.946525263,69.37383178,16.75889533,45.50697197,1.891423345,34.2967309,42.71024218,289.7412708,1.742335346
4519,21.42494664,17.58133675,34.50177711,47.05363765,0.537930129,37.29125611,49.64000696,1366.990762,1.041483111,1.269170848,4.234627576,23.66951798,7.460206678,8.825038104,5.674675965
1964,15.26704084,8.874343401,8.271029327,7.550969735,0.742774004,6.623996469,9.073854388,47.18965517,11.29965529,17.91097462,2.36210858,17.83684564,23.78171635,85.05747126,0.968755269
5832,7.122127862,0.349714673,13.51102443,15.56373092,0.018620337,21.3844934,,,17.08772815,350.2548095,0.201132619,7.801927112,16.5608496,26.51933702,0.977947361
9504,12.71074929,2.04144126,6.439500451,8.445427663,0.358188014,13.55294013,15.95495214,8.919129834,71.64202854,466.3677415,1.095404664,448.1381133,-6.112961502,-37.59259707,0.909964183
4617,14.16343437,8.17187813,10.46266927,11.72837624,0.94632749,11.66432841,13.02305722,30.39920949,14.36001575,25.8248336,2.342288407,29.44859455,12.89272987,26.22681766,1.105489563
5974,7.523685677,3.253273355,2.71617424,2.947338005,1.072643447,4.825543596,5.46124395,40.8,12.27407824,27.32676946,1.472367794,69.9609883,3.832883288,97.10144928,0.662093295
4558,4.092539158,2.014343689,0.715879724,1.681242296,1.227210896,2.330271907,3.233652246,11.98620846,25.47530421,60.7874007,1.670640648,64.89862472,2.972003823,-17.3397156,0.935651224
8030,9.407872148,4.031567683,1.935264373,2.154073995,1.957264567,3.477605369,3.725100399,18.55747126,27.15088283,86.2221806,1.379551494,85.47928957,8.949908422,30.94079481,0.724531578
5607,6.998719276,4.823697945,5.10644657,3.301607955,0.853499681,12.3709028,8.947737096,36.37734519,7.317580602,10.28782667,1.828412549,42.9609029,8.261412469,268.6625823,0.481062432
6846,6.201120471,2.917073948,4.52435075,4.822903453,0.975609338,5.700072036,5.875313494,30.97792958,14.77090427,47.97514477,1.635583989,22.16692331,25.23286878,72.23914393,0.714671121
5992,13.72845963,7.373014129,1.684370573,3.974218415,0.743099476,6.169200039,8.000237333,35.20505171,16.88127021,31.11762892,2.17926711,51.53458809,9.093350374,312.8019952,0.729516199
9319,3.94032656,3.061865323,5.706279878,7.866017611,0.476123442,12.69982411,14.38126882,25.91202537,10.31342922,16.32087905,1.792426965,70.7285001,5.007788064,13.21675455,0.664607305
9476,6.414059794,4.567531097,7.532646905,7.179401989,0.544636359,8.334694645,8.659044961,84.99054889,7.150044571,9.930432354,4.31370351,45.92151406,5.037684585,104.7256712,0.740752037
7170,-1.115085481,-0.447015091,-1.218694377,-6.262848154,0.371356363,-0.434173582,-0.114223219,-3.408168486,45.18892681,112.7244185,0.723837144,134.3881581,-0.018485389,-150.4762502,1.099237178
4378,-12.78001209,-9.70369518,-8.361321122,-6.173424012,1.101752725,-4.024159092,-3.242966886,-2560.431818,0,0,3.685401917,6.606154062,-8.077750712,-278.8834373,1.299212465
5029,11.90134133,6.481595281,4.838206389,5.353162568,2.26027138,4.723196267,6.068407232,29.02851033,11.60236939,19.8361062,1.594478806,1.987922554,31.13686726,,2.890427182
7762,9.335375646,5.749220314,7.534594569,6.486895877,0.7626622,9.054388816,10.77741136,58.23229462,16.84362005,25.21266494,3.506634173,35.80078072,1.29623118,-17.43251928,0.887810664
5757,3.017315603,1.813164703,4.162803338,8.166544106,1.524638211,7.16740736,9.718802954,237.6046512,9.775222765,42.24815842,2.516326286,40.25255907,12.27194817,28.83984868,0.694196129
6407,9.436643447,6.10953824,8.687047817,12.22097999,0.742613658,16.03055888,16.450133,33.96428571,16.97800035,24.70389171,3.288222495,45.82298694,15.77757114,45.03583956,0.992472462
4286,8.021471933,2.548247667,1.612819649,3.706695853,1.665410288,6.140107908,7.53565702,13.25455896,37.03739173,116.587725,1.761793929,38.40441018,1.878607258,173.1165813,1.146251731
7955,5.606249015,3.537602918,1.322439936,1.593236247,1.430968147,5.650565057,5.748267134,41.42,7.936122009,14.43333275,1.994354955,37.37149062,1.566626557,61.41855027,0.630011827
4705,-2.809625488,-2.460749429,-2.477671856,0.060235134,0.54017916,0.306902946,3.008827245,0.766974015,3.832281474,3.611443879,6.803378306,6.813674693,0.045114406,-96.05909208,0.661276717
4240,12.22527697,10.99756712,9.841699748,10.63124548,0.571490197,14.85225962,14.92598314,391.1151079,0.588040828,0.37094912,7.648800524,28.15017657,11.2890835,57.84736437,0.875518015
2185,10.95847139,8.716864383,11.77491762,14.76123622,0.681888281,12.57144416,16.82598713,944.904979,1.134137429,2.969706597,5.390524547,28.32757495,-6.49218976,-9.429867751,1.008838427
6958,2.837749014,1.511377407,3.968120981,3.948222776,0.681687406,9.456883732,10.15122636,6.732142857,29.77918406,52.00348872,1.851867245,96.68823946,5.430174013,7.899255867,0.645588797
4076,13.71592316,10.3249575,6.100649024,7.927750216,1.374418617,6.303447721,8.58378387,2524.259091,0.148768303,0.142897877,5.226964243,1.263173793,5.225907503,-10.42590427,1.086996327
9339,3.108809105,2.20473892,2.821881022,5.907334452,0.792170956,5.617576139,8.323462456,,0,0,2.918488662,2.267106724,-3.865492883,33.25431742,0.989986385
2579,-13.36248197,-7.267575871,-5.679426721,2.889780209,1.189647014,5.975016922,7.326430262,37.37916064,19.16444997,35.23659356,1.248102128,83.9967675,0.12591284,99.97677299,1.207515077
4176,12.62780741,4.816975941,3.261195163,2.721580128,1.290916381,5.876407946,5.032907464,17.4268218,19.35405078,45.97108765,1.529081445,7.414425504,42.83190706,-13.24397655,2.35265545
9346,20.36596551,15.2201128,8.812922902,12.10549789,1.78695596,10.33019528,13.22840145,3958.666667,0.042373894,0,4.263376585,14.48717011,10.88474304,9.644182654,1.67852973
7792,23.77205475,18.2400702,19.19965712,26.16522909,1.137125884,19.9676781,27.15755192,,0.191562035,0.171406899,3.159940182,26.46048043,16.37144472,20.60058872,2.198222528
3908,9.313390777,6.930824835,7.599795694,3.958947972,1.093452403,10.56348738,8.852636624,14.58558733,16.44997877,15.61465035,4.909162569,11.97722399,-11.46843531,,1.087136563
3668,-0.262569994,-0.238969132,-1.179963753,3.867658967,0.333442625,7.249450507,4.773840281,125.375,1.318951176,0.290132591,11.38749114,2.173093104,-0.161693936,,0.903803512
7616,3.431909927,0.852267268,0.464043157,3.457102944,0.932398704,11.50968212,12.54551264,2.785094283,52.32331708,294.4640773,1.019781181,124.0433663,11.55153263,6.806703398,1.305311662
4175,1.339624832,1.063973661,1.03549807,-2.052335437,1.070509344,-1.023147818,-1.349297019,-28.39495467,3.719963268,4.683720425,3.11069188,3.974295892,7.98700175,71.34133364,1.672420049
3282,6.066943993,2.750537081,36.51782737,43.05661163,0.074137216,50.93214901,55.99519886,6.477532095,52.63386235,116.4296416,0.506182731,12.21661694,13.24536883,7.880052473,1.195588882
3173,2.275923795,0.689121177,0.122813423,1.842201348,1.360565416,2.240515153,2.894413649,9.406779661,40.72783585,138.2048331,1.672978372,19.76729319,5.177349532,-26.29482072,0.932677467
4496,9.178686715,6.671367775,2.479967184,17.28560927,1.004408359,14.7087102,20.78679993,3432.322581,2.034266238,2.442399875,2.790480737,5.149422463,3.824246418,-0.868163658,2.007571937
3739,10.35775295,3.894203934,-5.449191778,5.035871405,1.285498303,5.677962251,7.308768331,8.362301267,21.37499736,70.50399363,1.55975227,0.637133821,17.68186048,245.7660167,1.954954696
2224,3.623387749,1.559753908,0.599588031,0.930712834,1.413294642,5.200418606,5.38206124,5.823068802,34.61493971,78.84408772,0.785256733,137.1331045,-2.715270981,-19.26787914,2.843135685
9692,12.20806047,8.36039222,7.894417292,11.13961325,1.147310311,8.85219028,12.37060199,1834.75,0.625301398,0.913081238,2.655747126,16.08102716,17.21107316,9.570020902,1.419859214
4826,12.37185656,9.564958463,5.560496734,8.011920985,1.440080206,6.160884298,9.0246835,450.4054336,3.448404968,4.617631298,3.409366349,2.258245423,4.532867934,11.04487363,1.672684466
4491,12.34003615,8.46258948,5.03497199,6.505841783,1.571578308,5.473759017,6.818933885,,0,0,4.450571038,2.027968395,9.847339014,20.38128866,0.996689111
2452,-5.077149327,-3.120527692,5.497794845,7.679752262,1.232443269,7.383775203,10.04337643,35.45548387,22.48142927,50.24160228,3.100308669,15.98543383,-0.732166786,-15.73491981,
1721,8.8373767,6.141774591,4.893505209,7.374506004,1.16586572,7.680055188,9.301515869,1618.785714,0.782242973,8.114636097,2.376149117,39.20527859,7.606103791,15.85512358,0.986485202
3844,17.29478016,12.42366486,8.695412895,12.74593434,1.477066271,11.10866514,14.13830109,4632,0.777937687,1.082954299,3.162822458,4.651288716,6.306859734,0.673766572,2.325712618
9895,-1.909726142,-1.265631788,-2.022549011,-0.024666653,0.839222989,1.203285948,1.427655377,-0.464181287,12.19571425,21.53755394,1.95502297,55.29552874,-0.793226199,-105.4857242,0.500098415
6574,179.0987418,98.67056336,2.401960376,4.446950151,1.051186842,12.05926798,13.00652996,17.93280239,22.28528843,201.8349403,1.631652093,25.25845259,25.18201129,,3.019228833
6265,4.146597135,3.882524199,12.54431249,14.48475428,0.310568586,21.07592009,24.30153126,,0,0,17.58025292,30.40138064,7.106812925,-2.9042065,0.620441873
6558,-36.84244546,-11.18511279,-14.14655137,-13.07652457,0.771008313,-6.750572242,-7.294150054,-13.75535944,56.44622599,185.9272268,2.428635206,44.89951986,-12.69603273,-500.4206763,1.158748078
2193,5.748757533,5.187749054,13.89306904,4.51900067,0.361208185,18.19703178,9.539975112,9.050776852,4.553851454,5.046309599,20.26186336,5.820338262,-9.187202668,-64.05471228,0.836191334
7689,-38.04651333,-31.08892262,-21.33081647,-13.73290994,1.406195571,-11.25392184,-11.2364779,,0,18.94678928,5.866703437,0,-6.944955173,24.08377104,1.440367357
7059,23.62703912,15.13876663,6.066244028,9.208547707,2.371769592,8.414307819,10.74537017,7593.285714,0,29.762089,2.434674823,7.120651223,24.55334525,28.06361397,2.722761774
4371,29.69172844,17.51301048,7.193107154,10.54520305,2.517801069,9.688583353,11.63828654,802.0677596,2.824884122,4.789336039,1.952152605,4.701495134,8.929735451,9.679084179,2.671287815
2359,15.5914586,11.48525539,9.11551229,12.90881975,1.003079456,10.43794737,13.78802436,226.6891776,6.234063052,9.608780079,2.732886729,28.35558495,2.502666618,1.110557782,1.281819157
5909,0.959597284,0.716060493,1.294388246,1.577205623,0.829252627,3.186096181,3.456004882,,0,0,2.315279186,22.12972916,3.861248568,-0.884955752,0.517212953
6578,-11.77344119,-4.33050806,0.30834622,3.411938119,2.430868617,3.678076899,4.62375546,42.89329446,26.92958058,69.98190847,1.598311262,1.019368745,64.2151556,84.25354629,1.451431942
6905,-1.137835782,-1.053016072,-0.420142037,2.321619283,0.471586932,-0.294177052,7.960035569,50.65424631,0.466993152,0.471021529,16.8712556,13.01830434,-34.71392045,-90.9142567,0.805411021
3386,3.58476475,2.653609224,3.120936281,3.176667286,0.883001845,5.359464982,4.727846926,,0.173748223,0.23471674,5.232770745,9.196628614,7.263126432,7.210031348,0.797885554
5021,8.434239709,2.287020572,2.059717559,4.580479559,1.281677546,5.589641518,6.623018221,24.46604349,32.35696848,103.2524885,1.14135161,149.0080936,2.578318197,-14.04146085,0.917412889
8844,11.16315854,3.107623698,4.108764128,7.298035946,0.739135769,4.135785313,7.561299487,6.496907216,57.78825256,249.3896257,2.456921515,3.236403455,3.965068867,26.93702162,0.928494083
3349,12.18932429,5.975767893,3.062913416,3.994898111,2.018442367,5.514193338,6.192764413,159.0708661,9.512520684,19.71351223,0.750507522,128.610713,4.808448594,28.25852327,1.842650265
4923,12.55844331,9.405399966,13.912318,19.53721056,0.628093887,17.18653418,23.49355022,,0,0,3.889731156,44.01621361,2.624115641,-4.68059932,2.869298522
3359,10.41701656,4.491434121,3.196355246,5.647650606,1.639370586,6.015175264,7.666385508,13.81930255,38.63441079,85.84978332,1.778182225,31.40407668,52.76809789,61.63534122,1.117228759
5253,33.6873783,17.13076877,12.80846063,18.43736319,1.548956976,15.3222276,20.64468561,,0,0,1.511898466,24.30518676,43.87389777,44.49259661,5.213379594
9876,10.13862406,7.162983892,7.147119357,8.855251703,1.050091085,7.9672077,9.482031167,,,,2.806395963,1.76530223,-2.26703307,4.819038709,0.756293318
6573,-60.81656652,-39.0942035,-47.34120068,-51.66378629,0.896167584,-35.94898796,-50.64680424,-114.4363341,19.76684592,30.75012641,2.522635852,0.680628888,19.91192503,6.544532093,3.868755993
3487,5.399468328,2.833853984,41.12679968,48.38184096,0.06827391,67.91553817,62.5730901,6.682449159,44.60269271,84.98349878,0.355459305,0.037361915,11.10727664,6.21535067,1.134880194
2998,35.1994539,3.506705913,3.231185361,4.70611172,0.943152138,3.772948493,4.802696306,20.92845067,8.993461267,151.9235652,1.103396855,18.00023702,98.73394757,100.7627577,1.371964146
3024,9.532458973,2.915038031,1.330954206,2.104199844,2.121549809,1.908599795,2.420406974,45.57822686,6.426494234,36.9104943,1.28120991,44.4897346,1.922888211,86.00028538,0.9209112
5187,4.370070855,3.5432859,5.24127632,7.380785737,0.677643185,10.01285032,11.56951674,126.8883979,4.029055844,4.969189621,7.027381828,28.83577907,4.506711346,45.14735211,0.61670502
3387,10.68792981,3.349347386,2.827457404,5.744972771,1.195280978,14.38086661,15.67794305,11.52121212,46.56509318,148.5914688,0.75669093,144.9381983,5.816928253,-6.959671104,2.878764125
3148,11.70473655,7.061603561,3.431467994,4.949539809,2.017883552,5.130684565,6.191081465,,0,1.167320628,1.323298058,60.49887892,8.231240973,11.85049686,1.260994961
8253,8.162788127,1.233167128,13.4890855,32.05643646,0.109300605,19.86855872,38.62931323,4.181075234,72.88151958,511.5643395,3.508576957,6.270707036,16.02912544,23.81165356,0.95844727
4763,21.31545564,8.707204289,6.638272658,8.008142433,1.661885918,6.698316045,9.305311218,29.47709409,24.66657611,60.38440024,1.337161695,13.16938386,22.11429113,35.8945131,1.256978402
4017,3.526029549,1.157737158,4.109161199,4.113588788,0.720936288,4.083792313,5.658258769,21.00794459,9.668284453,41.10369121,1.481916633,1.745465138,-0.078040117,148.8790212,1.204179462
9698,10.64903191,7.800639233,4.793058329,7.788719785,1.445594823,8.429171545,9.503477722,,0,0,3.557555463,3.40878102,1.18458644,4.143646409,1.130543098
4674,16.42644936,11.68051186,7.49748573,10.18339468,1.415044763,7.659846245,11.25047549,532.226541,3.970726224,4.773857614,3.171435725,3.27455451,11.38205042,16.8309944,1.418427823
7812,10.64841297,4.761575955,3.922074872,7.020381042,1.000454745,8.448296476,11.48526117,9.067325344,33.90953424,86.31797839,1.93401101,80.71943081,-1.477744205,11.67074388,0.776064384
7041,3.683189484,1.187081707,0.933747661,1.70152876,1.471647912,0.054530479,3.18975285,4.148204237,49.65583094,143.7827838,0.97955291,55.8784215,-3.919880801,209.9934538,0.890493545
3698,8.511261605,5.910304985,12.19951824,16.0756275,0.615817238,16.68030994,19.81133142,,17.12377441,0,3.158394072,3.508695788,8.881486825,50.50005429,1.565438909
2138,-4.026285495,-1.254628911,-3.737381047,-7.227489913,0.501345465,-13.37793092,-5.351020167,-5.235567352,57.94383276,213.4063025,2.803617219,2.342249373,-0.551590734,-736.3376926,0.870119703
9428,10.23126583,3.439088037,1.611226611,3.886759356,1.756776808,3.326403326,4.806068087,159.5333333,7.875291856,20.9691918,1.796146304,27.72738416,12.99576046,13.25130147,0.857546126
2307,24.27153635,13.49743844,8.13079507,11.34136883,1.620062493,9.150776793,12.59532072,343.9535581,14.29348358,16.17275064,2.205052815,6.082408433,8.459155097,20.68490387,1.829350277
3675,16.34567617,7.946688242,4.692726882,8.730961291,1.746792014,7.472328308,10.83525118,32.97629006,25.87624743,46.02190241,2.375816458,2.607881791,10.35749432,36.81117894,1.362432775
3320,9.032556229,5.926949255,2.938915993,2.330749181,2.08776336,2.825302413,2.771837198,63.40909091,10.21969135,15.5746123,2.810569352,19.70832905,-3.470743823,35.30552861,0.68816543
7810,1.603605927,0.572836358,0.588008439,1.475863123,0.731259886,3.78182606,4.545308162,1.475572113,59.05016796,210.2529717,2.052078394,66.90469299,10.05503251,,1.161796027
3900,-6.385471588,-2.683529637,-1.134577897,7.763962285,1.550397716,7.430256932,10.46933734,32.86955791,24.93267069,57.23972235,2.053648673,0.301980197,32.3949302,31.21627962,1.494204341
9258,-5.687508204,-3.849723633,-3.214845307,-2.396215631,1.030227354,3.605003003,2.51619156,-48.27313054,8.73799213,12.19215706,2.752614183,5.285207616,16.6305533,-1530.807108,1.140817573
2304,19.83042339,9.699058703,3.010609514,3.679998531,3.18400169,2.530409256,4.092315252,64.06427998,4.971376425,18.19132744,1.37675743,44.44754424,10.59582851,20.40666681,1.296863247
9621,8.946339997,6.177862659,5.890852946,9.043132287,1.098012367,9.025317207,11.38680496,88.70873786,5.669268455,8.209830152,2.752685805,20.36524876,3.439873871,-2.766840481,1.157162027
4345,20.3154133,15.31030445,18.52635141,26.03840623,0.69967446,27.04508925,34.51484646,69.95454545,10.6030445,9.703231821,2.926034267,28.22405221,6.591523895,7.397069086,2.113568833
7112,0.8620293,0.751485849,0.716492655,1.219807824,1.029124858,2.571515104,3.980978515,,0,0,8.040733238,10.13267241,-0.004379323,-64.27285264,0.920003874
2335,13.18741953,9.981901712,6.871560133,7.569069805,1.317668272,5.389352079,7.879679581,1389,1.601002367,2.115137024,4.108085463,2.207099503,1.828755895,-9.576258332,1.288761734
9158,6.041512231,2.105275518,6.65561295,10.1885509,0.63570333,10.79012818,17.17364964,9.398039216,51.12778424,179.1832334,1.526104418,128.8193274,42.44663134,28.94807641,1.116648513
4894,-13.83413155,-13.3168246,-367.7646186,-336.8973488,0.029381168,-298.7226392,-293.125767,,0,0,28.90401827,9.311948268,658.3975413,-0.301451009,11.75052143
7690,21.82509513,9.193741923,2.161349131,3.351840495,4.052663276,3.11738615,3.542030207,30.81180745,26.79457409,63.60784689,1.706388605,34.93338202,-16.94745974,76.55036743,
7085,21.94444444,11.28427496,11.45450673,16.88494916,0.932391618,16.23808763,22.85311186,103.9836066,13.70743528,21.59722222,1.477250895,2.986111111,5.923108215,16.2105149,2.437059716
2687,-36.46681091,-10.99170879,-14.42497833,1.645775463,0.730455392,2.522547946,5.559962288,1.8426944,55.18880815,183.0979941,0.859750321,176.3691582,1.010895098,-69.18151507,0.939920124
4493,18.58875686,14.06522792,16.16430775,21.68687968,1.14614732,18.51275538,24.15028051,263.9320249,4.731642455,6.253389682,3.85988934,1.290058184,31.80495571,42.5418464,3.387677353
4751,21.25613592,7.010348875,3.623216594,8.180954887,1.622210529,7.483724815,9.321762411,167.0654206,17.057337,51.19834126,2.194796137,17.73838937,8.846121276,73.36404413,2.120596171
7069,54.8802626,13.24325616,5.412426358,4.90192064,2.415650726,4.378555871,6.965791279,17.58104914,38.99574414,121.6003083,1.437005746,19.36516585,-4.436210058,,1.851589804
7779,-0.007580543,-0.006179579,-13.16149635,-34.12408759,0.088973677,-4.447992701,-20.62043796,-4.937293729,0.893979031,1.096651927,15.44516129,35.12571068,0.689021589,13.82488479,0.945515373
3683,14.25133982,8.246313524,7.184605205,10.1786502,1.235464423,13.97772386,16.88906043,71,22.62515031,39.10095155,1.632979749,41.0368588,14.27851292,46.97452229,1.367531577
3810,-308.974359,-156.6388115,-67.69169329,-73.00319489,1.604099936,-75.23961661,-71.72523962,-609.3333333,11.14206128,0,1.426944972,0,-16.14199598,-22.35609103,5.407672186
4498,14.50374357,9.961364355,13.02981966,19.09943474,0.826812707,22.11068018,26.9533328,2108.882789,0.680279283,0,2.937517308,11.275112,15.08528284,27.94614583,2.25375319
4776,39.75856261,22.95597484,18.91798023,26.98637457,1.425877602,28.41838098,34.29601924,,0.1134669,0.19651881,1.603435461,27.31611454,26.13310868,106.4377682,4.642615997
4892,-27.69928638,-17.9052589,-330.6693968,-358.5205997,0.059352055,-269.3600405,-343.1551652,-57.9997899,30.754618,47.57713788,4.542936253,5.624002086,324.2717555,7.582923052,1.682915435
4256,6.289311022,4.286955549,5.007640808,10.57800206,0.457162748,18.39063382,25.46733861,23.07572513,23.71852916,30.05726906,2.994018182,4.383589907,14.81562688,46.64167795,1.550692846
4421,13.78503659,7.255633268,3.547411984,4.942361772,2.407537746,4.415543493,5.887345175,1243.853659,0,12.22570859,1.865735119,12.49889205,5.735725682,3.682168291,1.398275265
4576,-44.03409665,-29.1356701,-163.0687271,-159.916929,0.201943002,-137.8231257,-147.6577576,-70.31990925,27.89531593,42.15949156,9.908113517,0.642377402,-17.80397812,48.73947078,2.738997795
7912,7.043372,4.17146808,7.593462993,6.422367041,0.752612066,10.32670627,10.1500471,95.1351626,9.44537547,22.08702221,1.892450319,35.72617111,2.301129545,24.07125154,0.868880495
4611,11.88331517,5.807535397,13.0145771,6.303871137,0.617214699,7.802954035,9.729558274,56.43209877,9.165766739,23.25256648,1.338664514,70.64925499,0.793716986,-6.676194365,0.677704956
1980,22.92281816,11.22273459,6.639465311,8.768631153,1.378237309,7.194403422,9.185786277,95.99166667,10.79728444,3.222762101,1.644658436,7.430386844,33.07535291,111.7852546,1.228266524
4202,11.42853174,5.055226454,8.436212238,10.40200774,0.709656382,14.88003192,17.45585485,30.76701967,35.15668486,88.31006848,1.880771845,88.73314166,5.102534513,-2.214992066,0.961864706
7245,5.096837157,1.885525995,1.995554023,5.203113651,0.708021557,10.40475998,12.77154575,4.290381125,33.45588235,93.79664884,1.534911259,83.42428283,5.876275847,16.52974039,0.700950003
6743,5.325637912,2.78265554,7.038959101,5.259158073,0.475284285,10.17583856,7.338920747,18.22507393,13.66184057,29.69922226,2.349749914,45.7496134,5.513704708,-11.10998847,0.552260069
5471,6.26889801,3.437023452,4.924644966,7.453408587,0.731618087,8.060075312,12.71739036,39.38694853,22.58644604,41.76361239,2.287947372,56.10140748,-0.625514204,10.23846886,0.713495036
3205,-24.92854049,-7.696216072,-8.675591597,-0.223705827,0.730968228,2.799818239,3.802999056,-0.222222222,37.55047466,119.6795149,1.415781923,95.44391511,-0.306652263,85.52036199,1.301528229
9336,14.54666964,7.416240772,17.91513882,26.68562449,0.448296203,25.98468408,35.1330789,63.48961424,35.98117952,125.2797844,2.3968194,99.12166248,9.78024235,9.369728569,2.005111815
2974,6.951551438,1.297280924,1.635504797,3.339568956,0.878867669,2.602564763,4.113492681,2.483222855,63.66449604,379.3482702,1.508228927,42.84454356,5.378905096,44.86529792,0.887252697
6383,17.29520958,10.1618299,11.81976135,15.21876003,,14.71961061,16.70546249,1436.485714,8.866357936,15.09034497,2.569614403,23.93504995,,,2.770295324
6023,11.57792222,5.285960976,6.439440871,8.581791149,0.896157596,10.07197486,11.94287066,57.28571429,14.83626136,31.17568455,2.004066578,58.63474736,8.566446723,47.11717722,0.992763128
6622,9.882057064,4.711370825,5.283710657,7.144781888,0.797890151,8.749641082,10.04483711,17.89159292,23.75462558,57.41334952,2.22771058,38.31772324,20.04762132,6.787270566,0.993188791
1822,5.794123403,2.766247114,2.574026807,3.820940904,0.910660701,4.556676012,4.550399598,58.28723404,4.616195726,31.24213705,1.880114624,23.54273253,-12.14787222,1073.233405,0.927787425
7643,5.933600599,3.65296072,1.655538942,2.21193221,2.159930889,3.035319533,3.901909675,23.04139595,4.383870446,7.650170055,1.748193575,79.50554606,12.91636824,-31.66535507,1.045951668
1716,8.88885607,7.628991646,6.563793065,8.1439684,0.912762307,8.485154023,12.34333921,964.5251756,1.479416572,1.507074768,6.533596858,31.20290944,-3.297384649,-32.91106713,0.774119041
8059,12.42258606,5.782124372,3.987283263,5.908773196,1.214536871,4.902707943,6.47561498,311.9761905,1.508405641,8.815786175,1.708192351,4.1910087,18.08669258,44.13155868,0.939416674
1799,7.911053281,6.753313482,9.038285345,12.40206832,0.69658599,13.77987631,15.87082044,,0,0,4.62452403,29.78139124,7.430916106,90.70580725,0.730956902
4082,2.568633139,1.504154184,2.354270087,6.908236973,0.513638342,9.348711394,17.52623287,4.556862745,32.83658152,60.04114033,3.666972898,70.77454574,-4.483248154,-4.085843995,0.664876479
8750,12.86120125,0.641222841,4.881003575,6.884404041,0.128367603,6.021880913,,,5.439749393,81.54117913,1.595386139,36.69474108,-7.947982455,,1.010071526
4568,18.76284329,8.813325004,15.679526,16.36803276,0.545377111,16.72121918,20.00746452,90.78006469,4.510579641,18.51367733,2.532297038,30.70790235,17.76675607,65.97479814,2.423525824
7458,12.2597327,6.840853064,11.88014639,11.72853222,0.727450785,17.44477846,21.7416024,42.22823529,25.60196067,38.48985847,1.876715754,84.72649126,4.275414662,-3.52631296,1.295755795
9035,8.423881831,1.933031808,1.765551634,3.017323721,0.535593987,6.304105209,6.529323641,2.869024857,63.23075139,296.8413315,1.555570394,202.2374859,-1.243161124,-0.989772352,0.907931059
5900,2.162945662,1.748352373,2.559253678,2.225397387,0.704709841,4.806747357,5.56679581,,,,3.570007316,37.65417608,4.925570076,-12.82863993,0.460138689
7775,13.05381449,8.774850799,11.02947124,15.19413616,0.897058902,13.0461717,17.30907108,161.4774669,18.12392167,24.62675893,2.468217135,52.305,2.066990449,4.812905766,1.586789981
5702,1.450703454,0.649131939,0.232825764,1.612768725,1.985568294,2.165146183,2.955686386,2.850825472,41.22477724,105.0856736,1.626528585,35.77215744,14.13326937,4.653679654,0.789455212
4245,4.783150031,1.211691111,0.954036547,2.634465346,1.290366513,2.605492436,4.90469982,8.108280255,46.34915628,182.9632704,0.925809436,134.6026147,3.210303729,21.35367016,0.983079634
6367,9.745805908,5.326238902,5.571113989,8.452055674,0.94917176,10.09518479,13.62877407,9.334650244,19.22495664,33.79037702,1.849362981,45.60077477,8.122690582,2.431038132,1.362165074
7673,11.016928,5.266977689,3.756985825,5.391068618,1.292245794,4.493423933,5.696817132,349.3605726,4.201058372,8.237808878,1.60840248,36.19332519,26.16718179,32.2540656,0.946208755
8023,12.01725311,5.553248264,3.942936959,5.645985891,1.529220599,4.89745916,6.361404366,118.7274518,8.612133785,15.78605413,2.212605995,5.189537912,-1.585839254,-16.79668662,0.932749536
6430,14.10275649,11.14787099,13.45873455,21.27005832,0.984833114,15.75257016,24.30736466,22490.52486,0,0,3.291553738,24.69781068,6.598717872,1.756812121,0.872071596
2791,7.693569823,4.028246695,2.312760292,3.34983273,2.653982922,4.592066635,5.99918072,188.7115385,12.91375652,59.21702463,0.545572635,125.686252,8.465363581,4.929426861,1.383134916
6993,-216.822679,-14.63686254,-9.461010099,-8.81112059,1.59905042,-9.362476541,-8.132390322,-5.873112452,70.8666546,769.0529325,1.073282903,50.78768949,-6.703188298,-527.0835362,1.458942362
4246,10.37921638,5.865263921,3.854984249,5.93553669,1.067588408,10.15656053,12.46017762,7.281659389,17.48320975,39.79940003,1.713810973,86.83848955,6.000540816,15.11908871,0.693251495
9818,6.516986233,4.390646017,2.659383977,3.788874604,1.520451461,7.312286294,8.623190843,154.9234063,7.048591061,11.62859733,1.782893819,61.55694023,11.74854657,20.04397163,0.90499038
5951,5.965449623,5.223199469,5.83406795,6.941407093,0.630889568,10.18692723,10.18929877,,0.012867277,0.585791903,7.063898253,23.84762524,1.280930438,25.5651009,0.456641709
4116,5.340291232,3.473859663,8.247034306,5.613978839,0.637122226,8.540397563,9.551138185,28.24193548,10.69294252,17.11768014,2.199904132,38.24135992,4.119375083,53.90024171,0.598897161
3880,1.650043722,0.44082495,-1.673762767,1.466411127,0.732728634,6.679503432,8.707572894,1.665365025,51.3969614,180.0626053,1.353128211,172.6538837,-0.413287121,-31.73023385,0.872745718
2883,-7.705435896,-5.88578941,-2.233049335,3.267921813,2.013802643,-1.802391014,3.448010135,240.6100143,0.178004563,1.21204134,4.510431865,7.49578962,-6.141909754,-21.11938856,1.216032845
4750,5.807732217,3.171819108,3.093360823,3.322739594,1.054002755,6.304617481,6.061416376,7.335268476,24.31069646,35.39335128,1.5989363,50.54352669,4.13072226,685.0683468,0.804316507
9793,11.19932474,8.704457291,12.74271,20.30621477,0.65668545,19.40705686,25.42556893,331.5681818,6.736327679,8.667090745,2.287858885,66.18060823,6.746998692,1.885606537,1.985094008
7327,8.776813459,0.382854628,15.33429815,20.94607656,0.017308979,21.86456706,,,13.84208633,311.630442,0.308140163,11.31406829,8.9529979,30.42389147,0.981456673
4629,5.426707769,3.542910058,1.694433995,2.302745242,1.404268224,2.934017393,3.572650286,425.3911655,0.051130026,2.35122107,2.296220915,24.15047243,6.929317561,-3.200413691,0.600265111
6962,1.010554419,0.416572594,0.739464308,2.369243766,0.426855993,10.36366006,12.88963749,2.899885275,37.43135705,96.37612908,1.96724783,94.16460012,-1.837004249,-57.14737311,0.696320199
9169,,,,,,,,,,,,,,,
2816,4.541279722,2.375106746,1.745360314,2.50371556,1.492365001,3.696505469,4.942647003,21.19354839,18.23761742,61.30217369,1.567317368,98.49984692,3.510709637,-26.17977528,1.205891731
1814,16.61810116,6.872920227,2.31390477,4.15154953,1.552318181,4.207712267,4.85246049,66,5.773900531,12.35158527,1.720457705,13.03875092,14.40853306,132.3067253,0.934658331
7538,10.52631579,4.855072464,1.197357556,0.692835995,4.005324191,0.931501883,0.820728686,17.2,12.21014493,70.26272148,1.863310101,24.53521864,0.855169612,-21.99546485,0.71157238
9979,9.613680666,3.675100769,2.231905016,2.273765127,1.66720066,4.147956465,4.273536799,10.48245614,29.84791518,72.39057239,1.085222978,83.86496544,3.894358123,20.22132797,1.464831088
4366,5.65466173,3.389556936,4.398197812,4.548380176,0.747194614,11.37095044,12.47049989,18.04255319,21.98369785,49.55907102,2.148301048,56.41871424,17.91790526,9.278350515,0.667380951
9367,7.936185208,4.910589087,3.682625628,3.941785135,1.120156573,5.44273147,5.882555085,17.77801098,16.39059856,24.99507395,2.321281484,48.71753542,4.425535303,2.970985242,0.769902148
4577,5.690056343,3.793395211,3.767549316,5.175443793,0.650470099,12.71054242,13.72943941,21.30894309,15.23639813,19.51810472,2.44636049,61.20031537,7.992323275,-32.69131998,0.711108589
1878,19.9765461,7.62032184,5.0943981,6.452332528,1.600065484,6.259970245,7.447416543,194.5581015,10.17964757,51.08468915,1.841237194,39.50631047,6.40439581,13.40870063,1.44779015
3202,1.629363391,0.400414459,1.338066271,7.680513059,0.203375798,14.77490381,19.68512392,1.537458569,48.95817129,193.0596796,1.394741515,344.357819,1.808360447,-1.083169478,0.907104209
7609,13.85293259,6.209032463,4.773463069,6.797300464,1.353144428,5.467526298,7.253647857,266.9498534,0.602944038,1.345224583,1.758209112,12.25599294,10.26219408,13.07721823,1.195968813
9363,8.126734871,5.1889979,3.108058666,2.80860261,1.528998938,2.934334949,3.636217509,38.51565465,12.17645635,16.99534407,2.240671544,20.2655372,7.173874975,25.17563019,0.755316978
8247,-20.83240745,-4.103821021,-7.085482287,-0.213346907,0.581225055,5.774331026,4.321006887,-0.238986306,27.41615652,139.1738432,0.368553318,243.1228836,-2.742534593,12.44511772,0.882881896
3816,4.911881045,4.222146672,13.02773403,17.8333312,0.518459619,12.51134639,18.93503513,2198.138462,0.706903435,0.764715289,9.056287625,20.44547256,-2.630418805,1.1504099,0.849461169
5888,15.02954166,9.896719908,4.494050749,6.710742384,2.321754496,5.06687873,7.615595119,48842.31034,,,2.072932981,20.88634641,15.02799776,2.952149678,1.391793819
1925,11.99515882,4.448398804,5.981045551,10.0514847,0.800235794,9.771880167,12.634533,13.14342083,34.84026764,119.757918,2.117129468,81.91113433,4.457113401,24.10997869,1.047922101
8984,5.582447658,2.973142233,35.79989239,40.62654904,0.082380273,55.07626055,59.6126711,8.270066729,43.34476152,81.38522932,0.821383652,8.73917266,27.20783515,17.26840484,1.081835007
6459,7.195044592,5.418446261,10.81864524,15.93684091,0.50097495,14.20079967,17.85041724,,0,0,3.065309743,18.3885262,-2.125302924,-7.416969601,1.084733944
9082,2.669270833,0.819153541,0.693204495,-0.110282533,0.632340977,3.702342191,4.322024997,-0.106598985,48.94275915,151.0850694,0.683930527,210.1019965,3.618653752,94.15041783,0.813084986
8976,5.957457332,2.958360415,38.51554758,43.94270574,0.076580876,62.42618263,53.99652125,7.857394025,44.63244055,89.87946798,1.206813665,5.688961649,30.29666504,10.99396527,1.232728476
8986,7.366494259,3.424290829,33.82777763,39.12963733,0.101242063,61.93811577,53.03123188,7.195831009,50.73766355,109.14923,0.43757201,75.04262341,9.791721269,16.73558911,1.170215794
3107,20.92604282,7.23117681,2.177219377,3.069975203,2.689488016,2.669558953,3.233765857,153.0701754,4.891143819,33.49113671,1.522815456,7.398348325,17.46889725,12.71153598,1.169948844
5337,8.844269153,6.811487482,15.05595117,-13.99796541,0.45593692,-17.07019329,-9.399796541,-62.54545455,0.119661267,0.155372296,4.21248835,13.06322457,-7.525870179,31.2,1.697491626
3848,5.765819413,4.378293319,10.29059442,12.62724054,0.421002707,11.91471652,16.07037786,154.3370839,2.468933229,7.527035719,3.713830532,4.342633353,-10.68839686,-40.1208856,1.074976757
3628,-1038.286921,-29.52742516,-76.92637086,-13.39813611,0.674384651,0.895666396,1.611556999,-24.29006308,61.70841478,2224.016673,1.238105598,231.8665951,16.48669751,-38.08406034,1.722150897
3905,-34.31191745,-17.8075569,-22.25868992,-16.85567527,0.700494037,-9.530845654,-7.568013022,-11.96509384,29.82424138,22.00344179,0.741329031,17.06859288,31.99928587,-129.5280801,4.196625672
2303,16.84939441,15.07384308,25.43112008,34.86599555,0.559156935,25.07179515,35.17977481,,0,0,7.521477407,0.628115628,9.731797651,7.694962625,2.351791424
7228,12.21570664,9.854639011,7.990708189,11.20502448,1.272671689,9.775097811,12.8365167,205.3463352,7.422317004,9.200625916,4.463786207,18.27070736,-1.379517505,-6.058045505,0.978946177
3050,5.805276732,2.580293179,3.191860111,5.718979859,0.822446333,5.931217351,8.64752534,10.14888743,38.69590105,87.06003481,2.425115658,78.32294241,-0.419572458,-6.66847221,0.907086529
3245,14.9944834,8.892688281,6.776638431,9.831220941,1.662554665,7.54983759,10.42099229,21.67977528,32.01198919,83.73491832,7.333764554,0.558778517,67.45947099,67.4186551,1.488032305
7372,3.441398341,1.382898146,2.407192518,7.214432537,0.480296717,20.18940248,20.99329956,4.077407716,47.45727456,112.4328416,0.371131308,103.3825093,8.16918926,34.54440582,0.786738636
4833,-487.2339185,-350.0291934,-69.0580738,-68.94140012,0.975011742,-68.2261888,-68.25620444,,0,0,3.072650243,17.93908702,16.40383882,-42.19847887,5.66635539
3392,17.0671278,5.785255468,0.922377828,1.37099837,2.107366017,5.365634139,3.365420704,10.15394117,40.00066889,123.279515,1.262571017,162.2268342,11.24220283,-29.00007667,0.967568823
9240,13.38477938,10.00861595,1.277864697,1.889596402,1.840002202,0.0314878,2.630927952,109.955414,1.987381195,1.854717955,3.811900522,5.7614356,1.369185106,-75.54584947,1.966094082
2876,-0.895427131,-0.530749136,-2.744814991,3.643032267,1.459341908,2.852191553,5.960048388,622.131929,1.452753971,9.885465849,2.279506637,46.31187158,-13.38750662,-54.02082145,0.786745511
4598,-598.0618871,-382.5148388,,,0,,,,0,0,2.521279178,13.23597172,,-21.71485818,13.2412306
2484,-21.57554585,-15.89785832,-12.51479066,-12.39143023,0.915325322,-12.15477959,-12.39143023,,0.074649918,0.64279476,3.83021124,0,-21.20568923,17.85714286,0.745523219
2432,10.44950235,6.408109836,14.75209912,19.77719105,0.449370869,26.01815887,22.91810216,118.3722628,12.27992734,19.88052984,1.606937328,13.39282021,19.9395903,4844.207317,1.350432012
4061,-3.15414171,-1.425119446,-3.073071648,3.601240222,0.629440275,7.023842539,10.5611229,6.886765409,33.84742588,74.9832873,1.173335474,105.6677989,2.822770209,7.752111834,0.810689761
8144,1.423433655,1.052454795,0.773110481,0.167507271,1.440492131,0.600080993,0.809925266,5.6875,3.817947713,8.487601741,2.859423049,31.47832671,-0.507298134,,0.458873332
3640,29.91117342,17.64767343,9.829933733,13.43358094,0.911257414,18.32264994,18.33478915,140.9144744,17.85696813,15.0418848,1.835353695,48.82632783,17.31670081,95.03801477,0.846640108
4072,11.75467792,4.190299803,4.250634806,5.292744859,1.041288715,5.931220737,6.509518428,163.9090909,0.910116912,2.553070585,1.418317522,10.423347,11.22339036,55.90142672,1.199244097
6902,7.633320518,4.677009231,5.851634308,6.956290317,0.831876304,10.40803141,12.66199716,34.02499659,9.090203077,19.4966882,1.853585817,41.43044988,0.238553351,32.92652666,1.00076459
6174,18.4153264,0.751442855,3.095152304,0.792379142,1.689652492,3.503662905,3.402028096,1.034902017,64.32123072,1450.018921,1.184000151,607.8807947,6.187083659,,
4324,-87.39519113,-10.21583286,-22.82537128,10.36018241,0.427534987,8.775574902,15.55859801,5.436311787,20.55474841,175.8433396,1.072794618,34.00782715,1.721096473,9.243857999,1.129384523
4812,16.33902096,9.914876859,9.926303339,13.88348042,1.055521054,13.28784157,16.67546174,572.225,1.344400351,2.215477391,2.24651758,4.087500874,8.007625686,8.788022814,3.630859827
6517,6.659938149,4.992095283,7.981287013,10.45044026,0.69487289,9.543058245,12.42491484,76.22680412,4.352928625,4.17038676,3.792147937,30.46336193,-3.263604047,4.287729196,0.701805918
4980,26.74034301,16.89357862,25.12637014,34.48591358,0.755593886,36.34115409,40.55530392,279.9191176,13.88345486,17.56763801,1.61851286,51.81984048,4.935455047,11.68187285,2.377700473
6635,3.007092766,0.723740055,0.565106579,1.726804295,1.265254883,3.222909437,3.417434496,3.140979701,40.68683861,169.051163,1.353998075,59.63008236,-5.14757115,-0.822472203,0.82689164
6699,11.06819977,1.590605212,0.449173608,2.473725524,1.137238857,4.298765863,5.918843487,2.773838631,48.52922627,356.0344071,0.952512765,166.7866234,-1.724987679,882.2510823,0.917852905
4631,6.870738042,2.539300568,3.0748132,4.960301998,0.841578805,7.719964189,10.18424359,8.234774377,35.96862391,97.32246576,1.623484976,78.8084463,-1.767577514,17.2300712,0.8862108
2326,19.21681543,14.74786759,31.88739732,45.68222801,0.442219515,32.10779403,54.85874574,,0,0,3.861009791,1.370572992,-13.2904795,2.95777828,4.248334411
4819,2.564408555,0.854451631,-22.32849911,-7.301015496,0.140684834,-9.835098289,5.602310487,-5.921914358,29.89962181,82.06902953,1.480616659,17.45362451,20.96543952,-23.1534835,1.590221569
3676,7.614773318,3.417706418,1.583601016,6.052491866,1.936487071,7.057608964,8.634837476,73.29613381,26.31576045,65.23869913,1.343390946,16.47764731,2.471511037,19.2042378,1.630587722
3916,26.93566287,19.11395699,9.01678399,12.47563075,2.237610992,10.17725253,13.50283238,1982.889474,0.220633931,0.208106156,3.393871081,2.332473615,21.47394712,24.29258403,3.384190586
3652,-9.765492393,-8.617842513,5.105141109,8.628299966,0.768176873,7.879596624,9.528576502,,0,0,7.14046738,1.117851342,2.04438836,-19.17929958,1.46629331
3691,-5.728927615,-1.449933109,-7.635658292,-5.678278063,0.329304786,-2.667459692,-0.051868165,-1.572938313,40.79809505,168.0305559,1.199938905,8.483746592,11.2862254,-2310.646042,2.36857004
9244,21.57452884,7.038877902,3.098214618,5.37236283,1.540479401,5.295887404,6.481012948,12.63790779,41.73226697,111.7184565,1.561375846,3.091541262,4.929949688,453.689868,1.292617304
6138,7.638955192,3.801002989,2.336169227,2.492678077,0.542404451,12.71000384,13.46072773,2.231016652,36.02031674,65.59911929,2.388976148,65.36916793,5.378753433,95.52716795,0.634466913
2379,16.01840118,11.92294737,10.85826675,16.6131367,1.088882829,16.33485352,24.25090734,,,,2.766580501,7.747324112,-2.719518589,-32.0234574,2.375999462
7354,9.035095724,4.730363976,5.924632662,10.27849629,0.833646116,12.62778025,15.95973673,43.56221637,22.39452217,42.77401328,1.509924531,21.02181285,8.313213536,32.40173711,0.951834166
6146,26.66348468,20.07057165,31.49934022,42.3873607,0.647693748,36.44044311,45.48870747,,0,0,2.6466532,41.43636197,27.88420895,37.26596078,5.201357186
6538,27.29754322,15.83949314,4.913833256,8.197484863,1.099475099,12.50582208,15.09082441,50.28571429,21.85850053,29.48134668,1.699792961,1.546860783,13.9899124,425.3731343,1.230086101
6706,6.95346988,4.783461596,2.384752317,2.872751826,0.601960223,5.325026088,5.724019397,14.18181818,10.8042855,15.6864358,3.377345195,17.23835376,12.88109756,,0.608702864
6848,3.613303527,2.696996527,6.163473253,7.409458412,0.618329367,8.140436372,11.26924355,111.5,4.086358374,5.794059948,5.359299517,33.54167617,3.5198349,-24.32126697,0.806427919
4461,12.52549769,4.995211764,3.528769367,7.30598594,0.764466475,11.32891953,11.70568562,20.58461538,32.28095106,71.07851997,2.157658676,81.07103204,16.06039482,157.5553417,0.813049696
3686,-22.76370281,-15.65666549,-36.81340783,-24.7231801,0.633486153,-14.74594018,-20.89449513,-1867.358779,0.950344861,16.58082406,2.469859825,0.116010499,16.02997577,25.70457558,2.34526044
6549,16.38204131,6.696569597,2.344993813,3.208844864,2.75979032,3.335007881,4.338223901,36.34748621,28.20174453,59.59498951,1.476019608,96.81388283,16.19475233,19.42124336,1.056446542
6141,2.962904918,0.783230625,0.92431492,9.236158578,0.618021136,7.136643261,15.95763686,5.601695913,35.84735864,135.6079702,0.907914931,110.7267084,-4.800672897,-29.24340246,1.156552994
9782,5.62319219,4.511473269,3.053198148,4.313369548,1.299075412,2.847541938,5.701227797,315.5240244,1.40774378,2.000892123,3.687168488,33.56854848,2.422765967,-13.30271716,0.959885839
6365,9.863456701,6.78296968,8.640524273,11.52544788,0.725007424,11.89585782,13.99722193,,0.165558823,0.449155587,2.633760684,16.27380525,16.52141434,41.61925602,0.739171902
7377,10.10808229,6.032841666,5.19959702,7.345186256,1.466912311,6.389122744,9.090311153,46.27655949,3.24819579,60.18595956,2.163392392,13.44021639,8.331399903,39.40445552,1.048614489
5573,,,,,,,,,,,,,,,
1432,-11.59285464,-5.247435198,-4.492805581,-5.2333659,1.886868482,-4.343927232,-4.943272058,-45.71155378,30.21302068,66.74787658,2.581498693,3.687820181,-33.23411611,-241.4537923,
7483,9.717060715,8.328122557,5.625817323,7.89545283,1.111312685,6.64390595,8.506306006,8996,0.38885415,0.403547571,6.796848669,19.76015139,7.668392803,13.4855557,0.877649995
3925,20.52842739,17.4099861,22.27687893,32.576786,1.134015672,23.52939044,33.62225171,,0,0,5.844504567,9.853891434,11.93520649,12.85913225,2.79722885
3087,6.8777988,5.298896124,4.545483107,6.379008087,1.175596766,7.687860908,9.310260325,390.4615385,1.522864949,1.976630316,2.477498228,49.4395269,6.937818333,5.772035841,1.149004897
5714,5.498982181,3.252679511,3.997218097,4.748390975,1.039069683,8.426309027,9.065056463,39.63837638,20.21522203,27.92011064,1.820106319,52.36834245,-5.371210579,7.409259074,0.791571442
4310,7.214752209,5.92167497,2.765647744,4.172731684,0.371228723,5.434255216,5.240174672,,0,0,12.10039216,1.58278909,14.96838974,,1.690390543
3185,,-11.64631211,-8.217859563,-6.618246615,1.708755698,-5.335347119,-4.655783304,-4.726952381,87.40103411,,1.304210054,,-3.366665829,-32.81864647,2.083173969
4811,25.9763662,14.22205125,13.3980146,17.23814149,1.123650718,16.4203963,20.78870777,2784.74,0,0,2.047189868,4.611063466,12.32115347,26.00454292,3.22165296
7791,7.777937489,3.081117645,3.60657652,5.171023314,1.035323521,7.263964089,8.206253582,16.92206426,34.31297772,94.88666713,0.947956679,137.751523,18.54743367,211.2101738,0.899324667
3793,-41.40659171,-14.43384152,-8.182954906,0.885083931,0.913576323,5.990738657,5.045070858,1.447593569,34.9542956,75.27170404,1.477579272,2.988325753,29.41053158,-87.59643825,1.868325603
9682,20.60935912,14.70928089,8.446643581,11.50840296,1.506842593,9.863551164,12.40826635,2415,0.244622004,1.097121992,2.826999266,7.466285458,8.797428431,15.83659765,2.249362359
3469,2.966989168,1.268551751,1.402924253,1.893498408,1.458205469,3.449351394,2.620032385,3.073358549,48.08850578,109.7675467,2.549681907,54.05956937,61.76481675,,1.291928358
4665,5.90526448,4.392134489,4.665476638,3.782489631,0.931353783,8.677850109,7.920928434,7141,0.111647764,0.003306419,1.43938998,33.16999623,5.598438322,40.54320016,1.094865457
3079,3.38248154,1.208991471,0.814995233,1.068045392,2.087327971,2.09648556,2.216209391,2141.266932,0.052562123,0.239927272,1.475733984,10.34605839,9.750196909,-17.7133076,1.026395655
2590,-47.14827715,-18.62393435,-12.56943408,1.725695999,1.38617878,4.575602315,6.602248421,5.126847291,23.52467877,59.55498196,1.681525932,54.22316208,1.706234269,-13.08977035,1.092021289
3947,6.78126209,3.744442602,4.737524877,4.296113174,0.82982917,7.350024943,8.047467179,14.72802024,8.636275855,15.6404721,1.016417845,60.68877,7.281027915,68.14748778,0.701949196
3551,8.212643984,3.575443289,2.984726053,4.847069936,0.728136592,7.231870265,8.229670367,7.702323049,32.50086367,68.76118866,1.18468475,74.07168923,4.683268014,72.58292677,0.668039052
3294,14.26458491,5.240637927,2.885477855,4.876805708,1.049220437,2.526339297,5.001335619,6.528385851,59.6735014,193.1184119,2.925020854,14.31303706,11.64177435,-26.11252809,0.906459359
6050,6.709861443,5.891101272,8.331033113,13.35012928,0.835874842,8.952989039,15.37956368,,0,0,8.234936625,4.461653401,-0.617875996,-11.3980513,1.794171885
9327,-37.84018485,-6.999985939,1.205876338,-0.730974743,3.006730516,4.892234056,0.03794651,-18.02692308,23.15380235,86.65635487,0.684839258,48.23375607,-20.28300402,89.20734612,1.528183505
3796,3.42181344,2.727263828,-1.305599687,-1.230934549,1.238479235,14.49652878,16.5427036,,0,9.152746198,1.253833872,2.94457836,7.840380452,-121.1519364,1.633438019
2493,3.523058326,2.112050052,2.268285882,2.187746518,1.112123366,5.830162865,6.065660525,23.61922243,10.66607103,20.89945192,2.380265999,5.092697725,19.66501118,-13.60157232,1.070793555
2153,8.030311931,5.256580339,7.500292706,10.47418335,0.914121198,9.982437654,13.18815127,77.12068966,14.38157313,37.96040651,3.363726757,21.98496152,14.77678931,2.827586207,0.822879963
6486,6.658994474,3.725108608,2.900601765,5.050781343,0.813608194,10.95961278,11.43412697,17.4057377,19.85168367,38.21630312,2.36251591,55.21079495,0.676476575,4.760730143,0.832962678
3248,6.450760697,2.007996247,8.514882724,15.40015234,0.22238573,7.363548437,22.56725235,4.775600422,63.77205456,204.6355701,1.296087667,266.9786462,-30.37972728,-43.11430628,0.864637976
4985,6.991550875,3.50644656,2.923284705,4.490406402,1.257338133,5.95037448,7.143574689,89.4,5.304521294,10.57675623,1.339692474,39.2090124,5.850730751,25.21008403,1.181948711
7692,63.32331431,24.94170415,6.855662247,10.36391686,2.47817875,9.661228025,10.92647239,67.78603385,31.35826547,92.48672562,1.679447554,39.53841152,34.49412498,151.2983595,4.743499606
9020,7.941475984,2.213054948,7.76733795,13.04866093,0.287093288,25.58612777,27.57331207,5.035576345,48.41596857,178.8724356,0.717589079,272.4966638,5.766600565,9.162364339,1.045543375
2882,3.324693896,1.14535546,0.9195175,2.825291675,1.312611531,7.914771604,7.032331422,13.60714286,25.18242557,73.09857896,0.764841646,156.770042,8.359448239,4.67032967,1.342105867
6361,15.05926788,7.08121689,7.996890278,11.90167852,0.918211496,11.78313341,15.53358343,16.96697411,20.76647499,44.1630181,1.600096355,50.70626243,10.57117604,9.910569732,2.07225288
2819,5.012128474,3.593128012,2.916831724,4.065633926,0.998823395,5.716906782,7.220148865,325,1.060129897,1.65999357,3.052175796,42.10187918,6.075283086,-18.88519135,0.852279951
6328,15.69020436,9.060659295,10.63793647,14.85525709,0.901959926,12.76843561,15.42306666,612.2,3.147669732,5.450771268,2.023126043,11.69965284,9.887209023,43.97930386,1.480842433
3835,15.58602635,14.01498936,22.86677427,31.65809155,0.682813492,23.14966808,32.77365186,,0,0,8.620465692,0.826223437,5.34993207,4.869184902,3.080003696
6599,7.025012949,5.669678736,7.78467298,11.53997478,0.692463205,9.133633781,11.95122787,5105.472527,0,0.689505167,6.572662451,17.98992111,0.962026028,-4.40488389,0.781735472
7427,6.390905549,2.000848504,0.735560545,1.049056309,2.900368827,0.671691581,1.137465978,23.77236904,4.241749162,13.54856112,1.392319769,7.861441739,-0.541972782,-18.36446072,0.829462433
7520,9.049231927,4.683073654,1.916888915,4.15265538,2.416892182,4.138885668,5.792700603,59.6875,17.57613314,33.96284512,1.102956378,82.63368572,0.589757609,-4.801462037,1.094093167
6225,8.467209735,6.785375465,9.946169455,14.16878571,0.646388068,13.79230145,16.79603144,1647.792952,0,0,5.06728123,35.00678836,7.066999229,20.10654045,0.816340161
3802,3.665146463,3.351422649,2.036767866,2.206345346,1.040008901,7.110754172,7.917637566,37.48038431,0,0,11.07034821,4.358732623,-1.593980276,-72.8265854,1.250737539
3987,-1.401670732,-0.429533558,-1.166494551,1.651981866,1.168042053,2.769238554,5.320918334,3.543669214,42.17166102,131.387121,1.36533282,22.45389291,11.55550802,566.9623656,1.753575959
3935,29.05803454,13.29247556,6.487733892,7.287334009,1.336144493,6.636470271,7.605987492,26.36753937,30.8019241,36.46393207,2.379102219,0.912765147,10.0549107,62.64556288,1.479194421
2730,6.42506932,3.287951613,1.838102715,3.045712374,1.772897231,4.018075089,4.590244607,50.7483731,18.80597015,32.91943609,1.325565109,78.95505552,6.524057497,38.18665092,0.939551821
7794,-105.0920641,-82.07291116,-255.4883027,-108.1492895,0.185407367,-55.43291508,-57.26624491,-267.6247259,14.59253418,15.37306636,7.688951977,45.37942226,19.16443689,-355.0282675,2.255203266
4427,-11.04813292,-4.14872997,0.263320318,5.793303824,1.718014208,7.04434822,6.254242798,34.83629344,14.29425524,29.08642668,1.712856513,7.912074934,-12.77266615,,1.520869393
9514,3.077499465,1.289931802,4.011591568,7.511790443,0.391794118,20.33638275,20.46707199,4.421404682,49.43018665,112.2885892,1.800749064,181.8775423,0.721112574,119.9667221,0.735999093
8771,15.03302057,11.05234408,35.1416736,51.37350129,0.313326465,38.61932848,52.29505089,,0,0,2.905425482,8.110431882,11.83815416,5.226463594,2.746068149
7822,1.007932383,0.502739139,-0.040729193,-0.411505295,0.770451004,2.727451476,4.421224123,-0.798365123,27.63599883,53.40459671,2.137374016,78.18933761,-0.646061536,-179.403794,0.632998567
7877,4.32937263,3.165885031,2.091206461,3.282807585,0.911724876,6.294245592,6.970970443,35.68728522,11.40360743,13.5460839,3.921994064,43.46969742,-2.540405794,95.32478001,0.468488309
4549,8.793981375,6.088323567,5.495942179,7.400281211,0.647458575,12.8271541,13.70038728,176.4705882,7.091928287,6.881049589,2.193377852,50.73856599,1.215919305,-11.21633619,1.509991336
7265,4.67910595,3.612932544,4.031214372,5.076347681,1.057281318,7.109047217,8.011207248,107.4725562,5.98699636,8.057346534,3.469148262,34.49195525,11.19032356,46.97850316,0.656308548
4523,5.081428115,3.083631496,5.882062326,6.237648847,0.567842995,11.9882189,11.29288067,17.87295826,16.67271286,27.45903636,1.953252,18.78830592,6.423853827,5.321697467,1.218817253
9857,11.91021443,6.046935878,4.145886234,5.910999658,1.43477551,4.852554054,6.065699993,2088.625187,0.508621614,1.218163427,1.79489137,9.200155973,8.878839453,19.81938242,0.913712152
6737,4.018334607,3.167489652,5.153243139,4.605369411,0.499060692,6.29619967,8.252891556,13.93609023,4.777540426,7.414257569,4.306087606,19.60677094,0.027339041,-5.167562036,0.755421993
3646,-3.491270006,-2.340125617,1.65514242,3.33983126,1.346989606,6.441833844,5.506235323,28.25918762,11.49119923,13.84644111,3.378640741,3.537525242,-13.34031647,394.7511006,0.999185569
6099,19.16296979,10.52562786,4.991571757,7.617125361,2.310453751,7.879641947,10.05083853,71.57302876,3.296597191,6.001788514,1.676722937,9.681922622,16.70041167,17.63443052,2.104671747
6750,22.37771542,16.12428098,7.880041015,11.45694747,1.016828373,11.80777412,14.69065394,6760,0.473243856,1.418791427,3.21983392,14.03309304,7.114524049,9.305521869,1.379333055
9513,7.253402793,2.641451834,7.022998859,10.5045744,0.368581624,18.11906364,19.36705669,4.190988425,51.34882821,141.1582032,1.629845388,185.2654309,4.66423635,30.84622298,0.727301046
5246,-15.80352923,-7.579440422,-17.98834026,-5.527825644,0.640810896,3.719122839,3.77067463,-5.13204624,41.52697655,71.1711761,2.436275636,9.285165249,53.00606036,-641.7956267,2.624588847
5533,12.89347777,7.169132697,10.95083345,16.02842528,0.681943495,12.3929722,18.22080002,52.44842429,18.73264543,33.27043765,2.822414261,57.09287109,9.426790296,5.60455876,1.172458263
3967,-43.72553944,-10.90838649,-11.7585414,1.275470599,1.023813208,6.755674134,8.379754503,2.883934365,57.01522519,199.0591957,1.32093749,8.272286468,11.96495009,-48.74311418,1.336575369
4820,12.02491295,8.914418672,10.36435878,15.54231127,0.799594423,9.155465382,21.01614676,735.4,2.123173126,2.864008631,2.244409776,6.748075131,-4.746950115,-17.64837626,4.027426531
6063,5.398477198,2.67139876,2.742797888,2.587360291,0.974771538,3.172310679,3.794518711,7.903947368,28.3170471,57.22430337,1.897603999,3.469064436,27.70833326,84.18964757,1.113480937
9237,-1.717571797,-1.009921401,4.787539903,6.058824754,1.489809489,4.246318848,6.578956501,82.11360347,9.073607455,26.79397252,2.341096974,8.956278873,43.89373148,-47.65805532,3.650899287
7036,-66.09250543,-21.98142733,-28.19112581,9.766413215,0.640999855,-17.42815005,10.09467125,77876.5,0,0,1.323661655,1.030656991,19.94232956,67.25333963,2.593962618
4849,9.778215084,6.457447929,11.61576175,8.899479278,1.24019034,11.18791681,13.75194129,139.1666667,0.967651294,4.619189448,2.242382104,1.810977556,-2.930787307,15.60522152,1.518367278
6092,-1.958862638,-0.844845896,4.243397523,7.946716555,0.526745544,9.576185178,12.61775433,5.999136674,47.64722124,114.8301805,1.859102369,96.57091286,11.40973205,3.864526555,0.793416334
3682,6.890043897,5.181057017,8.803988836,11.91206205,0.523013786,15.13118499,23.26076059,,0,0,3.646327075,1.028405547,0.137622171,-6.580056994,1.107811464
6932,12.16970853,7.922621071,8.930864427,9.191402252,0.824030057,13.46794454,15.40336838,58.79761905,19.33290969,37.44211387,2.960071473,41.2603287,3.924109388,-5.110470701,0.648774434
7841,2.579661126,2.148240789,3.295376583,5.631633676,0.66977771,10.45975796,11.87482892,220.1618435,0.716624783,0.860540915,5.522886618,38.76643655,4.712125094,-33.6040531,0.539143884
4169,42.40249262,26.04010878,-18.96292727,-54.86125051,0.828008857,19.51357416,-51.44059554,-10.39913854,15.03492295,13.75001895,2.287764049,0.700664216,22.68653969,-36.24926383,2.046573393
5020,-1.449723607,-0.511424189,-0.028387111,1.974186394,1.302181632,5.27170068,4.936322144,5.862609953,30.44615108,85.20663343,1.619800228,84.91205098,-0.178726543,-23.13459953,0.844597993
9286,3.55541086,1.524027913,17.33936702,29.54985303,0.08500553,67.21522054,79.41116248,2.855003461,55.48094535,129.431721,1.488244868,184.7552059,3.137350672,8.345943642,0.885313245
3665,2.777964169,2.13637763,5.188231512,0.745282935,0.423482832,11.73368739,3.37726482,10.61103573,0.450580227,0.585896289,3.354336021,2.367049244,6.190593294,-93.6564203,1.282945429
3667,-150.2588416,-72.27239212,-53.07227636,-39.47525945,1.293891744,-53.10213672,-39.47525945,-24.44506906,20.81413919,43.2739024,1.60497794,0,-34.57854415,-5.800251702,1.883109424
7370,7.360881671,6.445721958,18.46803386,28.85893375,0.563780258,21.50348375,31.69926078,,0,0,7.101543146,3.627011851,-10.63175477,-19.56857291,1.115123329
6928,4.641728277,3.096283701,1.666385483,2.262280744,0.824475894,9.793847895,10.38293894,17.83313783,15.09594503,19.51374523,2.300431056,61.40095359,6.48197518,310.2005437,0.604632814
6961,8.923354373,7.84512692,10.35750873,13.89056713,0.617597197,16.16538391,20.239565,68.67532468,2.279970192,2.275924256,7.487422601,38.68890893,0.698320328,13.81833836,0.714506696
6218,-12.81433664,-4.461290755,-10.33080508,-3.221237321,0.694639287,0.365530476,2.412501142,-3.983050847,41.48664967,85.43212256,1.618789809,136.5931207,-9.15279565,-230.3142329,0.756248797
9057,9.610411998,5.552650581,4.914560671,6.662416977,1.222498743,8.278669984,9.111472106,45,23.86892757,36.20065506,1.494648144,103.3097742,3.60247124,23.90057361,0.937207862
2112,15.50126369,8.760414895,6.568467665,8.859436022,1.142781839,9.277653064,10.57535595,31.31521739,28.04965142,41.9244193,1.227633069,56.61331087,3.071315372,92.7090301,0.739077781
7191,23.64264918,14.60314357,12.8633398,22.03409757,1.008473629,14.03404384,23.24292719,,0,0,2.435134769,2.63637424,17.85006571,12.32817994,1.930754394
5698,10.35716669,5.501804997,2.394663238,1.885029487,1.456854869,4.528307821,4.681196113,18.41359069,23.86572205,42.65170296,1.818582705,63.74833389,-5.98199049,-31.3285691,0.892973299
3777,-0.097799367,-0.057113468,-0.266134738,8.036189657,0.277053291,-9.752244532,19.95237435,2.862096732,25.74548023,44.08577827,3.020320708,36.19812131,-92.0455448,,2.798603733
4657,1.81783749,0.782234018,0.129571099,1.796075453,1.103658037,3.091327377,5.984666573,5.220347868,32.18699004,102.7439629,0.872276389,116.3794327,9.023041153,-66.71932484,0.909093291
2334,10.36248406,3.074597545,-13.89657599,-0.568798789,2.97816617,1.0238829,0.86286224,-15.05443699,21.0211203,61.18850717,1.544329707,4.789967925,-7.035451497,-151.6303931,2.954487366
2311,9.088320795,7.272064727,6.79565328,6.024452701,1.071954114,7.370310953,7.865426971,85.10009038,8.558008148,10.69543882,3.572503948,10.20699952,11.50440805,12.58967645,1.431854982
9517,2.241795931,0.937528524,1.237026697,5.571876624,1.1339137,7.794786733,7.73813348,17.69944341,29.47933917,74.25676202,1.744017674,57.30142646,-30.108949,,0.936402221
6083,45.6729736,21.56115578,6.545351207,10.35020931,1.587317804,9.127355987,12.36505903,105.53366,18.98636247,45.52730276,1.978584752,25.11973027,9.671557846,2.734934659,1.715417412
5867,12.41788427,8.048962152,6.363133513,8.659829941,1.369513118,6.461299684,9.312096757,153.7139148,14.61675335,22.55062804,3.375328146,9.117271646,15.85636181,1.63200011,1.768050786
8892,11.2041951,1.928250048,9.852732762,18.76006796,0.264333489,15.73902098,21.1464486,5.774044974,73.15346191,456.890321,3.503282665,105.785949,19.47043185,39.98949028,1.04069127
2971,6.66756458,3.450823713,44.8466664,52.5033282,0.076292668,52.02019895,59.67628634,6.778713287,43.68820715,91.06712377,0.487186533,0.063979393,7.74195533,-0.489366376,1.054278201
6093,5.415675276,3.995326462,3.7305384,6.368551011,1.065081645,9.142223503,11.6258686,67.99915896,2.224549149,3.015382082,3.329099801,7.531894371,7.103001205,-32.96006468,1.897184329
8877,12.94545227,4.187120861,9.846129131,15.35175457,0.478394529,10.92428815,15.93664328,14.60209413,62.4145333,223.2200228,4.424720112,12.92892092,18.03421698,25.08142676,0.957128487
4420,10.12650855,7.300133767,4.930591727,6.719908998,1.598039481,6.494299751,7.579402237,3041.466418,1.190095912,1.650862411,3.249555848,3.736705901,1.862438846,-26.79215357,1.498261156
6859,9.664332457,7.223753082,8.92135299,11.18773035,0.87340507,11.99470931,14.12436096,313.6666667,1.384365894,0.954262431,3.280526555,28.08988764,8.308920581,14.30306711,0.938129083
3260,,-26.2912286,-80.73692934,-69.56781342,0.317098759,-59.83888439,-64.5911096,-24.22645154,92.1444868,,7.700201264,,-56.7147084,-252.9720267,8.388949811
7872,-4.827470406,-1.921791444,-1.10325861,0.604393847,1.009262845,1.336701736,1.825972946,3.203389831,32.09224599,81.67240366,2.371468226,11.76223659,-1.350200322,15.24390244,0.797485505
6161,9.915454912,8.462337978,14.99546268,20.77591475,0.685739841,20.55529136,23.14454562,,0.290284092,0.582495798,7.256189339,25.03504446,10.57084398,9.870852113,0.868530659
3193,20.68505049,9.384108951,3.712105731,6.731271541,2.189156391,6.053915034,9.365766021,109.7346322,15.27073337,27.23023253,1.334826139,71.12570973,10.60003717,-3.954221791,2.187135749
2931,-2.600381174,-1.112923741,-1.598173516,6.202104427,0.691952633,9.684335914,12.8469327,6.71827957,38.26798651,89.41434894,2.392116183,18.57415124,5.779327145,934.4370861,1.360855157
9376,7.090015941,4.057352252,2.379119309,2.404246218,1.555803788,2.197111095,2.581199809,,0,0,2.234718994,0.865838186,4.11918881,1.189398268,1.255519178
5038,32.24368002,25.27169205,32.07855626,45.32071776,0.916584316,38.94848577,48.45193198,4548.727811,0,0,4.455922453,6.99589843,31.90580173,35.34865173,9.502846552
4259,-55.79032913,-19.29997189,-26.24605035,0.244623382,1.138233076,8.847212313,9.15299154,0.857142857,35.84481304,94.47379114,2.53220339,0.406338887,17.02051527,,4.154860722
5571,1.255337433,0.424868828,2.025085232,5.123723007,1.092692016,1.282814283,9.360585827,18.04839022,50.77028317,132.9283105,1.872069492,1.518514192,17.86387833,-27.62766029,1.254687547
7278,7.567127295,4.493735029,4.116434728,7.402669561,0.989264149,9.868718585,12.03660632,24.22410148,19.0897365,30.32890435,3.536449697,59.70478396,0.397615604,39.5275207,0.889900651
1951,10.86767659,5.432019984,4.003297447,6.330293282,1.08710667,6.112351712,8.493907475,40.44285714,20.83127758,49.06817793,1.876654115,48.48775475,9.237495827,26.62134359,1.03237091
4394,8.52185588,7.659816805,9.191269786,13.69727491,0.765409709,11.09455039,16.80114738,,0,0,8.808180836,1.302316167,7.943920869,22.12364347,1.353471117
6033,18.15310102,12.3475455,9.971120102,13.37932558,1.319962652,12.41429823,14.31846255,323.600384,7.694725709,11.06410663,2.710602293,2.382851111,10.95012379,38.21225263,1.053467943
5242,-11.32980717,-6.21929105,-7.042341027,-5.340830253,0.94249008,-5.154856948,-3.828088596,-49.73770492,19.47815018,35.48373662,2.570963002,6.315938528,-6.806926394,-259.6051492,1.425833654
2206,1.81248988,1.266918021,1.393785108,2.399900385,0.92907568,8.170674341,7.944049365,73.5,0.664773542,0.951044422,1.893797506,37.88344938,9.138734451,-21.10433912,1.167447806
4771,17.74172602,13.54018163,10.63106379,15.91956299,1.049547865,21.9166486,25.47787395,,0,0,1.848486182,21.22640317,14.83406181,27.67151637,1.974634586
9211,19.22537986,5.482464928,12.14806985,15.83233421,0.494972159,14.2202115,17.61074962,9.343836978,49.30019548,172.8811762,1.471089857,6.089878536,132.6695675,80.80350652,1.415331326
7212,-5.571409159,-1.616400552,-2.301956913,1.822285602,1.629076672,4.351945112,6.781880857,1.967695621,40.88310664,125.8381379,0.993272149,158.0727195,0.693535592,47.80264222,0.694925834
7296,8.07671221,6.043264232,6.179978879,6.904399129,1.04484011,10.30009469,11.64683831,590.6,2.11081687,2.301040598,3.357853948,32.69388398,6.798649925,14.00810759,0.857472245
4193,7.040952919,4.782905129,3.602460091,12.01759206,1.719119431,11.24592184,13.72008916,892.2725806,4.62579706,2.699586518,2.5473978,17.13372152,12.78940663,3.348786204,2.835399393
3489,39.44995625,12.82580085,9.257229618,15.10579627,1.05335335,13.58983957,15.69254457,13.71053662,53.44990423,236.9777424,3.884042134,24.97654961,34.24524633,115.965354,1.294748852
4671,7.749574308,5.433243566,4.43284926,5.333271766,1.195765005,6.409161222,7.505829659,462,3.989561065,4.589553716,2.452637244,44.61648121,0.711512079,7.292150488,0.95372503
7215,-0.63952249,-0.177609378,0.415855601,2.983037136,1.158296975,7.616856688,8.57243977,10.17241379,38.02320763,143.4662119,1.306560698,122.7776593,-3.38519405,12.70296084,0.742910373
2461,7.438815642,5.691104851,18.42805704,27.6894318,0.306312003,29.711102,31.2414,,0,0,3.432423996,0.400246115,1.939105642,23.13546051,1.695088396
1783,-3.189627094,-2.201956905,-2.542881589,2.246691958,0.803533646,1.255632623,6.254771903,0.899457838,27.11551873,38.74921769,3.637686339,16.74938422,6.998640365,-69.84437211,1.37733638
6954,9.372617125,8.344471513,18.51105655,19.92726397,0.412692192,25.9065973,25.7541753,,0.376400791,0.45391683,6.890123488,35.03915526,0.233252942,11.92722609,2.057888663
5588,11.78931419,6.952345806,8.530082717,12.32931859,0.88556278,18.99145316,19.07416175,,0,0,1.859388777,20.57319688,38.82050669,60.753546,4.233089117
7092,18.02818927,11.27400279,11.24993059,18.54628241,0.813745425,18.20756289,24.42112277,87.89473684,9.632594325,8.65813318,2.011040419,51.72587372,13.80094787,-4.734740445,1.521443528
9983,21.06070304,12.40451444,12.73356959,16.20793057,0.913274189,18.60684439,22.57433307,42.94506779,18.77952082,30.34373536,2.773883425,35.61025289,9.559235733,13.55656329,4.095266022
9220,13.6078645,5.55524789,3.705044338,6.014730678,1.186790155,8.51556882,9.631990159,20.24114019,32.71260209,72.08539814,1.583958781,118.8118997,5.850297185,25.08039378,0.864227298
9564,18.89161234,12.50048333,10.86359857,14.87387882,1.125916503,14.88466598,16.42293382,264.2061736,4.65209805,6.767964236,2.396588399,2.99299519,21.84516529,25.67444025,3.108907696
6955,0.502974913,0.176952956,0.85007361,2.208291779,1.29057367,5.345807412,5.857117981,7.837078652,31.73931808,97.08642581,1.098860764,85.18677544,0.789775991,145.1669596,0.939847532
2060,11.46199473,5.04219953,1.819655796,2.142579675,2.320010971,2.360789745,3.365704538,33.38421053,22.50507361,55.34380492,1.59633631,57.31546573,-5.680605337,-18.15483871,0.822968528
7068,40.04817826,17.3788057,22.91333181,36.42808141,0.574940836,30.25383032,40.91013035,66.375,28.74689664,69.25624812,2.01158422,2.047576031,3.405060298,28.67528271,2.214434135
3396,1.82179024,1.276155848,1.226909764,0.740258405,1.02475943,4.420987697,3.728709003,,0.014258725,0.020355198,2.93271344,32.9805099,-0.916839281,204.2253521,0.51832849
6870,8.536663924,6.485352461,9.659477066,8.185215165,0.666311967,9.744388974,11.60357402,62.33476876,3.239743056,4.264471027,3.840040765,15.03325504,3.147283088,-10.59728213,0.766968407
6890,5.584995208,2.20232337,5.71923175,8.779474471,0.494120846,18.48390976,17.4609133,8.709327549,28.27955038,81.49144327,1.946405272,103.4763186,23.36015825,-3.147991798,0.669655272
2736,8.444906185,1.951576551,1.876111732,3.078266167,1.29161012,4.177316503,5.010837894,3.061148302,46.23142282,277.0077405,1.335921633,26.25886744,1.044127457,7.039102427,1.078870167
3692,44.45960739,28.73777506,22.60352709,26.87999721,0.789552319,24.36269636,28.3393421,3242.075397,0.239342015,0.333098718,2.159789553,2.410860237,24.21598886,64.09076576,6.659692061
9450,19.95043371,10.60606061,10.09181331,14.98852334,1.036478985,23.05279265,28.19433818,85.17391304,26.71277997,56.24225527,1.291358025,108.3952912,3.623245857,-17.96482412,1.657394842
4052,-8.334263551,-7.984345184,-7.754002098,-1.988087152,0.668774897,1.56044645,0.401716993,,0,0,22.79435017,0,0.688979764,-138.615533,3.249864937
8713,3.923142657,0.103697092,6.372194062,0.160662563,0.014773421,19.33155322,,,3.62289577,127.5345055,0.194673822,25.5690499,7.181489656,,0.982882106
7148,29.64546713,13.32619074,13.9915539,19.58863783,0.725706824,14.03239728,19.82753306,19.71993794,42.56960091,144.5067559,2.915487805,3.90459333,20.39598816,-11.18758953,2.1187711
4419,11.28411107,5.397209379,8.565106573,12.34224957,0.392899609,12.49271002,13.88044126,67.40243902,8.410061704,15.82931644,2.048407947,0.856375043,43.29132895,358.3891064,2.852699472
3649,23.10202047,18.45913886,20.57255545,29.29702595,0.905504036,27.53602694,34.32671445,,0,0,3.646847207,1.580255091,4.597578757,17.34684044,3.451855308
5994,11.5466377,3.402862304,-0.483462358,1.360975435,0.87156555,7.4587921,8.908811668,1.333472472,38.18270061,137.8179695,0.997256555,162.6434676,0.777101858,40.70155484,0.717794106
5125,12.38677458,9.903194526,8.703044855,12.42884625,1.009663379,12.97584478,14.24992794,,0,0,4.267827997,4.495439919,-2.745940809,1.836499941,1.057943619
8789,20.76414632,8.386980282,14.70250117,23.6010332,0.603584139,-0.421206375,27.11440514,20.06111451,43.09478621,126.7403983,1.274313335,82.32398898,4.525576985,32.54801139,1.385075981
2215,3.74050263,1.958024842,1.105086853,1.612736126,1.802826547,0.842628725,3.505197362,29.1875,0,0,1.848470588,96.39976622,6.52613766,-22.93729373,0.736822215
7184,6.722441138,0.643124129,28.05049678,40.13275359,0.029988151,19.63996891,,,1.242528614,11.2130292,0.112259645,5.243936821,55.78716581,683.6751436,0.950196523
3454,8.311916959,2.418968512,9.178894486,27.86808815,0.21303259,27.45748058,35.1217741,6.724973861,62.87706807,211.8833985,9.586667591,106.4042187,13.03176353,82.75170766,0.890258068
8917,3.691438054,2.432796544,3.346722505,5.8069278,0.697018791,4.337720078,6.683797979,13.41794503,23.09051345,34.28470515,3.450011497,34.29440922,19.16824159,36.21941286,0.569209889
2985,16.71140972,4.24200886,4.699679134,9.013122037,0.98391407,5.147519312,9.105085102,4.87099649,67.5987406,408.8998313,3.023976805,0.920975596,17.87756505,46.5339777,
1430,15.03826029,5.895064266,3.865178344,5.972037009,1.776708993,4.811414152,5.999874011,23.4247471,18.9733503,224.1569863,2.087599968,1.637543166,51.63829738,77.45183084,1.034541149
3807,-0.73270884,-0.310004602,-0.983704575,0.531357066,0.37835374,-1.286574544,0.577623924,37.63865546,0.299087894,0.706906744,2.829134869,1.536991988,-2.883641621,,2.563864545
5037,12.11709917,6.563604236,5.102668967,8.290808686,1.388464756,6.066356491,9.942792893,79.58642189,10.64476137,19.65134164,2.210741452,2.271292024,18.06525823,16.92509682,
5129,-79.69165338,-66.72601825,-53.19095477,-43.46733668,0.718217089,-36.20603015,-42.03517588,,0.200311596,0.611376927,6.067349927,0,-38.46629561,-760.3053435,2.04626341
3687,23.46438551,19.55889518,20.22687162,26.80690553,1.03194017,21.62888246,28.53923491,3720.352092,0.476795774,0.51621522,6.518552447,3.131847127,20.29015162,11.89655292,6.117012508
8935,10.50711719,7.233556451,5.766305846,8.43999324,1.114261645,5.797436604,8.758416423,121.6538462,17.21061526,18.71863087,5.856827221,15.04758509,11.97549923,0.6043257,0.681405057
4414,26.74513685,17.34153403,9.067452091,13.65312697,1.936738761,9.070760613,14.82341297,132.6460523,12.33460776,17.2579664,3.755402219,3.746306443,14.72960453,43.29813739,3.063744943
3753,-92.6577576,-30.9257087,-12.49296507,-9.758579355,1.936580498,-6.271080318,-3.330314786,-27.70977011,44.06569729,114.6378491,1.421453914,14.29413422,80.87817275,-98.35639163,2.698451659
7132,6.628084447,4.276715973,2.103011516,2.79034432,1.941755723,2.470904983,3.093784779,94.77696527,6.559480441,15.28139583,2.956322325,1.418046411,13.46227393,-36.34170151,
3317,12.70623488,8.56501221,4.260346167,6.759853459,1.776442329,8.368119286,9.886578617,,0,0,2.007737812,58.97078009,6.169550437,1.49129292,1.107547477
4662,15.83469207,10.50651485,4.812936922,6.671483539,1.534749673,4.882314881,7.213040771,123.3824916,8.814176965,12.98527897,2.299817875,24.95390601,3.316567311,11.72306656,1.103435699
2323,36.25647122,16.15111144,13.34815165,11.79435643,0.803601798,22.06502719,19.79278001,13.46001619,45.422683,95.68084102,2.335232716,0.212677945,81.30916449,97.07486039,1.8906205
3563,25.90401455,6.36032474,5.339475853,8.458146908,1.124907365,14.59329475,16.79664039,13.59805389,54.85755,229.0745793,1.041705457,208.2579775,18.95306109,42.7605988,2.945198839
7114,4.946163289,3.485800668,2.079686307,2.437810974,2.061823252,2.323878104,2.823912766,53.80520733,6.018902109,7.514978393,4.645044137,9.729128186,8.102605408,-14.69979718,1.552863559
7089,30.59644088,18.0739539,9.576862861,12.1829287,1.069392429,8.180239847,14.29453996,106.1091724,13.99195722,19.7385371,3.568431241,16.09053224,8.128155461,6.268286635,1.41321359
3477,12.29927308,5.081236238,3.728709419,4.003049669,1.687764777,3.419551976,4.151065049,8.011760721,45.33161934,126.332549,1.677038164,5.67044359,5.601639476,126.1501451,0.845059559
2330,14.3138078,9.349903716,5.035832171,5.299044148,2.113895581,6.312161084,6.69754923,29.21818869,16.55834275,25.34923811,3.578094214,3.177499833,63.82862942,823.9024293,1.836198955
7088,23.00782158,15.82170625,8.31123155,12.11369926,1.890560279,10.19949262,13.28413284,466.8888889,0.511236553,0.410439092,2.888165038,3.872066909,10.89868602,38.67986799,3.131673217
8275,6.46394196,2.684120048,2.985628307,5.149990289,1.746543618,6.770168327,8.051737851,65.31855965,6.451997719,10.5972243,1.558698234,14.86942861,14.32646348,15.62193588,1.419447683
9423,14.53747591,7.054615941,2.750067919,4.026209505,2.396701325,3.068115984,4.248454588,,0,0,1.818370672,1.933141738,2.397277474,-25.48672879,2.501257142
9445,28.25928391,9.052803243,2.853682238,4.446301565,2.48547887,6.661099198,6.098761452,118.3449741,0,0,1.137022341,3.770392076,11.11705718,11.73610207,1.423257117
6794,6.589452932,3.754703911,2.83561156,4.939428953,1.313213057,7.225649858,7.25907839,10.65360502,8.022391553,15.260391,2.45071711,31.86134385,12.38086682,54.02220712,0.627030503
7947,9.545783392,5.011874371,5.299455073,7.839475784,0.797649313,12.03931621,14.09976743,93.29292929,27.55162101,52.61651969,1.171561656,113.1911177,6.090950023,11.89726193,1.253094897
7388,14.97767105,9.540964863,6.361768574,9.295353921,1.724242365,7.107038798,10.91208713,486.737237,6.02071421,9.084269374,1.84814209,45.9164818,-9.864430225,-44.01158273,3.151477051
7840,6.70081513,3.838449385,4.864516768,7.75581645,0.868488416,14.97003022,16.55355757,61.80263158,24.27491254,31.2532322,2.475427763,50.7818849,2.383729776,2.37576286,1.062790378
6094,7.108957473,1.935784565,0.547405871,0.23776038,1.229986449,2.19180935,2.589225222,0.651544607,43.95110316,153.1245619,1.567237535,6.227213782,-2.684239164,20.43301895,0.924883472
3843,54.21940766,8.690305574,4.990697291,10.68356725,1.398818084,7.131062971,11.96223441,52.74570148,53.62582108,266.0473013,2.152184836,42.70262986,3.838058862,-0.066596419,1.604206148
4478,4.466751559,1.669927929,4.117821617,1.836378008,0.718985375,5.678683111,3.065363923,8.031522768,18.25244859,56.34867789,1.465146186,0.347805603,30.82820267,,4.95096242
6343,9.491287813,3.586682471,13.00541516,19.3453867,0.219461733,14.21541803,21.25540344,7.301590567,30.92399308,79.36888218,2.369071297,64.87992474,3.731894915,30.64236002,0.546678851
8209,,-10.06778932,-4.056978859,-1.880973732,2.209156931,-1.16842893,-0.982613831,-12.93655984,63.53956204,,0.300151302,,1.724045366,-1197.900262,1.893748367
2158,15.28615949,7.230316624,9.100661163,8.649207144,0.843775921,12.12110431,14.30592469,22.63483074,29.11269218,119.1131133,1.407350219,9.27846933,-17.29929184,,3.860477231
5525,27.5465662,10.2231644,9.616312533,15.16628885,1.250429482,11.3473699,15.51808376,20.50769754,49.13781039,132.4030304,2.055967088,5.8240878,45.65343793,54.91137947,
5528,16.96189426,2.319492825,3.890687848,6.539201906,0.708424501,5.234266865,7.328177495,3.188360017,73.56330899,634.2375277,1.804719579,180.0057194,-2.677923381,140.4099929,
7050,14.33561765,8.842636413,4.308147466,6.283114814,1.554018164,6.472953861,6.675052487,352.0746762,2.179811255,6.014677958,2.495884668,1.874235698,20.00828693,5.573238145,0.963199475
7038,-63.35964756,-6.002568758,-8.203019334,-2.581779517,0.827587648,-4.599810831,0.783911496,-1.322274828,29.28355178,309.1002527,3.023153089,53.57022818,45.59495786,44.86057215,0.868021256
8964,6.7159445,3.427744176,49.48446927,53.25053528,0.070354998,66.32605351,70.06562048,14.19077912,40.03757193,78.44520979,0.903272804,85.85842738,-14.94723346,-7.166223176,1.221059934
4250,15.22594835,8.558755166,4.858885668,7.342746883,1.714299651,8.28730297,8.402956851,21.57585786,28.33277295,50.40374788,3.090677449,13.88680942,3.180248756,424.9713922,1.39236305
2586,9.078232088,7.563434723,10.6288182,9.007576099,0.981974105,9.814843506,9.054252559,12.06245404,0,0,5.787529834,0.085691252,124.2551627,,3.533830072
9243,41.32515147,5.233529266,2.067010143,3.126452838,2.137364997,3.244449025,4.572713805,7.751392173,55.35291876,403.095645,1.311727986,18.86230646,5.023923677,50.28174222,1.138170472
2763,18.19918236,13.37948364,19.09891697,22.4866426,0.939951679,21.16389892,24.59783394,243.3125,8.974674813,9.804972857,3.92977208,1.926814557,-5.08497807,1.910994764,1.086524756
1813,11.21858562,5.984598117,3.165748954,4.524346938,1.16515767,6.39619305,7.855427922,42.52702703,18.67400387,38.09760374,1.599135721,43.76680304,2.36949387,18.48644578,0.983951729
8278,3.602508008,1.969114573,1.004103117,1.37757151,1.969139803,3.186332604,3.542975884,24.81637168,10.48524609,19.1828264,0.741667103,102.3255916,0.659144768,-13.39561458,0.889701168
6134,8.477228429,7.58445939,8.561313164,10.81900037,0.514460065,18.85121716,18.89753272,,0,0,6.983599928,17.42571902,0.25814779,2.682163612,0.865419718
8860,9.781722067,2.919117323,3.84444431,6.370042987,0.705286939,4.976701891,7.52035555,6.384938599,59.39552418,204.09934,2.158174717,106.6876678,2.939026988,8.661504897,0.837963604
6167,2.024291498,1.640432762,2.567038265,2.946670684,0.641464216,7.707140705,9.038867129,122.25,0.265593876,0.26026605,4.391458027,47.5708502,-0.49766159,-39.55500618,0.775458616
6504,12.33536726,6.503096005,8.210737515,10.46343845,0.869729177,12.93600627,15.56764378,35.24647676,7.719473393,15.01444851,1.77690015,50.17209552,1.830379237,11.23970853,1.150049229
6654,2.260444877,2.092152836,6.247258761,6.580111674,0.333854314,12.37858148,12.60145397,164.1961691,1.063725395,1.149291093,12.11831331,27.31132256,-3.806619464,-17.74000344,0.564056832
1449,29.13539136,16.42758633,10.86216309,-6.862931435,1.424154357,-4.134601775,-4.003679964,-25.05869324,24.9863157,44.31485378,2.660792982,64.08663442,-11.1830645,-5.285687698,1.312217713
9010,14.66241682,5.175721878,9.779161039,15.91728879,0.518057888,21.20038936,26.48474973,18.14576099,49.00804228,120.3844399,1.455304635,151.105705,3.015638898,1.98715776,1.815734066
5199,7.276606268,2.662893372,4.141884508,2.897024252,0.639127087,4.826424289,6.900700543,3.146266765,47.72969442,127.4506743,1.342007971,103.8032587,-4.122977839,-52.57475008,0.829960392
4676,-2.41344666,-1.37096819,-3.655487589,3.321585951,0.381264388,4.23940693,6.94602559,6.892991711,24.47552448,48.38186872,2.132203553,67.28084521,-2.76850451,-45.42525581,0.791293693
2114,12.89177142,9.072385806,10.08874736,11.45957017,0.85029242,10.85851295,12.13078429,79.75284946,14.22976186,18.13872203,3.053637396,10.97030915,8.961429346,48.74028417,1.081266625
2607,10.37344595,3.660294621,0.332384302,1.476137906,1.246633198,2.35827482,4.488007497,1.51637588,48.6398777,158.9527741,1.298773078,74.34952185,18.99068761,-45.60527038,1.081676464
7299,7.55368945,6.208922526,6.055398894,10.24150518,0.691028337,16.3800898,19.69396158,34.53453989,5.735121878,1.182630913,3.438445369,54.94786257,9.248928288,60.82973078,0.540828481
1848,20.8319792,6.786839249,6.475970507,2.623552752,0.945132446,3.967901454,5.016138107,9.229166667,28.56348765,101.7224569,1.164486606,65.77023074,18.22096198,56.81415929,0.877837274
4554,4.973883381,2.491829193,5.805290555,9.656133289,0.56108445,12.45621843,17.32879231,15.12121212,33.04317177,64.95682763,1.546179166,44.58799702,12.00528848,28.57510951,0.902781207
7864,15.00044745,10.38546959,5.744896277,8.826673574,1.055114706,10.77256352,13.00760555,71.81226054,4.641553317,9.160935919,2.367040199,44.81134998,7.995463423,43.03266178,0.975969016
6400,6.232183769,2.355517932,2.646817741,5.437604073,0.90662478,10.12464012,12.12139145,9.860018717,43.02448939,113.8333616,1.38864652,110.829757,5.671244242,17.10314098,0.85259846
6142,-14.64223524,-11.02934238,-19.14618893,-1.873955891,0.730150729,3.03978537,3.293191156,-61.83056255,3.409043401,5.880791438,5.363976356,29.97870383,-8.290591868,-185.3747948,0.377213227
3104,10.71639275,7.635719433,10.43297912,15.09368009,0.664684015,22.101044,23.3011745,323.85,0.932320442,1.797302992,2.004320346,77.48841129,18.84346959,129.7623271,1.126149862
2908,1.982622893,1.695654884,1.666170261,1.981533718,0.706897192,8.001471696,8.073304483,,0,0,3.925673372,53.03078897,2.444584044,-26.12671457,0.712280423
7957,-33.88533192,-19.46761792,-31.86895453,-2.716150268,0.559123506,5.046060662,5.14967621,-7.109385133,19.6162482,34.14403775,2.679691461,57.16466597,-5.66026479,-1376.929493,0.58798712
4901,8.142739392,5.193576726,8.15813617,10.33081255,0.637039925,13.32972238,15.44895407,37.72337751,15.28188684,32.0736573,1.404764908,56.74070026,7.933761039,19.30797723,1.014184573
9906,13.82877274,7.80651348,4.291180727,5.61084916,1.463439027,5.016095505,6.425297641,148.2223597,2.361780806,3.170392981,2.113202939,28.50865328,5.535174383,8.559104151,0.711045835
5121,10.88777588,7.838674078,9.408518491,11.63443224,0.8993144,12.0350519,15.20402632,43.71942204,8.609442666,9.293184492,3.782514384,40.49816464,9.369072732,32.64915027,0.835607966
4620,2.381398356,1.649283669,0.919901574,2.351891283,0.951989429,5.954882635,5.450849847,13.71726572,4.996926236,7.777667359,2.876423087,35.39318647,5.543682617,0.499896111,0.527702009
5803,35.33091366,17.33949009,9.304199107,13.83729419,1.260315769,13.37689853,16.1771538,42.178338,20.30778977,30.73230706,1.996937055,42.05323772,22.45861258,95.03626734,2.269386479
5965,8.910079675,5.111489254,4.941173653,6.408739794,1.038314633,6.318504149,8.391811709,62.88750983,10.3245218,17.99716429,1.60508223,47.95024338,3.943003092,-4.394609809,0.728408826
5384,13.04667691,10.92423109,15.08567589,18.84869526,0.714107808,19.55906117,22.07734029,3927,0.543406521,22.98900406,4.500681581,38.33471275,21.54677868,42.8,1.698033903
2752,1.036985828,0.368414589,0.281848929,2.229738194,1.258676758,3.094074909,4.271577101,3.890710383,36.26427607,102.0739717,1.585523989,53.79652034,1.941003703,-41.54351396,3.026221724
4237,0.042997214,0.026979842,2.474825276,2.072466561,0.61747963,3.758053365,6.933508561,10.01884388,28.60473435,41.01473026,1.574672249,75.724833,-19.83196739,-67.91579635,0.99006428
3138,3.284828302,1.385278161,1.362458034,2.797935908,1.002772133,6.796176278,8.494308889,28.00757445,7.868414924,18.65790768,1.536771373,2.221742184,3.486945644,-47.19308268,1.068944642
5940,12.60162602,3.494055952,2.124023904,2.363632892,1.206190197,4.052351223,4.465700594,7.910543131,28.95617303,118.1814292,1.329378091,117.406932,3.450523405,39.57158963,0.819863036
6257,-9.917055026,-8.445140267,7.422608897,9.226233488,0.643760932,12.61381045,14.533052,319.2,0.005461397,1.953909958,7.09053138,15.09897815,-6.451612903,-34.61696026,0.579216434
3370,46.4398167,3.954199612,1.978753302,2.329001896,1.731835992,5.156253673,5.391857987,2.188426673,73.89064468,1730.000083,0.897972928,1154.428983,6.618879279,21.329926,1.210814782
1770,6.856076841,4.253250183,5.475169465,9.041376,1.018145256,7.253292134,9.706481936,407.6946133,1.850027304,1.606578608,2.146656636,17.32259408,1.156314147,35.23522803,0.827702379
9722,25.23765549,9.401622923,11.33115458,16.82478903,0.850333117,19.74171992,21.95868494,31.28571429,28.09458284,79.74898041,0.704079548,147.0934574,7.601264909,12.07961007,2.227938806
6702,18.0300006,8.974077479,5.831077069,7.910502079,1.01249261,10.61565312,12.44257934,25.73607038,7.064195633,7.745819129,1.56616778,21.19336115,2.103287762,15.46323935,1.955703151
3600,-1.199823011,-0.955230951,-1.909987293,-3.468265318,0.481868708,1.229432783,0.952886118,,0,0,11.43662411,26.04617242,-2.74329055,-68.92785977,0.331574237
2211,3.349605832,1.909444747,1.698757089,2.37625253,1.214822793,6.179427558,7.097810268,22.91129032,15.78793976,27.69568229,1.856160533,74.97608602,8.704902531,23.57546759,0.9906096
5185,5.78869529,3.154832372,3.27024103,4.79605608,1.153626918,8.890549539,10.41524923,21.5,15.94418277,38.27240375,1.881141961,67.0148357,0.911679629,17.87280702,0.760058175
1899,6.177760951,3.761968049,3.303167421,4.626101453,1.15718764,3.928911646,5.436413432,155.4,0.978464292,1.606796873,2.172587808,30.52468655,0.82298351,1.369863014,0.810825287
6960,9.885385242,8.038875981,13.38421806,18.61417051,0.639322812,21.28382024,26.20299697,517.5,1.484933543,2.482218748,3.609954854,31.05113073,-0.937836278,-2.384275852,1.011479369
9790,14.10228027,11.56639632,28.46368146,40.79635795,0.46864203,35.98559489,42.37956105,,0,0,4.045048203,11.89949081,6.482888358,7.463755146,2.300868053
8968,7.075664403,3.536853193,34.73480036,38.687785,0.104526359,40.98617729,52.89856328,9.489479615,42.48060003,84.98471753,0.670547852,4.100499831,17.32095497,25.37274646,1.206887197
7870,2.830433192,2.113893852,2.231362405,3.374841523,1.039613592,11.18995674,11.10513082,34.30754298,10.05658027,15.88504293,2.327167136,63.58576527,9.448917638,1301.767605,0.551901698
2291,-24.14726584,-3.562015813,-2.59940701,-2.522237115,1.887534499,-0.986962349,-0.824499411,-8.871428571,46.66560179,349.3232269,0.689342122,251.9220357,-2.270471956,-48.21002387,1.140327946
7871,4.566072795,3.138794447,3.667475546,3.877617392,0.744979639,7.029745078,7.237385235,221.4285714,2.971617484,2.776259701,2.647006122,22.55984261,0.598968164,-11.52968037,0.600164714
9075,4.658523023,2.660613493,2.891618043,2.434750988,0.602540672,7.96740442,8.664936611,15.53797468,22.05646788,39.29127222,0.824756622,125.1572833,5.192601273,-29.5147861,0.711683772
4848,15.50277067,8.213721585,6.194724643,10.24771129,1.548147183,5.970709726,11.80804641,161.5102041,20.98070187,39.59946855,1.603741418,21.53666677,12.64805415,10.94910977,1.439442006
6546,3.573851071,2.154454667,1.843178264,3.351095168,1.134280291,3.400746046,5.158502097,73.12755348,7.091247973,11.76309929,1.756171734,41.56188464,-1.788054867,-25.70538653,0.939633108
9221,16.82541295,7.716580175,11.01107945,12.2849849,0.797196588,16.12969883,18.78264011,26.81551094,31.14456088,84.29992711,0.746750703,151.6673546,7.196536933,10.87651127,1.380626869
4998,7.273519164,2.827458827,1.980935359,3.584098356,1.159986178,4.778346467,6.117475018,16.85987261,25.78728644,51.32641748,1.338889223,42.19591384,9.135240572,10.10815308,0.848711813
9757,25.32543246,18.92042662,19.58074582,26.44250414,1.011039886,24.36823739,28.30942342,737.1443627,0.829359247,1.110116702,2.432317789,10.35576254,8.761559531,5.875908213,3.271916226
3266,9.891107078,4.470266576,5.597398151,9.979459089,0.890480908,5.5631633,10.08216364,6.701149425,46.16541353,102.1476104,2.956909361,27.73744707,3.069865914,34.02298851,1.009966411
3137,-1.191017816,-0.06325377,-7.449875455,-6.45582555,0.559445205,2.065610946,3.307777654,-3.087172521,88.89475281,1582.477083,2.278919104,1340.994617,-6.897553614,-370.9577422,1.523028774
1418,20.49827588,9.153584562,4.16203752,5.168886778,1.927988381,5.462127853,5.841150665,37.57483694,19.78270166,39.06164101,1.718272372,28.099733,34.17199664,223.661673,1.105987938
4881,-130.5569234,-96.35203203,-608766.5605,-525053.5032,0.000123194,-502404.4586,-511713.0573,,0,0,3.744634981,0,-94.87514281,-82.82841165,1.938605048
7062,21.80820902,3.880944689,-3.22514194,-1.3860452,1.01823053,0.849130395,1.775635499,-1.027561865,70.55485199,161.6838479,1.628068504,263.7201513,32.79406588,-195.0218799,1.017569949
3944,3.154495283,1.54826186,1.765355488,2.421566888,0.870995554,6.090228186,6.30967247,12.7652995,15.28546721,31.14326812,1.206539365,49.90661531,-1.30838791,128.7025338,0.59655166
5715,11.18195231,5.689071087,9.253240299,4.994632634,0.778421037,3.602596215,7.39752306,18.64564007,22.24754674,45.98001667,2.198271642,72.46901972,6.884810496,17.90239324,0.768145414
5801,15.37956888,5.320278496,2.776506496,3.919078819,1.218811342,6.038882907,7.357446816,5.107135112,32.5868071,92.97826851,1.410626146,81.13197048,13.74634652,321.5717866,0.973755654
6814,18.73167237,11.83894061,11.90191728,11.55416169,1.06172159,13.69758776,14.49977243,69.13617021,10.06974902,15.93244241,2.986480186,20.09826965,10.7622506,23.24205416,2.138083064
7826,11.75777678,6.124162428,11.27241674,16.62280625,0.485033686,16.71866014,18.86927273,7.661044177,23.56502785,33.61025434,2.141862863,30.18800663,20.72926968,-2.812308946,0.979785901
6238,9.33866315,7.439665526,3.672959676,5.047676853,1.566696283,6.966647802,10.23281369,5808.890909,0.993589632,0.042307285,4.176209912,13.11506663,3.593708648,-40.66943313,1.111123504
9361,6.613206767,3.2805908,5.076552684,9.24834318,0.577862521,14.08237869,15.31868334,22.42531947,22.04254804,46.15174868,1.347302342,121.0687237,4.003669877,67.72179371,0.633928872
5256,15.58362036,11.23208486,9.935193898,13.8669997,1.291688654,11.64409561,14.78379269,2114.859375,0,0,3.296249947,7.130747676,8.547485226,30.69940807,2.001469964
3977,-20.53032459,-10.2075212,-1.108544421,1.116587949,2.266258203,1.889630829,2.505658722,53.15506329,28.36741197,46.04287131,3.006196937,19.9902201,2.478590615,-66.56514989,1.246829903
4368,12.63081712,9.287663359,16.72306423,23.35151284,0.505020766,30.43364932,35.3071034,123.4016226,14.1812928,17.29954539,3.626494036,64.37601496,17.85858105,46.43921882,1.121798923
7505,19.17729971,7.192930985,4.604213022,6.269725025,1.525518898,5.822841314,6.67534257,1785.696875,3.251957788,6.033050642,1.351261583,4.519800192,16.90002624,83.76733603,1.088576609
4538,-12.12359653,-4.854463052,-5.429057345,6.822647491,0.761884993,-4.398725294,9.837689679,25.66459627,25.79796903,89.94643344,1.095420453,69.94219653,9.305683397,110.2798982,0.852264474
6986,-0.024621605,-0.018795133,-0.58400532,-2.687255798,0.468617454,-2.483581345,-0.47177654,-17.47297297,0.69245227,0.659599834,9.022803796,21.69940908,-14.62739532,-13.32164768,0.350849294
7241,12.18500255,4.5655962,0.877805811,2.125571345,2.18008827,4.942837263,5.863069647,18.71731009,18.09195541,43.3395681,1.060614181,111.7616052,-11.14573726,-17.77899344,0.829427397
4722,18.66305474,11.81824603,15.41194584,21.28748701,0.790058896,18.30694932,25.78658561,94.05232558,15.32577875,24.20205561,3.364020171,4.139909171,8.750965969,10.28770112,2.141123002
4392,8.851755673,5.012787724,5.886769785,6.262201532,0.844648803,8.477248836,10.28682985,23.82857143,24.30946292,42.92649881,2.447177325,25.51654059,10.8355526,128.4931507,0.992442942
9241,20.10870346,5.620807138,1.848732642,-1.073739568,1.624464747,5.163621157,0.780171778,-2.809927156,24.84433506,82.12392051,1.339428865,36.83991206,1.949448572,56.96271503,4.126550308
3927,27.45309699,7.533150043,2.502958997,4.285308559,0.878453846,4.984262894,5.682874224,66.9528403,6.477302088,25.93319942,1.816768622,1.563401246,42.19044157,763.5194913,1.336983632
7508,16.12635845,7.362298528,2.306553526,3.326966455,3.214619207,3.893447408,4.760681645,98.94444444,19.73931324,63.59059373,1.274254208,66.55921901,10.95226745,2.947976879,1.353159825
3474,-21.47693158,-6.338413029,-3.892767014,-1.109766502,1.551172264,1.142556815,2.202581031,-11.02150538,19.66250368,66.62397108,1.626546026,45.57661226,1.835482745,-244.9187578,1.695729731
4179,-77.44348424,-24.6835168,-31.60176853,-25.19243893,1.450327224,-29.5753042,-25.13937726,-58.1197465,25.53666596,65.5126427,2.03950655,0.84521735,13.24030459,-17.58239534,4.062930669
5970,4.955150609,3.052715426,3.667390849,4.829129242,1.084651847,9.688915878,10.56442032,23.20396601,15.65625136,30.48142387,1.827670436,83.77795511,-1.557743593,0.855753248,0.571356028
3491,9.601789999,3.594755372,1.562581594,2.940786593,3.120164439,4.588125183,5.335272166,9.520156047,34.93383513,128.2249173,1.354023307,11.36260458,31.10547021,88.44272844,1.614713002
3775,16.97718692,9.489608211,6.247368645,5.415224572,1.506888013,6.499950124,6.15204679,46.71129191,17.82070925,31.88177058,3.517623827,1.99104751,3.804359597,-44.32922744,1.358572667
9470,6.142544242,2.276678592,1.796915412,4.137224474,1.475458304,4.956834858,6.515701666,15.93423598,26.33087633,78.2345758,1.734300713,32.79254133,7.303600875,19.72097079,0.88662568
9769,24.47427783,14.6370484,14.01698852,19.72327741,1.146892088,17.80657605,23.34398502,196.4333783,13.4808942,16.34438151,1.236567289,88.74256508,0.694851907,-2.721396188,2.326297134
2301,11.07803259,9.635886142,17.17155465,21.17184432,0.651134492,16.90223326,23.8456647,,0,0,4.40889466,7.31573985,2.688419599,-12.18330154,1.396453352
4777,-119.5321535,-14.625778,-20.55734152,-8.563225671,0.646875629,-6.406720199,-3.145565181,-5.814191315,40.05523921,327.3596112,0.617492858,362.8118846,10.14161337,50.48414903,2.290656375
6420,11.94337119,8.647094559,9.191742129,12.68074618,0.960249032,11.03958236,13.88176578,,0.029668979,0.023416462,2.67312389,25.47418335,12.7997237,8.793590333,1.050616515
6249,6.273037543,5.485175403,17.35624308,23.76535076,0.571988454,15.42455068,25.99219944,1803.6,0.592387006,3.421501706,9.536698771,0.931740614,4.566121965,-14.30200513,0.618338003
6552,5.911895666,4.716473934,-6.831632199,-5.703619993,0.952522641,-6.152124923,-4.529140798,-207.4646997,1.341272248,0,4.336522387,1.972799718,-1.313236024,-393.3837992,1.264489721
5885,22.47520614,13.90825129,8.095454469,12.66656221,1.482550671,11.03252319,13.49671713,,0,0,4.274698542,4.718336725,49.96542007,26.71169431,3.282397064
9991,8.928517546,5.527070317,4.072613178,6.14164052,1.041953698,7.204840879,9.105333931,403,0.624807374,4.248513925,1.888708434,36.83051205,-12.98344696,9.721332479,0.706757933
7060,9.861533563,3.800524047,0.197898074,1.969367209,3.45898396,0.652476261,2.447583796,19.33290418,29.01880485,69.53738383,2.432607423,0.751106975,5.99251427,445.3896104,1.170990239
9166,5.619600971,1.645260875,2.140678155,4.34810612,1.014831453,9.809294618,12.35339926,4.282583622,47.80076863,163.2696978,0.702867837,104.867964,52.78031238,-6.778809942,1.264081422
2411,11.23542014,8.214410024,4.662065373,5.456439641,1.374440666,5.808047923,6.693579893,83.8,11.72989906,13.23494406,3.720252167,13.73482504,3.504515433,67.6,1.06484511
3224,-4.727166825,-1.997188871,-0.530483846,0.088023438,1.408265387,1.838151487,2.23823024,0.59833795,11.07731503,22.06445789,1.951836642,54.40720157,3.593942611,-90.0095395,1.799114698
6267,9.675698282,6.575697532,7.90776117,10.6236084,0.881861916,8.606624721,12.09894414,1473.083676,0.970438865,0.714516397,2.615664598,21.64102508,2.583469997,7.36375052,0.786037399
3195,6.239547853,2.542030032,0.975181991,0.691022,3.61550849,1.328003156,1.159180645,12.28703405,27.18120516,87.46415271,1.632643996,4.146309928,1.951305322,39.88528379,1.819280298
4492,16.33737641,5.492301482,5.183352331,8.537323118,1.39239513,6.02514675,10.45901748,61.88606353,31.59848701,101.9535651,1.385771476,28.38729461,13.6622311,10.19778181,1.506287774
6562,11.51845962,3.797304021,17.26067206,13.8390625,0.524603259,19.13274803,24.53773091,10.25578457,42.71237864,276.1745747,1.070501316,49.42181275,41.30305718,76.82678548,1.433713605
9828,27.67878077,13.48757498,7.351197534,10.06788001,1.98648927,10.40728006,12.91202276,98.44927536,23.42187946,62.57913247,1.464348469,69.14419695,9.109365855,37.56553753,2.222487319
9267,14.63277682,6.094908436,3.519169663,4.810594364,1.651832321,6.492484536,7.944278984,44.71759259,26.79795121,65.93546455,0.940609879,148.2424946,8.615168235,7.13176575,1.463782338
9341,5.40362321,4.435518489,14.12606169,20.24896611,1.196496284,14.45262246,21.04797863,3822.890566,0.244364544,10.9326705,5.190746891,2.869422358,15.23135634,-11.96364761,2.184607487
2681,6.218751383,2.223830827,1.060867166,2.630772864,1.767475596,3.075743157,4.813769527,20.30866426,47.44409767,165.2692359,3.542089565,62.25720101,-1.424231528,-33.08950342,0.927128094
7357,4.433381053,2.825408328,1.057600413,-1.585326079,0.837401453,7.548771484,-0.091588752,-15.44396552,8.675397393,32.38167677,2.202082174,3.13556667,4.046309681,-334.9809227,1.396832873
3157,10.30652661,2.67566752,0.908497289,1.091900179,2.126337903,1.238963177,1.430315419,27.47142857,15.30070524,46.66350956,1.203978428,79.77010505,5.888612983,-13.8054684,0.898830033
4018,-2.893532378,-2.252623183,2.716269633,5.466062663,0.914130092,4.113903756,6.070212567,,0,0,4.374993333,0.561808965,-4.302888538,-50.82478823,2.359169948
6907,4.253485828,2.367334393,6.825698664,6.130831572,0.334836278,9.509728139,9.036320937,16.87046011,12.4320221,21.55143127,1.882538863,21.62056186,14.66329044,,0.819162393
5282,4.381911809,2.768787411,2.928588825,5.437463273,0.759246328,6.268275922,7.852959194,728.6040395,0.83065033,1.221539807,2.056062089,34.88734117,6.012306105,-15.2875759,0.616266677
2686,,-10.11679195,-5.723473799,-4.196394053,1.834168668,-5.046919481,-4.157733807,-8.178082192,57.26843511,,0.851597832,,-5.117132138,-196.6459627,1.444795821
9279,25.13389939,11.69077353,6.09239341,9.387071779,1.824202124,9.898308439,12.77357218,87.69895581,26.0964343,62.84540803,0.709964767,129.7485894,26.00764922,15.76517554,3.4408231
4449,10.23174464,2.093678701,6.615308502,18.39705986,0.327549686,18.19209838,25.33041204,13.41752577,35.35543328,172.7809357,1.16305505,4.175776126,48.09503873,49.16905444,1.629114933
1438,11.26787648,8.053813849,6.131479997,8.583198182,1.129902674,6.518509471,9.190945437,316.2649824,4.34489801,5.917990697,2.767263546,33.64445391,20.63371123,20.36228336,1.368429431
2375,20.0348627,7.1362684,1.222157044,0.095531063,2.756300701,1.351270192,2.07054493,0.895188786,25.5276242,71.31702856,1.495918635,29.73296359,-12.24779568,,1.207356272
1443,5.625653798,3.798950308,10.02659565,12.71771127,0.293856217,13.61573491,16.10112096,11.54612068,20.44839761,26.94145463,1.806060177,56.20331349,-5.092951609,17.90513729,0.517536064
6289,4.316743205,3.626694473,5.646049284,9.746744124,0.547694803,9.575881839,14.94095759,285.2222222,2.485922836,1.479458856,3.534756188,46.81891523,-10.66449578,-22.79699248,0.963426261
9853,1.715790698,0.891042239,-0.980118777,1.053965187,1.283721442,4.194911957,3.938385428,4.14527027,32.96817258,55.61220222,1.169583229,51.67619176,6.1063317,421.8956323,1.404582335
9219,-5.231526334,-4.482239507,-4.168271853,-4.155055127,1.070831395,-3.206953082,-3.528615671,-455.0593607,0,27.33662145,7.488633274,4.303989783,13.25730513,-174.4661137,2.513706207
9561,-4.412258659,-1.456194346,-1.803450242,-2.012289985,0.739910553,0.277883324,-0.43921288,-4.022318379,27.91630999,84.58622357,1.807995145,3.707311906,12.5972085,86.88668213,2.279840563
2970,28.42884185,8.68422436,6.74148133,10.49989798,1.288312917,6.716996531,11.48745154,22.37391304,52.05803501,170.4181724,1.961904762,35.19187747,43.08653509,66.64507772,1.423881802
4073,-79.48188064,-9.300429891,-7.934376134,-4.339789701,0.856179396,-3.709099624,-2.5040001,-6.493590784,63.97298445,572.9926115,1.429345863,8.125474511,5.969670731,-236.6826619,1.520833279
4171,9.211611178,7.326081187,9.041939162,12.38713301,0.810776827,8.842844591,12.59869046,,0,0,9.396078156,1.760086973,-6.606723264,-27.34987094,1.516902978
6189,2.359346642,0.907006877,0.2666963,3.181835019,1.519801841,5.589509946,6.256250695,16.84313725,33.32502741,89.7718434,1.376066597,112.1856365,2.075771325,8.734177215,0.966783592
3486,30.80541751,9.431023917,6.658260909,10.7371577,1.604980686,6.781170961,10.84175923,12.5477251,60.59600574,197.9302855,3.247664819,8.54540373,7.414135147,29.734015,1.385960608
3271,27.4100713,7.303058337,5.965718617,8.77045498,1.376196874,7.529571904,8.821410641,6.570714283,63.77426969,313.2982354,1.942496286,2.886042201,128.3819617,207.7601482,1.455545523
8958,8.416439332,4.259691447,19.1853033,21.10464946,0.217654664,86.46806882,24.78634907,10.26141237,44.43752273,87.80112803,1.787312979,16.81634428,90.93530148,31.93481936,1.196817175
4417,41.98315573,15.87764491,11.47599989,18.34922487,1.199176865,16.10030486,19.22174339,95.49633396,23.70593025,67.04916121,1.321856761,8.991978008,25.68500863,45.10311988,5.167541691
7126,15.42310976,6.020038642,4.390319667,6.995763655,1.530951187,7.08118862,9.18621159,24.40903002,32.94554313,93.13899916,1.05836271,89.70988977,2.619713522,27.35739509,1.288368251
7625,5.466343951,2.757415943,2.253978547,5.037041549,1.272279678,7.758538838,8.206636198,17.0923589,23.7681574,47.11836229,0.971598432,139.3321892,15.87603923,-8.630001102,0.873521233
3936,9.381686907,3.794401824,-10.41937491,-8.501639025,1.651043269,-8.639741012,-8.501639025,-390.9281437,13.632676,16.73906311,2.683935201,0,25.05701911,31.36870987,2.432831639
5575,30.07434099,12.08590704,17.19890347,25.12831881,0.82466694,23.60907297,30.2121558,290.5946328,4.80352069,9.182249078,1.398534387,1.627408044,27.0615101,28.59495661,2.48598979
7990,8.443133399,4.521003536,3.857786955,5.250719857,1.113583086,7.737351088,8.951227184,12.96812749,26.39504374,47.02392658,2.515042242,45.26548673,-1.607040823,-13.16526611,0.84965608
9565,7.497260169,2.232751942,0.134692165,0.656087998,2.15013641,2.231107138,2.415209875,3.52,33.39218884,102.9070287,1.269386859,31.32204405,25.77087445,11.63235998,2.118076221
8938,-4.771625415,-4.326200116,3.426333823,-2.202643172,0.240254013,9.495839452,2.251590798,,0.636205899,0.574126053,7.280201342,19.27787701,65.02423263,68.75,0.783948902
6457,3.345473708,1.782386705,4.350206088,9.532081178,0.810236616,9.483031947,16.04478926,13.89218009,20.09532327,35.8065983,2.011002883,19.57561102,-0.929182395,-31.18054469,0.809137826
3281,6.849423875,3.530793897,38.48645479,42.22227974,0.091508898,49.32520093,53.03354957,9.831678833,45.22704141,87.73640892,0.969242571,0.074370633,27.02892182,20.76936796,1.23632886
7214,1.679780574,0.438462449,0.571165525,1.87351641,1.194406328,3.615013563,5.707674035,1.578512786,37.69997719,171.8655769,1.128911243,136.1328825,7.706116363,19.13394985,0.67128604
4051,26.75791065,12.10199933,9.103358029,12.59045459,1.278766993,11.39428306,16.11345632,153.7908973,15.46650735,79.92174063,2.052908402,5.273332353,-4.157097896,47.32455682,4.206595738
7177,19.76838799,0.742602585,21.16362458,31.69377874,0.035238809,26.12483034,38.28373478,230.0735294,17.1542832,456.6541147,1.075025737,2.4599315,-6.856991905,84.81984643,1.035614404
3788,9.732616479,5.300765985,4.862873699,7.13702316,1.117634817,13.9520456,15.42519891,45.40431491,14.21422532,26.09841746,2.116332987,8.758040938,7.850721731,18.34215719,1.880063371
9449,14.47748177,0.790647362,5.871465079,21.43475624,0.145166006,22.11413407,27.91338458,9.914869467,33.29326575,541.5101465,1.238019941,76.34709273,3.338211747,25.18169721,1.074837675
4784,40.03454977,10.79413135,7.081020522,10.47257728,2.538545958,16.60004074,16.5376585,64.265625,17.21200124,63.83790398,1.162978654,66.22759663,504.3209083,5782.268814,5.713912077
6180,20.52239007,10.15486991,9.091800929,12.66879418,1.163052119,11.54796904,14.27460701,1128.145181,0.325123996,0.65705632,1.597303443,0.57545964,7.701483157,18.20551825,2.102398974
3769,19.83360763,5.509973667,26.45987603,37.66366501,0.219558497,36.06368944,42.41613801,61.03209104,16.07119225,60.21778923,1.380928175,2.962944584,11.81042692,24.93083777,2.261505465
3633,31.38780285,7.724715235,8.015583027,8.510194676,0.959485474,12.61024739,13.12538992,109.0043245,7.540126378,30.63776372,1.180777964,21.08213448,0.332084268,12.48212016,1.766451297
5250,7.507267672,6.639206153,12.14708628,16.19017771,0.546382627,11.55703663,17.53250121,157.9911991,3.874481618,3.744951297,9.046489588,0.339708731,3.479998553,-32.34498808,3.467390846
3695,6.392043879,1.643976175,2.28267527,4.996623734,1.093326654,5.866518123,7.184068368,371.1100218,6.868232622,26.70479351,1.18264618,1.031560401,35.66403345,44.89394912,1.74435043
2160,-8.434022258,-5.064983113,-15.81222057,-8.546944858,0.344690507,-0.536512668,-4.310730253,-1.316121629,26.48255779,44.09777424,4.245778612,14.90659777,13.67243492,-319.7206497,1.981886402
5410,7.394638868,3.907396551,5.517570748,6.700812382,0.78175217,7.805593595,9.171097325,21.89490446,25.34515795,45.07743857,1.769043109,67.53164557,-7.920574377,-22.97350288,0.692213426
9146,15.21246283,4.773234727,5.998485468,7.62333838,0.821380518,13.36257538,15.0342958,13.33340776,50.94163528,162.3527393,1.246422529,193.4922721,1.603746237,58.26159053,
2340,18.3128415,5.371253823,5.076762415,7.519418113,1.244475484,11.68932707,11.42943851,13.91051713,24.50677169,65.60138257,1.087893454,185.5196107,7.682835883,52.36160291,1.85479058
8871,3.858085833,2.317581919,17.116133,25.66737216,0.137370251,17.68280194,29.28586059,14.94831014,34.18444557,60.58861786,9.973858087,23.26886993,17.90702355,31.08437936,0.86268683
8111,19.93060526,14.41649247,18.47549223,16.55719738,0.895874596,16.15282869,18.29484902,576.4736842,1.72277085,1.795566346,2.498943596,9.805857786,4.253508475,-8.139388602,2.670490721
3032,15.78687056,3.365570199,0.296516702,0.482099484,1.631549683,3.701988631,2.588069432,1.854746424,48.57791641,228.0672355,1.492571831,34.7770504,2.489348413,,1.027068485
3475,8.799223739,2.699774522,2.787246908,5.379280197,1.273047787,0.81711935,5.570144377,7.238150295,60.0529743,319.4077415,3.130542667,0.583807888,-8.655469404,-46.16606442,1.527050258
4437,20.41759366,11.15141674,3.835270071,6.873756214,1.656488748,5.940270109,8.086892933,49.73728326,8.996792823,77.31132857,1.481210815,37.50673318,18.20016729,20.53231106,1.246593568
7351,9.142625273,7.212147255,8.004065635,10.96213136,1.024102248,14.0815168,12.62914771,233.062291,4.727256534,5.044947417,3.550291911,1.178719268,28.97782305,1514.681689,1.766863274
9850,3.424771757,1.006652441,1.543015769,2.251737251,1.216890365,4.594390714,5.232784104,4.203429763,44.32976959,169.0549217,1.18097365,171.6892009,13.60781297,124.3084543,1.442462596
3261,-0.115843928,-0.056086473,-0.090768875,0.762114378,0.680635915,-2.658460523,3.083050021,1.044616799,40.45752288,83.56307929,4.539526241,3.260865114,-18.8788706,-94.60341982,0.955510742
8999,3.074270559,1.110665981,0.901128279,2.269171659,0.752975628,2.28367496,3.093252313,2.83213482,53.20664795,148.6624818,2.0348447,47.61759605,4.733136308,3.003766169,0.862680863
7137,-19.91868248,-4.849128667,2.573535838,4.004015992,2.895826717,4.303191176,5.484504339,14.56498821,47.63309191,614.6522268,1.206220065,151.2695898,21.96553624,108.4279177,1.132467582
7847,3.611816532,2.677308694,12.25840535,17.38583642,0.477926451,22.8663192,21.49666206,133.2793017,11.11499184,23.76287456,5.352254069,28.03711426,15.8775459,250.5371689,0.980418311
9250,,-30.80362639,-15.83544311,-2.276463248,1.831237014,-0.229566125,3.853039284,-4.36575965,58.58969324,,1.153140511,,1.363830133,-271.8406811,1.844695713
3632,1.57277422,1.106872239,2.090665546,8.511495159,0.436486616,2.659732801,9.04554289,25.58421053,19.33828454,17.85542452,5.435561522,1.984411252,-6.847281802,-18.75313388,0.967077647
9212,5.877736137,4.171603495,11.83954444,-0.390733607,0.377087694,16.85147939,2.614251455,-2.928222997,4.9459948,6.825024441,3.340319581,10.59205163,7.268837154,97.17594242,1.824690231
3913,14.66399418,12.15923688,21.19647422,17.16328306,0.607977363,18.39495687,17.72527062,,5.963332296,7.191756439,8.345877272,0.66747359,19.27481082,223.9815542,1.964345774
1436,9.037309611,3.528474405,2.371660284,4.457781646,0.904706602,3.460272041,5.755705398,5.464449275,42.46901008,148.6396485,2.636690806,19.41497376,20.05599415,-5.21441175,1.294250576
9656,4.620148307,2.408984763,7.548893461,11.39540791,0.32818377,13.43932295,16.9119934,11.51543292,31.99893558,61.3701798,0.198862514,169.8182849,0.633340647,-5.078954468,0.789921695
6547,48.6587403,16.79668951,10.59522611,12.70419982,1.767606637,13.48172021,13.9893242,11.28264758,42.45980598,122.3929389,1.8288852,77.69423559,21.17698748,25.6374502,1.628025014
3150,30.73610956,19.24521152,13.67125426,19.48676544,1.398763601,14.88282321,20.08591991,406.3702152,14.17273073,24.78023611,3.052849627,8.88488962,11.47641608,24.89025327,2.455501976
5582,11.30835374,10.08432461,14.45642297,20.75680365,0.48412118,23.17880795,23.23226302,854.8882236,0.131725378,0,8.715968786,0.13812032,24.89672217,17.13199601,2.842407243
6674,9.824029598,4.914535459,5.241237895,8.620636179,0.859507657,11.24237516,12.93982838,10.37085406,16.88822005,31.15140024,1.719084355,63.2871052,3.09879072,20.273584,0.780867081
5579,14.01793702,9.537943442,6.204277674,9.546107251,1.319733408,7.251555614,10.02744577,163.11805,8.420179505,19.78477948,2.440403372,12.55938874,5.446765556,-4.986317958,1.195072238
8101,8.834673935,3.32395423,1.424420536,1.78263995,2.131872944,1.325351424,2.038165772,10.57706093,16.85362346,39.89230872,1.466568307,9.788605996,13.23378524,2.394170715,0.928222876
3903,14.1793514,10.07256721,23.07259038,4.146648103,0.413849797,-1.336145148,4.807765315,5.710959157,16.87924787,31.0481204,3.078239963,0.634396854,-25.88826232,,1.258423908
4229,4.464680577,3.524389857,6.289081683,7.510230807,0.492550069,12.28351612,13.04959895,163.8571429,1.22663366,1.415189161,2.996563167,45.21770595,0.775321676,-15.97069597,0.493150361
3765,1.144547952,0.830805905,1.510049119,5.424594067,0.54063049,1.447845392,6.509941872,174.4137931,0.534005216,0.735664699,10.00455492,1.147799509,-9.998069498,-71.08392408,0.914129542
6047,2.039543997,1.731961882,1.279107904,9.445719908,0.496559586,2.574614628,9.494916366,,2.011798518,0,4.599491418,0.115781974,-16.96623094,711.2676056,1.280253282
3002,2.652996157,1.980247625,4.579300889,5.778276946,0.852590409,8.841354464,10.78640869,93.21176471,5.633247118,16.43062105,3.176000978,56.85567097,3.184708583,16.89288876,0.777942851
2440,-4.438092908,-1.972188284,1.567934969,1.755566742,1.19416449,3.462843492,3.657504398,7.956524667,30.55106849,67.7594792,2.369977661,9.943655108,3.664006386,,2.052850927
7603,-145.0567261,-24.48365477,-11.22036741,-9.246131565,1.672701772,-8.933607744,-8.300937571,-173.2857143,12.69320202,73.50081037,1.664278737,24.39222042,-14.86144461,-33.2967033,1.276751568
5989,13.51875,4.84613575,4.702272677,6.294681014,1.267011171,8.503364089,10.49464157,8.04087346,37.28757548,118.1125,1.092913187,107.1859375,-1.9700941,257.0611636,0.810761519
9603,8.296622614,1.199233816,1.265056043,3.116808628,0.934482111,5.210583588,6.223164463,5.742716049,46.35182357,319.5981519,0.743846569,285.9908313,8.671439473,7.120486367,1.079267284
4544,4.062283485,1.992259874,1.135685629,0.965332785,0.845395504,9.441004012,9.501903096,3.969543147,30.99341159,51.26499654,1.715818428,53.64037487,2.563832032,,1.066671283
8242,8.769952115,3.610271883,5.1106036,5.012621762,0.946501012,7.059826126,8.605973665,39.7372093,22.47559545,55.43695132,0.725124586,106.0278665,3.705354427,34.03671164,0.949225566
4925,7.552563174,5.461822989,4.780087663,4.887409695,0.97368876,6.138132119,6.203851837,34.62619677,14.71872939,16.36808756,3.398661674,33.26858677,-2.12898839,,0.809844771
9950,0.981486906,0.636991401,2.868822394,3.211704258,1.430245661,6.476569719,5.90349268,45.77358491,10.96354865,13.8954645,1.765802786,66.17949382,7.99675542,12.36206186,2.129768898
7856,3.816011387,2.762879848,5.618780526,4.596307327,0.748646969,11.87173855,11.28624831,32.47204955,10.5847159,14.06886026,2.700062594,59.56686512,-3.568302112,-30.01883614,0.80551797
2831,6.08159131,3.661831662,3.294979282,3.817088272,1.105113213,5.62128576,5.719661265,167.291904,4.651533314,12.82757266,1.857584949,31.59109965,1.563353574,55.2990567,0.8428507
7637,8.913917713,4.718374802,3.368436532,4.492369522,1.526243424,5.506957841,6.297295925,,0.16719951,0.412604589,1.674425108,26.96252596,15.99402345,18.23210879,1.029442556
2433,5.349618195,1.988590647,1.129635923,3.942239509,0.914361897,4.89994923,6.706275778,28.99845679,12.07580335,46.43286209,1.518138321,14.80366717,0.690765292,9.603662982,0.984598964
2173,38.3126151,18.79553863,8.201560732,11.10051867,2.580747192,10.03073702,11.77858098,134.0538191,12.51413266,25.50866763,2.019371845,12.39052366,23.83024602,85.85657985,1.812553748
7433,7.750282245,3.896422654,2.801788864,4.321449438,1.365976094,3.822358614,5.082644854,25.12380952,27.06096214,58.25221982,2.320789897,10.66121502,0.597101831,3.627078696,1.091118764
9731,16.721517,5.906448934,4.782072829,5.373669468,1.295675275,7.3232493,8.125490196,10.9,33.07223914,93.62952515,1.139678822,114.18273,2.39788894,4.442508711,0.977891682
7119,13.17876754,5.169195424,1.836133215,3.778367227,1.654839418,6.486884763,7.04391394,26.16326531,23.00770593,53.71568029,0.851104384,39.7071385,8.005729747,-10.1611773,1.190421288
2742,11.56047801,6.607602382,3.98151676,5.526364756,1.805606774,6.256922354,7.782720031,129.9375,8.036909051,14.06115335,0.825669299,113.7086919,7.101237473,1.654306902,1.198209927
6497,5.670353634,4.3469681,7.624528284,9.618314679,0.578634064,12.91205358,14.29411381,,0.781406727,1.019297214,4.17968255,29.64215426,5.144348313,9.423449959,0.595197363
9037,10.8207997,6.077919797,6.089944637,9.010145362,0.93318657,10.84831047,13.2394251,71.0483871,19.1494299,29.36723277,1.320272376,115.1989191,4.336567738,5.131264916,0.958285446
6965,3.980754039,2.804227704,6.698388595,7.62269454,0.475302008,16.26448354,18.16591292,20.10447761,15.83964699,29.70278861,2.178583275,46.85589167,3.966444565,-49.67308052,1.341913992
7682,5.110205474,1.7268256,1.332330724,3.109745628,1.345340933,5.524903867,6.34480096,14.24642803,43.02920379,120.135356,1.702767621,140.1452394,5.495945265,-13.73467752,2.445451668
3134,4.808809208,2.93765664,5.58201993,10.2457748,1.422599292,10.81540138,13.81135908,35.36195487,23.55433122,42.57282934,2.144904726,15.40081562,29.99807859,19.4574371,1.491720279
9156,,,,,,,,,,,,,,,
6561,30.88176146,12.34482529,19.29116614,27.82995185,0.654048974,27.204629,32.6058675,29.49935044,37.9092357,94.83357977,2.042201785,97.37942314,7.770307541,15.34716534,1.607348059
5077,15.78873388,11.31737339,8.403600156,11.71253183,1.677287094,9.837140123,11.84324557,,0,0,3.364682755,0.643401588,22.87567497,90.8208267,
7636,5.087835598,3.568799163,2.94303072,3.54481889,1.338498715,6.247134342,6.141104998,77.3125,12.71360484,14.55087836,1.857962963,72.63285825,2.271328507,42.18390805,0.728755655
9042,7.067532137,2.203630217,6.088065815,10.01758136,0.345297532,13.07137165,16.07664606,9.190219644,38.61060411,138.8760604,1.153204938,199.7199515,10.95046065,4.910587567,0.948287844
8977,5.507875133,2.617308728,16.33637306,19.06737803,0.160450119,78.52569259,26.11714296,6.855624735,47.52839226,100.018942,1.238311756,65.5970422,141.4256097,11.3961723,1.184796917
6018,5.537865973,3.277604342,4.021077149,4.573881065,0.558601714,7.186420914,7.811849324,1191.451172,0.119194412,1.83320684,1.86550156,57.64194037,38.4006966,10.79079854,0.708724213
8078,10.27447684,3.375950523,1.780456087,2.408794784,2.190092469,2.245789219,2.802215999,7.060585198,32.79510724,89.29321039,1.957469621,23.48090096,5.03844604,23.75158377,0.835305715
3174,-406.147953,-14.29809961,-9.145718083,-4.571784557,1.384192235,-4.226569649,-2.925798701,-11.23216717,66.7693443,2064.759109,1.123099217,134.5200273,-17.9902044,-155.4762702,1.281504701
7552,19.53764909,8.787364679,1.856110291,3.204836205,3.049306116,2.730655456,3.863694988,,0,0,1.656436896,10.11100733,3.982468805,34.56619426,1.461508962
6904,8.946314342,3.058477245,0.370895748,3.85883082,1.165771833,0.177097281,6.872153212,4.214353598,45.45964638,120.6446751,1.208811121,47.38129467,-4.63066248,68.53734503,0.924009163
2674,12.92744911,8.948651099,6.901161351,9.59772984,1.336306608,9.894896437,12.18066923,182.5110305,12.06249364,39.83728156,2.304332004,26.32371835,11.37970195,14.77854193,1.260542929
9780,10.48453097,6.51762897,3.069584499,4.053996867,1.931598699,3.626601182,4.703489872,140.1795188,5.702087002,19.22757467,2.058052142,27.6852483,5.287709483,17.74566468,0.813399784
4410,4.93665122,1.842189437,0.755400669,2.063243768,1.017041993,3.761162703,4.862087401,2.111448835,42.54328096,114.2153055,1.136557827,86.74095304,9.396729124,,0.826172231
7444,5.56389434,3.797972638,2.085056933,2.936456029,1.780744141,3.047263493,3.804961653,220.1072987,6.782131387,11.76535759,2.044691293,56.08349038,0.391456883,-0.4559808,0.606686306
6324,5.823624839,4.046189001,6.242214616,0.012570549,0.478131897,15.15253045,14.43100611,0.031161183,18.25380652,23.41741579,3.825711957,58.21885991,-0.269757281,-94.38513405,2.944629014
7416,-3.082521918,-1.712105298,1.854145553,1.731447959,0.793254396,3.544050451,3.460983698,16.20544433,20.15939048,40.13910126,1.873413298,49.72552337,0.612991422,-32.51322121,0.671990359
8230,3.683623027,2.31974292,4.263237234,5.676465046,1.110251046,5.893159977,6.981345393,35.44117647,18.16629845,33.00908946,1.842735043,20.19614097,-0.338028169,-25.75477511,0.652332481
1808,10.21327624,3.980213932,2.926055312,7.194104062,0.866837184,5.522472869,7.890751542,17.71966527,30.80003487,78.63422006,2.378371543,27.04399915,7.577705472,-1.22218594,1.016005612
7570,9.52749327,3.601169591,1.747923962,1.437047521,1.998102673,1.663249445,1.787237131,16.85106383,17.61403509,100.8323792,1.103343534,57.16805397,6.236466559,2.857142857,0.89477681
3930,4.936375167,4.018767237,6.084047564,8.94611812,1.189562662,11.84429,12.47103001,259.3537051,0,8.877223034,4.788178739,2.625740538,14.66881528,411.5095448,1.413374655
7425,8.237084833,3.716630182,2.346361799,3.412503884,1.602057988,2.92192166,3.865557139,215.1456777,3.836361893,8.502443564,1.532259828,46.06051926,1.770808126,-6.162751186,0.806601423
3895,8.313856078,4.906861817,5.017122904,5.185457096,1.05290963,6.157821698,6.732942379,53.30255388,10.64007773,14.21816233,2.130436772,42.42897753,1.502518384,-8.004892202,0.704100954
2286,12.07700789,5.153445281,2.141392819,2.184017699,1.738554558,3.456674853,3.799703656,10.97959184,30.43572669,60.95326944,1.436943272,58.32414553,3.991127858,54.06908481,0.723028299
1719,15.05545918,6.806622831,6.219540879,8.289820303,1.19287072,7.065340107,9.113980619,66.75189394,7.416356386,31.31180384,1.543456693,20.7000882,7.873584216,89.57078313,1.110787363
4011,4.335787392,1.497228662,1.478343812,5.87817048,1.378496906,2.934123753,6.582470949,22.20348668,49.33978178,142.8818517,0.633818032,3.195289411,34.20734685,-25.55673899,3.458490338
4593,-45.33742331,-12.99988273,-2131.730769,-3272.115385,0.006657065,-2981.730769,-3007.692308,-44.77631579,15.31605488,53.41513292,1.997828784,20.9202454,-81.42857143,-17.26395589,2.572075208
3455,5.385948856,2.455387755,40.26305389,50.3555294,0.060383027,66.66306431,74.18392711,4.960952011,50.67703909,120.8962825,0.332016392,0.519651526,2.380469253,0.503105541,1.035098477
2344,6.413237766,4.003231143,12.8562413,16.33991418,0.308364049,17.90761085,22.12746527,,0,0,6.097534687,77.70239808,5.114271052,6.873473237,0.660612926
6412,3.906717243,0.906905491,8.956103848,18.98373176,0.197167259,18.16586342,25.19898263,14.36255187,61.00762839,254.799728,1.236924541,252.140768,6.955514331,18.18104221,0.987509568
9929,0.777467343,0.424227251,0.729943762,0.889966896,0.861664298,1.99064911,1.901059858,5.499961452,13.45364606,18.16034354,1.653257464,27.68988998,-0.570810331,-9.725912991,0.685971541
8803,9.145840219,2.572335004,22.7332145,31.36541889,0.10193575,33.13368984,44.86036839,6.792074112,60.55903952,224.8154645,1.852562718,239.2816888,-5.306866518,1.336097673,1.092788651
8966,7.576058232,3.696164651,39.03501748,44.49360848,0.098994624,65.74929363,53.15943624,8.057405905,47.0331051,96.4041315,1.015113713,50.2117204,25.21106584,25.87862618,1.23479217
8276,4.806071688,3.005477571,2.063560288,2.919027736,1.468712307,5.333678357,5.965026929,104.8110236,6.784202878,10.84864705,0.750590068,106.764763,2.49743199,-0.366766467,0.841577496
6927,12.30834688,9.364887203,7.378887754,9.12235333,0.469229048,-0.385896774,11.0105302,259.1010072,0.511088158,0.279291387,3.749248732,10.90592354,-9.208613465,-38.848357,0.955818414
4475,33.86133258,12.22126104,12.43561167,16.41818549,1.143217937,13.05629738,17.10065506,616.3061856,1.373287261,4.000433543,1.240038773,7.699724387,30.59359573,76.71052282,5.400058469
6433,-15.82950051,-8.904631496,-9.062745821,-5.411741334,0.43183181,-0.41104201,2.747228763,-7.186926945,28.25426705,60.00969973,2.78592213,81.03398239,-2.829595382,23.42092491,0.898094346
4382,-1.012558939,-0.573378548,-2.996898545,5.167630528,0.746740799,8.397521871,12.1972135,16.87389868,25.0856869,38.07590732,3.051781034,4.644213701,22.47496716,-31.0387509,2.117578281
4172,10.70501261,9.502301689,18.61668515,22.83415104,0.528511824,18.32868498,26.50702572,,0,0,5.237618602,17.29344596,13.85362249,30.16813231,1.259921553
7279,23.42301192,14.8102687,2.768616645,1.115667016,1.111444897,3.958266885,4.300233787,9.75,3.809427539,19.74717946,2.167227321,35.52505367,-1.381079311,827.0491803,0.690818879
2469,25.39585338,6.580975698,2.897112976,7.013266524,1.398283882,10.60481227,13.33378172,20.34634146,43.35554951,153.8623043,1.224758399,85.81926341,17.78919701,48.22148433,1.266751237
1982,11.23954781,7.950758144,6.578976678,8.306417482,0.906283909,7.252801105,8.584857327,,0.017014462,5.534883063,2.74668375,1.23940633,7.191805353,29.95295348,0.971153825
7611,19.02365909,13.83989745,7.600817055,10.57648436,1.808299358,9.459703538,13.00053202,,,,2.149649611,42.54757467,11.90577639,19.40279777,3.584356932
9029,19.00702405,8.126805157,3.752351118,5.693100866,1.684722888,6.302159912,8.128381226,83.91106211,29.95998352,74.17435573,1.13776345,85.84830621,18.43473831,25.1048033,1.072082955
2058,8.784573432,3.119380274,0.566331587,1.040634291,0.967136793,3.808579924,4.353674076,2.773584906,48.95559552,117.1016751,1.24810641,116.7705493,8.57801691,,0.967224381
3948,1.619170107,1.302779295,1.959534734,2.61080607,0.677317997,5.276559488,5.125328377,30.37484976,2.741106292,3.406806806,3.579506687,42.02831728,-2.165460103,13.23285615,0.781677008
2137,-8.658488369,-3.947881016,-9.742940084,-11.91203507,0.402864199,-4.495164603,-9.372318323,-15.67095993,7.248519279,3.156591127,6.160865571,15.47364706,0.620987835,-2904.466357,0.749012614
1445,-16.75935526,-0.877173199,-0.690735162,0.654346601,1.310756406,2.603918754,3.616212611,0.702251429,71.66684521,1369.273618,1.726102486,274.9453519,2.478050486,-38.1885223,
9435,13.9283403,5.373707416,17.11797924,15.25490385,0.308564394,14.30523208,17.30514614,7.92051728,39.40572562,112.5279852,1.680341579,2.561414479,14.05520078,9.763459342,1.315540486
4299,9.904939739,8.087318087,7.157090668,9.996678844,1.289507495,6.957821322,10.09631352,,0,0,5.235220649,0.636564251,4.084807282,5,1.203741061
7514,-1.26140469,-0.588504171,0.01819776,0.473141761,1.727057143,2.038149122,1.828047711,7.944444444,13.83556165,24.35858184,1.612914559,39.35460168,3.307013946,-7.443365696,0.837810524
6866,12.41602394,10.59878649,13.46503168,16.75623622,0.813461712,17.1012664,21.43848621,765.5965506,0,0,4.331329884,39.2719329,3.211451073,-9.756747675,1.750201839
2136,9.61443078,6.480362778,6.929803386,9.467939845,0.990883976,6.720469781,9.887411153,112.6307294,6.774317344,0,2.966680013,31.5582472,5.464344459,1.985463154,1.034628228
7863,5.040038854,2.840076341,3.185093183,3.73046228,1.258178783,5.541996985,6.593662799,61.18760469,8.058501533,15.87372662,1.705763336,40.46012215,-1.635911746,-26.10969966,0.85102031
5821,8.726981585,7.173183883,6.577494968,7.363158236,0.654407937,10.80773976,12.18752029,66.70588235,6.54056808,14.70595832,6.404042553,33.54683747,5.033076451,35.88975434,0.620180114
3059,-16.32384926,-7.00801169,-5.956007659,-0.029428844,0.823509119,2.256538041,2.208706524,-0.111403201,44.6733054,108.2947687,2.985189388,68.16453014,-2.657129724,91.76668681,0.859840367
2764,-0.627001522,-0.304128781,14.35578575,2.3424549,0.62674331,5.321347475,5.628274706,5.095495532,31.50092239,61.99958237,2.274181466,28.09700636,-23.06381105,-6.415655654,1.392112132
6245,2.005918326,1.197756205,1.873411454,3.663595608,0.761671406,0.945097735,5.421708972,20.55783647,10.67500683,13.31168441,2.155269361,19.44902975,3.001844193,-45.26117224,0.78782705
6258,9.535157645,5.021729669,5.400019475,7.795950924,0.677864049,7.84263744,10.00243186,28.40522879,27.75549373,56.34276347,2.033367724,38.75834562,6.813582808,14.05844101,0.830385323
7781,20.82216813,8.423602809,2.369272916,3.507596907,2.938464093,3.018900909,3.731772498,80.43947069,10.56301142,19.75182902,2.25621233,10.85156485,2.629828819,13.53315663,1.23547174
7337,7.882886454,0.327829801,18.99770978,23.88722777,0.015137295,12.466866,,,16.51659818,416.5328143,0.247988301,22.20733506,9.994868446,95.19993068,0.988402827
5130,73.32563867,11.04028682,4.620919306,8.05588045,2.913190687,7.422721154,8.941828927,25.62925381,71.56624311,475.317405,2.902850007,43.38433621,18.01171158,194.1736265,
6806,8.175670747,7.2594071,17.43902439,22.65072326,0.46182203,30.1177278,32.12226798,461.344086,1.247643128,1.64015918,8.559592623,24.67154941,14.4469485,21.6817924,1.510215544
7185,9.267049147,1.557269543,21.85041143,30.04009292,0.086215713,17.85395804,30.54386872,,6.291032944,41.20586211,1.206521475,0.43787995,-4.758656925,-27.99034626,1.052377451
9033,4.196927207,1.682327396,4.090895607,-4.209558278,0.33296128,11.22252218,3.580646118,-5.478764479,27.24678619,65.7151075,0.515179047,177.7809736,10.64465306,-30.42279412,0.765995211
9535,3.634845288,1.914455256,1.841803592,1.367978601,0.685537439,9.772367487,9.616245428,6.73655914,34.67548402,58.92522269,2.384173168,100.402895,1.020183082,-60.67168864,0.628565729
3346,-87.32814609,-13.0436597,-17.60891582,-15.29052053,1.986247158,-16.50939486,-14.87712116,-33.84873711,37.06858201,157.8030111,1.609205619,171.5634489,-0.998095361,5.927032093,2.631957191
6247,6.699639534,4.8320979,9.863635178,7.644773551,0.465692048,12.11639246,11.95212891,162.8888889,6.115094864,8.381255763,2.615264903,45.39693185,12.20889409,19.33251933,0.600512599
4530,6.566033856,5.218677314,11.75348415,10.99101973,0.459073821,13.41274904,15.31614977,853.2380952,0.646853433,0.813857858,4.084037447,20.73846892,4.498544928,-5.175698561,1.353588684
6305,9.358647881,4.229075726,5.833798226,10.57322147,0.756220982,13.95275235,15.95846232,7.12826942,34.08268872,73.71663473,1.631871519,68.37188958,-2.464066439,-13.71140524,0.98972028
6501,14.08390942,6.198800088,6.293577775,9.931199576,0.767139716,11.21972286,14.34209276,20.71124659,9.078908375,18.06455552,1.116793518,22.94366549,0.561780198,28.55059962,1.73759964
4433,2.693680212,1.146440645,1.342851752,3.924775143,1.571726908,5.777092899,6.025536197,36.17391304,20.09700652,62.90433982,1.868804035,27.12098538,8.623840675,60.41131105,1.022751183
7686,15.3427896,1.79982806,0.398471535,1.324769169,3.842598412,1.86225969,2.109074148,27.41538462,25.48046258,244.3498818,0.823908455,185.5319149,3.947266742,-37.86610879,1.276840282
7219,3.889314778,3.111246469,4.026493268,4.440223603,0.672190086,11.69279751,11.84700923,111.616354,4.032089743,5.681656758,3.785457824,48.01791394,-0.307762975,-4.646595136,0.429165074
1382,-0.941805617,-0.585555958,1.024242025,1.577768742,2.062038646,2.262434249,2.39456777,212.6648045,0.330187128,26.71464295,5.908337329,12.30364173,-4.220214298,16.39860568,1.649471725
3560,18.94465874,13.25806118,5.16663175,7.109560655,1.281271178,9.663065095,10.51667239,,0.128180321,0.675274708,2.716850255,5.204141603,15.17087747,12.6725813,1.335947194
6745,14.24801664,9.394902683,7.582755203,9.475718533,1.153881341,8.297324083,10.94350842,329.6896552,1.419887346,3.26471235,2.866493169,21.42023445,7.931753757,28.6637061,1.036171657
6469,9.475796772,4.327857912,5.750491238,7.845537271,0.782773078,11.63994888,13.87060069,12.60543095,29.2688062,64.0837257,1.602733611,115.1377862,10.96670614,62.97424584,2.877433903
2345,-319.3996396,-256.1974469,-5147.001883,-1844.312618,0.000609843,-2334.644068,-1843.374765,-167.2353142,0,0,2.309237925,0,-98.35443744,56.80964809,8.871465448
4112,4.703606922,2.862581081,6.542056075,10.03746552,0.603397199,13.47729425,16.24809585,60.19753086,11.00328082,19.46050493,2.62110951,60.72097282,9.753507603,23.3805668,0.577680313
3593,0.298692212,0.226773584,3.883693597,9.308089325,0.395461159,22.94956308,23.97669784,52.04285714,13.96291945,16.37290781,4.257778634,61.57230504,0.097186701,-12.61693452,1.297780618
1832,7.784215424,5.151075707,3.599564744,5.053318825,1.412137106,4.687704026,6.140007254,,0,0,2.615472387,35.09651466,14.68576848,21.91109555,0.69714196
9085,10.86548312,7.9379827,6.287075786,6.294341666,0.929484768,9.760160937,10.35232322,787.6710709,2.325829939,8.029331584,3.474779505,60.99519933,6.358569783,93.71583228,0.518552349
2573,3.850765541,3.078341014,2.826388654,4.446061673,1.113118506,6.83241377,8.030667163,1313.5,2.066359447,2.584855193,2.59080633,57.26342003,3.914878649,19.138322,1.192549376
9509,14.89442046,2.601422547,7.119204747,8.4909645,0.409902983,13.12827517,16.61033221,6.968701665,63.81448688,442.0450987,0.850462327,480.9272552,-5.42376471,-23.98094387,0.888127552
9534,14.42931258,6.297923101,6.109398397,8.414222379,0.881896003,14.41498576,17.21248422,35.73316708,34.675475,67.58731703,1.119300629,141.5809709,-2.064582914,-8.123877917,0.778162524
7693,11.20163227,6.268847101,1.770703289,1.128881602,3.278672538,1.901041718,1.356495719,356.6111111,0.327344388,0.454939939,1.958597806,16.70975357,-5.899643017,-30.83998869,
5902,5.50887996,2.393385882,3.53065928,4.873456757,0.693906665,11.96940023,12.04189615,10.25968109,32.57181291,73.37229731,1.530113704,103.1327732,1.634170213,11.42998516,0.684109955
4992,9.018903592,6.148195876,9.06259542,10.00101781,0.687437903,13.27633588,13.66310433,233.952381,1.288659794,1.890359168,2.643107068,22.4120983,6.342677779,8.215859031,0.861478163
3865,3.959959114,2.506433793,5.079517725,6.453005711,0.732632457,11.46056169,10.80636403,25.75456919,21.24011058,38.20630712,2.1887202,46.01080983,2.915948508,29.21142258,0.855941629
5446,0.201447178,0.134303473,1.991548553,2.325644696,1.03626009,6.154814274,6.019271867,30.03740334,10.17592728,14.6750425,2.024802788,57.72817782,-9.72217823,26.42015299,0.527087206
6989,9.104917888,4.787591156,5.080467755,6.022924627,1.018033946,7.898575894,8.398749566,35.63013699,20.86584095,39.89345309,2.715222981,37.59520979,5.817059126,14.43026837,0.745304882
9505,18.74213671,3.836694752,7.797587558,9.366943466,0.449767109,17.76596585,17.00151526,10.60734616,62.12997962,295.5621512,1.33226136,312.7188916,3.373263816,-31.89424859,0.878133322
1930,7.930649534,5.734099857,5.731292823,7.826352797,0.900839165,7.621342637,10.1246246,1088,0.543594643,0.202765817,2.980012023,29.48533935,4.136859058,27.02860479,0.836643441
9537,6.181350755,4.630235217,3.161572731,2.283006759,0.96340801,11.82474155,11.88178244,11558.41803,0.16822638,1.291228251,1.694862579,77.07944219,0.58723119,,0.445648051
1384,23.69109023,17.34699157,11.24400681,9.929370521,1.042513168,18.63174718,15.73439192,642,7.512028558,8.57768671,1.911392405,79.89825479,2.624199778,-14.2475512,0.876755852
7897,-0.646197701,-0.27407341,0.198961212,-0.668632121,0.728471087,2.596950924,2.335102203,-2.194562147,36.52661278,87.92554242,1.324123633,94.24605689,-6.876291885,-153.873553,0.79475084
1379,11.09350796,5.855788887,5.34390643,7.939449365,0.78724926,13.71534463,14.63347131,54.08196721,30.72477235,54.55569638,1.557064013,99.97887621,4.630725455,107.4190506,1.014079675
3055,3.164311354,1.327220568,0.853785738,1.011280195,1.964600629,1.185353016,1.445771481,,0.210239334,0.016169194,1.26076555,38.19972189,5.145915951,3.536067893,0.706866186
2747,1.831378746,0.623232421,0.289356499,0.613150345,2.103596862,2.238841465,2.289844524,3.444911249,33.62316161,98.80221485,0.711222022,191.5496852,0.774369245,-5.57285219,0.878886947
2999,11.03008152,4.396167849,2.232854616,3.246500642,1.330088567,2.939979474,3.397371299,3.461819522,53.22234233,148.7036816,1.877698961,6.620908916,-11.99057471,,0.922172196
7267,4.023930824,1.611688145,3.853778318,5.594997632,0.716391772,7.466643908,13.03112805,22.10075218,38.25786614,107.376164,1.356651074,72.67340222,6.167591227,-12.19202635,0.779287034
2792,7.021556737,5.923147825,6.469096201,10.23567444,1.090385033,9.317595188,12.55224467,,0,0,5.899991166,29.47065145,1.996998388,-15.27370365,0.957475995
2483,9.619942885,7.333208629,6.455901069,7.943597885,1.303854853,5.318440516,8.31226388,,0,0.278075781,4.147986325,3.1013141,-0.830035526,-1.305269178,0.954283149
3284,7.695045558,1.803089104,5.928184649,10.01378143,0.535373282,8.282964201,11.64259438,5.988319273,59.7905014,322.0244875,2.611691838,45.46080106,6.636348909,3.094626299,0.950578647
6195,17.5786003,9.467121925,11.39902015,9.285504368,1.520889961,8.579927156,9.966469162,816.8879552,6.511949605,55.27766479,1.870029705,3.296582521,22.98595097,27.87829092,1.957491332
9679,6.319859779,3.135552432,8.147002206,10.09156959,0.306706199,14.03759483,17.4173988,18.19490825,15.3042304,30.09418421,1.826361542,160.6475865,11.52434706,7.948823411,0.922802641
6856,10.63989696,7.15657011,11.13572975,15.92435474,0.666231954,14.92850088,20.06899223,62.25469484,13.88672896,20.64583495,2.985548153,37.90759116,4.95070407,9.722595726,1.620538564
3077,26.31321755,7.792356577,5.618685516,5.942621869,,3.539770426,7.385165013,14.87770176,43.74468632,147.7169886,1.23360259,29.69558232,,,1.337423958
7634,7.852658493,5.885367076,9.690511973,13.12573048,0.634188752,14.95062119,18.61367872,363.7898697,4.445319506,4.41335845,3.167722236,36.24559153,2.193215403,1.044345431,0.819347831
3287,4.35216145,2.530401798,29.22391382,36.25445373,0.086943497,50.69166068,55.06704234,5.034541739,39.47756287,67.89938555,0.981903637,124.2638342,42.31424502,23.82108632,1.019562419
6465,9.716816774,6.627163222,7.851365535,10.68822161,0.865124047,8.540410381,13.67696392,29.98441109,1.873026131,2.746250713,2.524469387,23.33880104,9.067441834,1.727684081,1.563235163
6804,11.24097579,7.875513658,4.054190515,5.48287158,1.31936891,5.113280635,6.912764419,138.5102041,5.818383355,7.247161784,3.791581926,13.96979696,13.09259513,5.013151787,0.804247801
6277,5.229176275,3.421457356,5.804292638,9.041721158,0.776813326,8.892991769,12.07144139,141.04,1.431853135,1.899760484,2.317185339,46.24734078,-8.706339545,-14.36551305,1.174815058
4274,4.0768533,2.85213358,10.7799344,14.25846693,0.450496553,12.96675024,17.46593415,65.12746416,13.89588225,19.68198311,2.332751791,58.2686894,11.25429755,49.35680746,1.22968374
9720,6.6253112,2.777920161,3.084010183,4.649853174,0.752178469,9.24677748,9.768378003,7.173033761,27.23363489,63.89032634,1.13616404,144.6942646,11.49672435,19.10922979,1.445251701
3196,3.574855993,1.211663035,0.794259797,3.49775402,1.633565868,5.40011162,7.384307379,12.41386791,35.19868293,103.8491883,1.22149731,103.6216009,10.65484403,-29.86840958,1.906678502
3190,3.767978559,1.693664886,1.52642122,3.019841846,1.353181777,4.700676631,5.019563692,23.68722924,27.38644716,71.83196334,1.26679348,84.76270313,4.337865435,130.0709052,0.799531751
3680,-44.3086593,-29.80473058,-48.95179228,-6.189113145,0.526551757,4.929039913,5.839222138,-26.6760713,16.34663729,24.30143028,3.406397659,7.54845005,-14.45441254,-148.6416602,0.985711144
2810,4.122285476,2.77447055,3.961092899,6.341743337,0.727683381,9.481069565,10.80185658,204.1122449,4.686099376,6.269999283,3.006954896,37.80372443,5.279706275,2.737544941,0.846544384
7506,1.34212064,0.906931238,0.686745385,1.052413325,1.357496144,0.711610839,2.416442629,62.89742268,0.872800575,0.286101115,4.211499905,26.05268032,-3.293101067,-66.77422341,1.125334821
8996,17.07127659,3.869493533,3.891808244,6.581443852,1.021738045,4.675981559,7.331862478,6.12642079,69.1092534,304.8934364,1.94291769,99.06627083,16.83797893,26.17576143,0.982937635
5035,-6.370996553,-4.076271371,-4.082010559,0.764779349,0.96347599,7.198291293,6.230155251,4.301129678,11.39310859,17.80682613,2.681392439,27.03752301,-2.834326719,-53.53056347,0.927159287
6203,2.391118702,1.315673549,3.016876787,5.050952592,0.771743861,7.366979498,6.988359447,33.89189189,23.40019383,32.39218617,2.567015209,26.77732707,25.47761043,224.8704663,0.887404275
7064,6.750628702,3.574942276,3.775549056,9.81283897,1.011367875,10.9191601,15.89488835,44.1943662,14.73853541,27.83104522,1.754491436,25.69108271,18.05225533,-37.61363919,1.715677079
7741,25.70740116,20.28683976,23.33655107,39.67913426,0.710473477,30.77045652,45.28828034,259.1508296,3.020632305,4.254108989,4.900789937,21.65143944,13.56158456,15.84170765,4.872583474
6597,20.0534286,11.54311938,5.999802957,9.006286705,1.520960696,8.122054257,9.824413343,72.78835374,11.61928722,29.19880517,2.54517939,4.541738553,1.714864767,49.3598291,2.221243594
3030,17.89608306,9.165440631,5.33023801,4.671680543,1.77492838,6.871408449,7.191618852,22.88712371,19.52060544,38.11517529,1.919142672,40.15511183,6.773828281,17.94601895,2.344229077
3003,12.51802421,3.261032016,15.71715878,25.68255832,0.221951691,19.50533853,29.38894517,8.586194218,63.29640498,242.9739805,1.399047505,211.0213444,22.95952604,14.3645056,1.103440856
3295,5.929019817,2.819429535,34.10992774,39.19376143,0.083972177,42.32220769,47.3312656,7.524584637,46.90527331,98.63778879,0.459295026,0.711720817,-5.471296744,14.30852979,1.088363843
7361,20.84340703,7.071710741,4.454511736,8.74102993,2.366083494,7.087286216,10.66223528,70.14137065,25.35026012,64.92438519,1.367279533,6.913214165,24.83744975,24.40512935,1.483599311
2415,14.21306717,5.058244737,2.598509206,3.385377016,1.965151432,3.391406192,4.299610054,68.10450754,19.28275599,56.27976369,1.703232057,17.60173898,4.622871214,8.006415817,0.968425289
6090,10.84885914,8.719345475,17.62331925,17.1492312,0.584540376,21.42248406,24.28405695,100.0890493,4.651811089,5.560419512,4.144540531,14.92991973,8.124794248,13.3320313,2.032365854
5621,17.50766522,13.1769744,10.82313768,15.40508506,1.123903182,13.50923212,16.23194026,31093.16667,0,0,3.395353468,2.071657604,20.26149593,79.38917351,2.797278702
7561,4.8669695,1.63427622,2.665190924,4.234643055,0.655541447,5.529607084,7.79192031,9.613065327,48.23430073,133.614536,1.750384934,100.9044452,-3.391715318,-21.40509449,0.832332776
4260,-1.242245927,-0.680751952,0.619292488,0.571056969,0.76017719,5.196244837,7.084240573,0.568901917,30.61955057,115.8407457,1.914301244,29.14194906,-3.519894459,-86.40927188,1.528102267
7368,10.10295978,5.486530326,7.242888322,9.759935862,0.704486816,13.03306963,15.14691176,,0.064567645,1.42695067,1.181616359,49.19180238,-1.204822484,31.96987749,0.978469736
9362,5.625386359,2.130482285,3.169168002,3.992423139,1.05604924,6.513186653,6.935742387,14.42105263,41.08006867,100.5151453,1.079878386,130.9705337,-6.217545778,-10.01642036,0.908248184
3054,7.833986909,3.502547078,1.74673383,2.323376816,1.922191916,2.781318617,3.219559156,39.22340686,11.81463717,26.42525879,1.969339251,1.456456236,11.00905026,22.10133179,0.954916568
7133,24.08045933,8.099827377,7.201246615,10.53278088,1.48957841,10.2528153,13.37670393,19.70613476,37.51684108,138.5129409,1.38928726,139.5010587,20.50417742,47.98116741,2.129851209
4495,27.67007188,16.01086613,14.89776364,24.13681189,0.931858231,25.7195401,34.964162,,0,0,2.005282418,1.409624772,27.15108391,30.76110685,2.38551416
3854,34.61316182,24.67912589,18.07917856,24.97474717,1.284387126,20.73717522,26.99972065,653.8459973,0,0,5.047520824,4.869803524,10.20347085,13.01724231,4.752093211
3845,-6.394055244,-3.94882864,-5.517598147,-2.792347148,1.606042531,1.193064304,-2.459161143,-18.45532476,20.66708088,27.75723642,4.392118711,0,32.7141376,-704.932413,1.823268642
6535,14.94359164,8.863860753,13.73560015,19.19825344,0.829291781,14.75752508,20.26662951,,0,0,2.184292522,6.682695272,14.90792634,16.42253521,1.673424979
4933,14.91869673,6.995464853,6.528018486,10.18753055,1.546651088,2.510776341,11.54734924,655,28.40136054,42.0903101,1.224729242,7.308227045,8.075787047,4.680365297,1.510831386
4177,31.26317268,11.38115311,11.7598757,11.37786781,1.445712664,12.75345416,14.56843906,181.8616787,11.03048391,13.13835983,1.256094729,2.265950847,10.46853066,314.7592111,1.83964668
7509,8.935205831,4.936216043,3.364935377,4.82000437,1.333815978,5.084413412,6.83471776,52.17448983,15.78490221,32.18040196,1.527139412,74.60303448,4.555137458,-2.53980321,0.611875852
4062,8.135251124,3.688970161,9.123095746,12.41865979,0.334078018,32.31628753,27.12215377,35.12940276,31.71739621,61.70684716,1.676995701,93.79382053,-0.290139834,-3.552733923,1.05510283
9334,21.87788711,4.788621527,3.224998583,3.715640018,1.673046678,3.466663254,5.785053716,9.487047841,55.98048397,255.7593457,1.491521577,60.04017932,22.30375224,61.43918033,
9343,29.28166925,20.27302481,16.96210918,24.01518774,1.354806743,18.53888371,27.08176535,2795.306977,1.652992422,2.387526174,2.554756201,0.770111878,8.208193535,4.035369093,3.44314903
6071,20.30425322,6.087106629,10.29749594,17.88882855,0.767148458,17.76912349,22.05271385,78.62429736,37.28640528,124.3731481,1.102288167,80.27052593,13.71509178,39.92153037,1.522873432
5699,11.68396184,7.383727716,5.981316537,6.427554859,1.385597891,7.307368644,9.864976153,60.2847769,18.66031884,29.52796497,2.684416031,71.86239114,3.613750162,-19.46448071,0.937513537
4769,6.214348093,4.592918392,4.79088415,5.084290769,1.206105358,5.249117412,5.864935877,1580.825153,0,0,2.895063913,2.68990576,9.1072159,16.45883991,1.162693001
7698,14.56808735,3.215893994,0.88027337,1.14767626,3.20074924,1.438587197,1.845017074,26.56987519,15.11773238,115.6825326,0.935841868,164.3013659,8.354442021,38.83419592,1.180552304
7630,7.936704549,5.320628594,3.911902073,7.198021918,1.382870015,8.652584023,10.71308648,67.37142857,3.734612111,5.570866751,2.369609124,49.80026631,7.394840776,-4.272926898,3.322393665
9282,4.242961685,1.899660333,15.51782795,20.89576804,0.126104412,80.58118845,86.00559391,3.922645064,54.1865071,113.2924059,1.709457035,195.9072612,-3.441429132,-10.73660925,1.203612543
3463,6.652071604,3.451466599,56.67121294,64.8575591,0.107490948,200.8276986,75.99785179,7.885688449,45.49956444,92.56118027,2.898487193,0.794460742,75.37087357,110.1498801,1.026782634
2337,14.25375245,3.815336607,17.71008627,25.12195122,0.222875014,14.98775162,30.24177229,5.182816963,68.19902712,254.7853965,3.751782077,142.3275071,11.55998622,33.73589613,1.140769354
8975,8.919484302,3.824499227,34.71548593,41.47114897,0.110078148,42.03785844,48.80462455,6.097608253,51.00570363,118.9553313,1.220901057,21.19521104,55.68687297,22.87675353,1.168503764
3513,4.968330264,3.753478585,5.606940561,7.70058077,0.475131158,11.74446117,14.67699147,119.3333333,3.139211294,3.791384035,4.376934307,37.94977764,2.528853929,-3.849597135,0.518977723
1847,16.36694341,8.211899084,4.744492369,6.936433701,1.498781282,5.943494379,7.190981727,64.78301887,9.907562778,17.92178837,2.289274506,0.850764221,2.724829568,67.48780488,0.792807394
7244,7.842542379,4.675771005,5.298533594,4.968015783,0.882581511,13.81342398,9.988128688,26.56164384,4.178348557,7.00822936,1.787906114,47.73155347,-6.734690626,19.1031941,0.768993139
6186,-3.389462616,-0.741709071,-0.48635985,0.618850203,0.993941168,2.699569332,3.350718104,3.130414922,30.04509712,101.7589115,0.801329346,173.9325219,-2.430489066,-53.67438297,0.888959475
2904,2.69408047,1.313519325,2.159902179,2.691000966,1.118956599,6.989801286,8.032998925,11.02554593,32.69019777,82.95381971,1.165892796,126.8206545,0.26577818,-24.792305,0.957678957
9619,11.06208344,3.491242678,4.297056545,6.607926672,0.759454577,14.77665892,18.80583527,35.17869416,52.98021629,172.2691928,1.685285014,148.3106023,12.0554346,13.60559316,0.873430038
4645,43.31746298,6.711683078,1.718905123,4.616787548,1.366096519,7.243389641,7.899303402,7.579254898,51.1449223,308.9009429,1.538325937,135.3690207,2.845402235,-5.655454138,1.09114355
6820,3.08347808,2.81101126,7.876054233,9.936479129,0.509605772,9.453400235,12.86964877,,0,0,10.78294574,14.16885643,0.945658324,8.955223881,0.622689091
4709,19.21519439,11.58035513,6.588488463,10.42302021,1.704970113,9.248880546,12.10490928,209.7114094,8.670680069,7.377809276,1.802223753,10.79497444,10.99623543,36.52837084,1.762446829
9768,7.753078161,6.292703284,9.672759435,12.9460913,0.653892134,11.86980152,15.99790268,491.3413506,0.849115047,1.04617285,3.96262771,55.04871778,1.257675392,-2.074574555,0.938300236
6652,4.776680771,2.842859275,2.638765212,5.421490056,0.628679661,10.67972692,12.96081923,14.21400778,24.45903596,40.84312804,1.861036801,44.58705532,-7.331765483,-41.79413639,1.076523088
5019,1.696031491,0.61098261,1.132224728,1.76477725,1.877878368,1.888278035,2.908100727,9.693801925,25.90255939,93.1008987,1.263397138,79.86798181,5.402146366,-53.16805124,0.906155703
7599,13.5495684,4.520258452,2.117013224,3.590961914,2.323630448,3.136250076,4.340996563,15.64164087,36.1768645,108.4409012,2.333654034,61.75095816,13.3076158,1.598712986,1.243404472
7833,9.356644491,7.764078054,7.997243262,12.24324678,0.983979324,10.00687603,14.99863356,32755.61538,0.062861604,0.075755766,6.259289133,2.319885788,18.72401223,26.43501033,1.072499408
2924,17.64178837,11.70630202,8.224752514,11.73064131,1.620968509,12.39190828,13.85530383,166.5555556,12.66349584,32.72108234,2.191030996,54.10805483,4.3015141,69.66610074,1.303759691
3791,7.813553921,4.672699317,5.672014561,9.769554886,1.077611069,17.40430202,20.10933487,31004.04348,0.188121224,1.606011703,2.177985934,20.52960669,23.28204896,16.35334497,3.149001872
9226,17.18408528,8.952071487,4.63768298,6.722485859,2.029388333,5.031704506,6.958534464,48.07951482,28.24326782,54.21479525,2.423022924,14.777792,11.54351686,69.17738927,
7013,25.11054002,5.399233706,6.930037601,9.274227009,0.75000242,11.99270238,13.99291014,21.83760313,22.97468479,132.518278,1.164892994,71.56267256,23.0033321,,1.470194183
6038,9.748759056,7.11087213,5.061605664,7.616994555,0.971881284,8.014808828,10.07224784,79.14532104,8.739057545,9.389949924,3.899768897,4.10624206,-0.658845956,-11.51511102,0.976872328
3291,5.668841596,3.001300011,3.473187548,5.395306648,0.79652683,4.959171412,6.564568362,12.28580343,34.9226736,73.82392857,2.842021261,15.61200952,1.421573396,33.27015501,0.81022058
9119,11.59066699,5.503685985,12.94672437,11.93943581,0.473155577,20.27899567,21.92350528,12.08993576,40.02597648,93.42565548,0.610905689,154.6716608,2.838709677,-11.1472486,0.868944884
2722,10.041407,3.939326334,2.112707306,2.79238252,2.513289483,3.183918254,3.812901168,28.34189631,27.50377194,75.5665615,2.180954841,8.390989622,8.271727505,24.42147937,1.078240798
6771,4.971809329,2.354287299,1.133404071,1.229863992,0.697480405,2.517603936,3.67029999,2.5,33.62227385,64.93373362,2.149260544,32.49615582,-4.022589455,-67.9245283,0.665496403
2198,18.73880295,10.94238167,8.745613826,8.107846807,1.082155097,9.557215689,13.11789748,95.21153645,11.5193308,18.06276917,1.304967569,83.6205524,-3.474608915,-26.91115858,1.472644437
7127,6.617347065,1.028282047,-1.70667968,-0.738908396,1.819505832,2.207944115,2.290928221,-2.251736635,59.96799951,429.1999991,1.108211724,220.1871124,9.284940091,-132.7100344,1.663843961
7273,42.75128285,18.41073101,0.251170094,0.221468108,1.11336309,11.62558719,11.91533942,0.786717138,18.66193139,60.11274207,1.173265667,101.9116936,2.219151018,-94.48375038,0.961392189
3803,-95.38038123,-44.11013128,-5.660018141,-11.00473951,1.040100652,3.520272174,-8.727389801,-5078.357143,0.585943222,16.72297773,3.716463207,1.077652955,22.38032998,-426.4884479,2.040902532
7793,16.04577127,9.359983157,3.508609405,5.927477046,2.864305895,7.681095728,8.79075869,234.3582843,4.600076723,7.885888004,1.746717148,50.88159543,21.04404311,26.71298907,1.441677449
2667,-86.05444073,-44.35156028,-64.54346243,-47.60125502,0.585190332,-59.64823407,-47.01043966,-2104.653061,0.44235872,0.507177113,1.640628425,0,-44.55827945,51.87192354,2.616049936
4644,3.540142688,3.167300345,9.297141373,7.069103344,0.481364314,5.649818729,7.399561065,,0.079960084,0.000671414,8.971739465,0.242073791,8.818335938,32.6040558,0.82617018
7175,7.421404004,4.522990971,17.8194557,25.08172912,0.203640799,14.73956308,28.56249034,159.4778076,2.973981142,14.20662411,2.113621544,22.41216676,-11.37257719,-27.69702728,0.675233334
7266,3.859289617,2.596673092,2.210067733,0.417633903,1.182870254,2.482483756,3.599707444,1.979899497,3.727770614,4.601168792,2.566621147,38.15270188,-5.403589692,2526.666667,0.497948902
4570,24.02932464,19.70814463,25.68731544,21.5924574,0.559460651,22.83511753,23.18363583,166.147619,11.060857,12.17512636,4.941859349,12.62237859,18.71333573,88.60509744,2.60101194
9708,6.723708294,4.416664252,4.913514541,3.024139897,0.780911385,7.576506368,6.793385288,,0,19.8469579,3.682571239,64.13875229,-1.359332521,-43.99859205,1.879585906
3955,5.337361531,3.388385722,4.369932665,5.21277083,0.847707063,7.68173698,9.367413311,27.75609756,17.1905523,27.07843795,1.06557954,74.90768714,4.434557979,-12.9969419,0.705857548
2209,10.83162252,6.532916124,4.300407602,5.879510358,1.367477053,8.663373779,10.2616543,54.00601923,5.314563238,35.91138762,1.081113584,87.30595079,6.01195237,18.4736059,1.234556758
7760,17.20801077,8.741931347,10.78535199,12.90897943,0.839312851,14.63129146,16.67688535,62.59459459,14.93181721,27.44867048,1.601250977,50.09256143,16.9528353,25.34217439,1.758410222
9934,12.61335198,7.822698874,4.891253398,6.655260773,1.417557227,5.121454538,7.102642626,1345.105263,0.092837198,5.915976489,2.153109093,12.38852638,11.1889023,19.85649299,1.144163138
3421,3.924797944,2.883024867,3.690683467,4.451431878,0.693418226,7.581330152,9.227101216,,0.003986538,2.808158704,2.419625434,55.2000828,-1.198762621,-39.13751909,0.739216126
8098,9.182099877,4.324482094,2.367283413,3.070880051,1.927633062,2.707325282,3.603560593,17.32592593,17.07370603,38.8710336,2.13675513,9.470346617,9.375187658,21.99620673,0.90007829
5587,15.865028,8.299125508,6.743381944,9.867763587,1.286728814,13.908086,14.4145771,35.13142316,9.394119841,17.25667488,1.293159887,23.87855,28.84987113,64.88566586,1.877356499
7031,-29.56566171,-17.21520234,-16.29274884,0.840543862,0.756017884,6.595486891,9.904057428,3.592810348,22.92940767,32.85637235,2.781016126,7.015016691,-23.3127431,-93.52330194,0.980186468
7078,-67.935362,-32.07301738,-21.92732853,-7.506302013,1.080120318,-4.678079206,-2.727186408,-52.47708779,18.46640433,35.63251646,3.007749308,26.93062374,-8.619270237,-287.6635908,1.702928533
3249,8.220796936,3.656473201,38.35644472,44.04633052,0.085077636,49.62391422,55.44329088,7.531120302,50.77066477,118.1637547,0.822798174,18.6148396,-6.56832807,13.63754257,1.12138833
9742,2.48264952,1.709957471,6.005472968,8.719769248,0.7279008,11.76688115,13.44575105,88.425,13.32993568,10.09644825,2.485097842,29.73566034,0.014793994,22.85515804,0.915449675
7111,-4.933008526,-1.777485188,0.221518987,0.949367089,1.409613026,3.607594937,3.502109705,1.666666667,39.8068905,81.32358912,1.040348964,57.34876167,80.31383738,25,1.030958069
2492,15.83383029,10.5733292,10.21710537,15.21903712,1.139139164,23.52638261,25.87419017,129.8003898,12.48407456,18.69522023,1.704599182,1.550154952,20.38363582,138.561957,5.60892985
4444,-3.286998305,-1.815980571,4.789326436,8.400034816,1.09118889,11.28876068,14.95224003,30.0942623,24.31160757,41.11615779,2.203567122,5.38584226,13.74250066,-10.56739654,1.244952844
9338,23.24191827,8.136784248,12.33279087,14.23037411,0.707000025,28.46120554,29.18201763,13.02420679,40.11349542,114.5802265,1.366919042,59.72289763,34.86226307,23.54797608,1.52674767
3712,16.69018279,13.78616951,28.03502016,39.98527384,0.48232054,30.16537011,43.14387928,,0,0,3.084469583,56.46168919,6.393727379,7.591064987,2.452661194
5076,12.18093805,4.358884926,3.824680136,5.567118323,0.592422662,8.767998981,9.734197945,6.589023879,28.85993198,153.1532499,1.332585934,57.61620847,6.843119063,-5.230175946,0.832628691
9880,6.464619002,3.499195473,2.859417838,4.49633611,0.885200153,7.331690835,8.119334368,14.62932792,20.50174164,36.52859217,1.550141634,41.63189642,1.496013481,-23.71783757,0.808217667
3484,34.36037058,8.801195324,6.177437502,8.142348431,1.134240705,6.685774161,8.471705398,,0.657486831,10.4905082,2.315145408,10.27977596,16.79484391,41.31269103,1.77364623
3970,-11.70079513,-4.761765711,1.262737928,6.58467734,0.82211552,4.853993939,7.90742891,42.31253006,31.25202182,75.61881831,1.327515931,2.203733757,11.02639975,-11.89899723,0.867412339
1605,8.296269052,5.091492163,19.58071963,49.65209951,0.266121048,31.82726436,67.78742248,16.03503476,16.09197334,26.22086731,1.320878733,82.46108514,-11.23143456,-12.99077178,0.821760134
2172,4.037893482,2.419592435,2.761977503,2.868654776,1.999615336,9.787222966,3.392280356,58.6325852,8.556031466,27.55820361,2.545606715,5.963151802,-2.620375116,-25.32027528,0.863033592
6200,33.3081553,25.72129238,28.46190238,41.20063166,0.988558302,31.83831239,42.49727361,,0,0,2.839323673,28.78688795,16.32335209,21.09559636,5.223526346
6656,-1.29860917,-0.411753635,-6.357674254,4.85823374,0.659422677,11.34840609,6.673077817,2.086999923,55.36796346,257.9996745,1.555676496,76.78746542,34.13004531,,1.459389005
4265,-17.56673743,-15.50973797,-55.78346265,-50.2773143,0.64792365,-45.70958957,-48.49765975,,0,15.98368927,10.60278936,0,-34.24693687,-1299.063091,1.813461343
4326,8.173440276,5.665714176,5.345433728,6.52953031,1.398528306,8.801411207,9.008130367,548.2053777,0.710521132,0.501770146,2.429618604,11.77517923,3.621835213,30.55697096,1.721095776
5842,9.735349716,7.2950554,65.73993942,100.1189961,0.113875321,28.66724362,103.959325,31.37288136,4.594072242,6.130851302,3.28113879,1.119797507,-57.6856175,-64.43120676,1.607139142
4847,14.19800128,7.109168029,8.654620816,11.85145213,0.866298917,15.77810548,21.11167186,,0.046655872,0.169217434,1.242750198,14.10229011,7.423999502,-8.99033855,2.04054807
7725,4.863908992,4.188813872,14.68461912,21.27580226,0.48831258,16.72339728,23.77899218,189.6803476,5.569808367,4.83861385,8.127279365,6.672503135,-14.00539696,-10.06033552,1.106624754
4057,5.833826989,3.25941,4.801855819,6.851292211,1.462984117,13.98335878,13.89490997,34.62427236,17.49422218,31.31188328,1.448996215,1.550361356,10.38791554,,1.463728047
3184,12.72915159,6.840055258,3.337944752,4.747223308,1.944665766,5.882498685,7.374160483,62.87470515,7.394403925,19.39670276,1.119819484,101.2816668,15.34475525,0.829419873,0.801946196
6545,18.77133354,7.061299841,4.941402935,7.769467841,1.261348445,9.043894909,10.81877803,19.19016174,33.53232404,84.42467582,1.681979816,15.19391593,4.082130177,74.18550611,1.337789389
3774,15.93724899,7.176212652,6.291366691,9.497176728,1.081061438,16.09217532,19.39898558,27.70718232,26.40613248,52.96944194,1.148965274,56.52921817,14.76057664,3.373642985,2.016917462
3920,16.48792209,9.952505699,17.08097821,23.50099459,0.685452258,23.27645829,25.05237032,82.71135831,21.28387305,37.20399142,2.135772867,3.387612205,14.99192263,46.94491035,1.881030202
2122,4.639370152,2.338571767,2.328728178,4.173748297,0.789356792,3.590574306,6.994685316,,0,0,1.72876803,3.128055608,11.83677138,-33.41580766,1.189221034
3747,-0.66488991,-0.372513647,-7.902319974,-0.463766127,0.917431761,0.250151648,0.571199563,-2.811819082,12.03638191,20.46708632,3.500404164,2.893455922,-0.680988038,-110.6140099,2.882636152
7374,13.51894639,11.84000889,12.38273771,15.5279116,1.213941201,14.11900659,18.65267366,14320.13187,0.084751198,0,6.082699465,1.49865737,12.06720835,9.040216954,1.527099297
7072,9.721611717,6.792345719,4.562955925,6.769559443,1.559498207,6.813797352,6.831605488,198.1749347,4.563399075,6.204970011,3.86647057,0.433554988,12.29876485,164.2240479,2.278172201
9556,20.41986025,9.226477829,4.076378766,6.516641503,2.6038954,5.689220364,7.157992358,75.97918477,13.27043055,56.8026287,1.674481945,14.27066338,23.90997693,45.10379475,3.009193457
3237,-67.85976902,-47.12945534,-52.40787227,-43.15334239,0.744153261,-41.88113544,-42.34681942,-760.7371795,0.972298003,35.68569405,2.910552682,0.778003857,-36.15445393,-126.9814857,3.948175452
9308,3.547118644,1.746258494,15.80421782,11.51400692,0.449338086,23.68586717,21.79414542,7.701052632,40.25339439,87.37898305,1.988238157,117.4698305,7.716823761,117.8677784,0.959928347
8963,8.758174364,4.379573115,49.47706917,57.98298257,0.090370973,68.99601626,75.26062342,7.049554327,49.1688179,98.3267248,0.879365477,8.190714826,11.70826341,14.3809644,1.194394552
4335,17.0107618,9.795792292,7.285936486,9.725422833,1.35660218,8.035134004,10.14384935,,0,0,2.986051749,4.83378122,19.29049398,10.53126741,1.375075239
4390,18.33869929,6.775951084,16.66666667,28.92426625,0.404023293,25.68789308,35.46252621,11.0375,23.95612762,72.22150676,1.41141697,82.94913071,8.124955727,13.35044929,1.159802568
6035,15.70692482,12.76816793,12.0845058,17.38159272,0.851845603,16.52512343,23.15269778,605.6066265,2.895962406,3.562505132,4.224813234,4.748587778,2.113691235,-6.222236733,2.005577157
3917,24.48225619,9.481827256,0.207217816,3.265562578,1.060091751,8.959006619,8.234094568,21.01765327,23.37701851,60.05960315,1.751667302,1.429899032,17.43657613,,1.282931423
6908,4.88098441,3.758996728,4.723780445,9.42270823,0.597509493,20.09337499,22.06561102,33.59493671,11.15376227,11.80951842,3.666104908,48.19104799,1.919632357,-10.60963287,0.830950432
7325,11.50218765,7.380862443,4.620305586,7.868964582,1.677338038,9.395810437,11.5623612,564.8309216,0.395717892,14.05990601,1.859374158,8.244306575,18.97136341,49.69369857,1.323768954
4624,3.837302686,3.16393927,6.7283937,7.698102706,0.391688429,9.18029933,10.29534577,765.7621951,0.090720403,0.074526798,3.866811016,15.72978226,2.024625107,-2.69586346,0.452423928
9702,9.881559014,6.640444239,3.87628309,6.253376553,1.774305639,5.253916802,7.474338196,2315,0.55992596,0.833218565,2.774103781,13.24197769,9.029863934,-17.35094609,1.247170992
4107,16.21662091,12.70157744,16.55204035,24.16068063,0.813199105,21.62871262,29.37235723,2371.25,1.108309388,1.415023709,3.50311493,41.6895433,17.93793373,23.84123254,4.888268756
6310,3.737279293,1.316624896,1.484631534,2.275394305,0.893969543,3.77455994,5.075092857,2.760940562,29.67991407,84.24732713,1.05683952,113.3447159,10.29835238,120.041645,0.826520081
3099,9.570107743,4.777370646,9.507179798,13.69805064,0.457059711,17.33664316,18.20844367,108.0894886,7.797957413,14.336886,0.671991649,117.8453052,3.556029461,40.64059439,1.148387213
9359,5.943740462,4.514870409,4.777639193,5.549024574,0.961177399,7.420126505,7.827410724,153.1110341,1.816660164,2.69475166,3.752481636,50.15369657,-1.693895673,-2.455396072,0.513362541
4462,11.54629546,9.31676506,10.43327129,14.38024286,0.856394505,13.769964,16.66123791,4494.842593,0.063625872,3.58870389,3.627687929,25.85533336,14.12674849,45.97782475,1.255406102
4028,14.1905787,7.180654389,5.792859307,7.219895865,0.644056068,9.746136257,11.17523899,7.67985348,31.23425247,62.46444917,3.317762016,40.76115968,4.867972497,-13.84071669,0.795432982
2894,10.67478056,5.249316254,2.64848308,2.463362226,1.350553036,5.583856564,6.045407509,18.84963041,25.45145394,50.92987011,1.210416205,62.47240481,3.599258904,-33.22335196,1.154349777
6336,8.361518226,5.591505937,5.686537601,7.334994569,0.990037005,10.05686538,11.09833237,18.51612903,8.004020858,11.96918452,2.837246109,42.69071778,5.600161932,23.44086022,0.701514666
6208,9.090385828,2.349368775,2.614118234,4.274286875,0.861031018,4.994150789,5.895896888,7.695994222,43.58956776,267.5188352,1.217426739,54.62063219,19.16254754,173.0516613,1.148663391
5204,9.338601716,3.153848452,5.514876594,6.872164875,0.581659153,12.55134479,13.94613709,8.647191011,36.45398687,69.45419161,1.742513883,131.2033733,-3.261808507,-29.48506505,0.750401822
9348,-154.4979748,-39.81951757,-251.8351177,-206.5074955,0.174954368,-202.4176522,-203.084433,-7.561889248,60.28925384,437.6589688,4.946403446,69.34511123,101.2357794,-78.03862264,3.676700263
7355,17.14956012,3.200165105,1.731175538,2.453147123,1.813531101,4.964146702,5.589866686,4.063892392,58.18803237,311.8273984,1.288469114,17.58441558,-9.43277422,,1.922572671
3660,14.46962506,7.02861589,3.383841322,4.600977199,2.183700364,7.598010703,7.63727315,54.55172414,25.18371228,38.72211675,1.657815947,21.2921215,22.61388963,63.09278351,1.870156718
7202,10.20218332,4.240050132,4.328715608,7.171268321,0.985749556,9.183848181,12.31441121,79.62834592,22.97223088,65.27060603,1.598117307,69.01045479,-4.963383719,-21.99624163,0.969150706
4743,15.41814517,12.08132316,14.18012837,17.18973014,0.844778616,13.05433458,18.90803315,,0,1.42535372,4.102265389,4.738475556,-0.486805828,-5.479465615,1.830783528
2148,13.93171091,11.88151355,18.4740457,25.10533692,0.724048894,20.25489479,27.69347793,,0.401381167,2.414249505,5.980172203,1.953395398,1.242442508,-8.818232399,2.773693826
2593,1.548511422,0.783521669,2.994609871,4.859154334,1.353536915,5.056312881,6.855701944,44.95107632,21.20470809,41.85913134,2.145717721,44.36542575,4.145635923,-8.204451904,1.707722809
5287,9.136795185,5.763420631,10.25801539,5.721122605,0.566091405,8.22962432,7.24283471,23.08907603,16.95437921,14.63769108,1.669379422,80.05909682,8.629755536,90.15170016,0.6829176
8001,15.79601437,6.006714301,5.978321182,4.675269372,0.994063421,7.949076511,7.699905936,7.549283881,30.53802286,85.02567822,1.275758796,38.77272083,4.914572652,-3.296186151,1.23083034
8133,8.29381548,3.231708696,1.84990281,2.571821379,2.085795766,4.553473787,4.903291685,29.83186951,12.81329865,32.30345068,1.222111785,75.32344661,-4.029992671,29.32281751,0.950325996
2692,7.405837104,3.151894119,1.173200414,1.21623921,2.561570707,1.487626703,1.465177896,118.1388889,1.547039046,2.828564259,1.427731208,11.66122989,4.002968246,11.83276361,0.925666102
2296,5.887398901,3.600573008,1.324674773,1.979932664,2.127352275,3.099099792,3.458232493,8.590171128,13.39246139,35.93116488,1.91933619,38.3978152,3.47338789,-12.35618033,0.895314219
7972,16.54587455,7.17771794,6.105464531,8.905402064,1.223363649,9.062870082,11.61684517,26.3699422,26.82215966,61.82969194,1.601573215,46.77388069,10.99378882,35.80075412,1.487585726
6049,2.101434642,1.95131172,4.624209251,7.099477821,0.381275611,17.39765022,9.40369335,3138.843373,0.095137278,0.338751351,12.59237398,1.305176901,-7.095354796,,0.637659519
7694,-1.39906867,-0.382591347,-0.703636749,0.533934138,1.735769079,0.509394759,1.764539887,3.155897566,47.68205376,176.9729403,1.753080166,9.721371164,0.569735048,-76.76875494,1.00306922
4918,15.77860792,10.91837298,1.46805505,14.42443525,0.82118005,0.203793195,15.65050508,63.75411073,5.924665051,14.69294109,2.793939839,52.68697404,7.966453701,125.9198478,0.706523583
5983,5.183637973,3.915809964,5.530521403,6.97448668,0.501384601,9.323383375,10.23377276,122.3250555,3.162478981,3.187009459,4.617890505,44.82879443,7.420600538,3.373973112,0.470337718
8707,13.5995037,4.964653736,26.11244855,33.76951153,0.130875459,26.50073775,36.50695038,189.0652174,11.03525999,28.88731333,1.491317424,2.765099482,6.951827243,13.38983051,0.939667015
6237,11.61437844,8.125825692,9.763661883,12.77259103,0.886464113,13.67168502,16.15181697,69.67894906,5.091356239,11.30861222,3.089883642,22.86708582,2.748372961,6.952316475,1.162440282
8088,10.06149686,4.453252373,4.580690388,5.235382119,1.037195871,7.318595125,8.76625546,16.74357117,26.51726565,56.58928183,1.288105948,62.22373043,4.142410318,-8.703294099,0.938941709
2221,3.360338751,2.506371843,11.65740795,3.266833027,0.282195198,17.70350714,9.603082368,143.4986798,0.588341649,0.865605949,2.523633132,22.05407518,13.42726758,36.21167869,0.577779963
9753,15.20006601,10.14621919,5.810952344,8.181831204,1.589574608,7.29221337,8.488098252,1648.50662,2.256130986,2.634344093,2.952744166,2.113529295,4.965392129,12.84708146,0.987437468
5830,8.936333546,0.779300523,25.07205966,27.48000433,0.023041316,19.16246221,,,10.72339168,113.8155009,0.256817918,10.59902895,14.86106235,9.296628079,0.969164434
6819,16.54557665,13.07745612,16.51954685,21.69685389,0.782764,26.84636305,30.72769932,194.9708627,5.838335468,6.170731538,3.194481149,53.99046922,18.09483202,32.28574094,1.487987682
8273,5.72601519,2.827591651,2.957083211,4.784204064,0.977362974,7.272474974,8.539445048,22.75438596,20.66636098,41.85041954,0.958775433,121.6996759,8.617702836,7.126843658,0.849067032
8260,4.022282297,1.13316409,2.307005591,2.353991449,0.482695274,8.753465207,9.077667622,1.862453532,29.93999538,106.2750881,0.280938345,261.3008929,-3.948912357,-46.47435897,0.851211891
3779,-27.81628174,-5.373137882,28.09030171,-11.59693929,0.473942198,-10.87437698,-10.18267655,-12.36662085,16.29123275,42.80693104,1.2521724,7.520303115,-16.94242749,39.29104478,1.361615507
2934,-7.941869611,-1.217515301,0.40722182,1.362352319,2.089351224,2.285591813,4.192718583,4.940338274,47.35558904,345.7535034,1.187242773,11.37775224,21.39211141,,1.694944975
3063,18.52860162,2.911003509,2.392457532,3.222633045,1.268404403,4.741422526,5.872765086,4.008523865,59.15165883,376.5016147,1.731910217,346.7098046,21.44257129,11.48642557,1.779685305
2721,-214.1406224,-48.06724765,-135.4369162,-161.4535923,0.484399249,-160.9504623,-158.2275477,-1866.689024,0,0,4.354290465,178.6648211,5.591040969,-14.60783103,4.271682464
7187,39.93199328,15.04519546,12.09816256,17.88857355,1.264772856,13.73212814,19.40784673,122.8958027,14.99428203,92.13553546,1.410319045,8.344801312,30.61062841,20.486645,2.252337777
3422,-8.275746768,-2.664919963,-6.967856991,0.042461042,0.875111474,5.821408857,9.369028916,0.04415011,45.00215347,137.8566652,1.019481824,160.9395898,-13.33100263,-98.08245446,0.713270693
2613,3.490086378,2.170259279,3.031419125,3.71474502,1.325360294,4.376838849,5.476573231,77.23423423,14.87917538,22.34392424,2.70151838,41.06828964,-5.540297726,18.34621756,0.769571513
2995,10.53184371,3.875184992,7.058370017,13.54605445,0.615983679,7.917862672,13.60464028,9.282225205,58.07076746,170.339964,2.64248633,1.852632828,1.749517343,9.340435814,
4308,4.022598915,3.219012868,4.668156232,7.766599731,0.917643409,14.39734814,14.64178235,667.9905248,0.449783823,0.873993593,5.278247161,3.7810262,4.73986855,61.74961084,0.919559553
3086,6.805330305,2.477471756,6.35416339,11.36793576,0.386079106,16.43877473,21.3186428,8.039084843,29.49235568,81.01211302,0.701132813,142.3652385,0.728030651,-5.406618059,1.187023179
6228,-21.06022937,-10.23223192,1.778424026,4.42368995,0.654495393,-0.296404004,5.273754264,12.16923077,29.46929551,37.82981795,2.778309038,6.66452803,-28.46230769,-69.85309194,1.030189833
2124,37.59230253,27.18886551,18.22560698,25.3487817,1.619772264,19.06745644,26.36203866,687.2352941,1.103738469,1.526068472,3.204928819,2.935779817,17.70609868,28.2859339,5.737099847
3558,20.26222088,9.143598,2.938181662,7.981981056,1.606131981,9.873328482,11.90114083,84.24102733,5.817607926,8.071810023,1.608223368,11.3143334,43.98825412,-8.912352825,1.595095518
7073,12.14057359,4.15297932,2.905111286,4.544773103,1.500491973,5.553039556,7.909757382,12.23328121,38.13221171,111.4734475,2.023252326,8.146780802,6.815392315,-14.60255754,1.380639506
6625,0.809745257,0.198398743,0.959015951,36.87110822,0.091210392,8.015850684,53.40477707,1.334478557,65.45540499,360.1583972,1.870333956,267.2328904,-46.15688349,-60.25482558,1.198027891
5342,-3.381401552,-0.784918975,0.94624823,-2.29026946,1.141031727,6.256980012,-1.33184619,-15.31686448,38.43432656,185.5197982,1.346031351,102.2365571,10.90759912,68.14564157,1.099012838
6445,1.89525463,1.319792863,4.936708861,6.122729774,0.723544052,7.793065493,8.937809576,30.47945205,5.68417659,7.100694444,3.618807725,53.75289352,-0.3728479,29.51105937,0.660367574
9201,13.30517088,4.641754502,5.804364743,8.429934466,0.677459913,16.80211703,16.88009566,10.1333681,32.05906588,88.88167564,1.306642205,124.5069775,11.63545999,17.73491165,1.035558539
9706,16.5184861,6.586375291,10.1769764,14.28444408,0.580243729,21.85808545,24.7300156,11.33695972,44.01080955,109.8146053,1.896123268,143.1098706,24.05803896,30.57775671,1.389952661
6039,18.97172177,8.991001425,9.871316034,13.66068708,0.602352179,21.60130783,24.47373268,24.0557539,39.69799579,80.7749594,1.028197651,152.2662863,23.59473045,45.08874668,1.289075383
6807,5.550652226,3.444514584,5.230008482,7.045532476,0.981842183,15.00785043,16.4633376,24.59212598,17.36599766,31.78853518,2.560842992,52.57524533,-1.832306527,8.264004437,1.195650561
5036,22.94653057,8.28477156,3.261675745,4.410708077,2.523505242,3.560667517,5.078804033,43.74712644,31.63832788,78.16634116,1.226478662,103.5044404,22.52055261,65.69438398,1.565639308
6418,14.6455819,9.38008157,10.07634744,12.82962328,0.774045749,11.53472736,14.21336799,39.77603424,21.7154868,29.50264626,5.139276356,12.73968285,19.63066846,70.8809011,0.90232556
9424,26.21016644,13.63438275,9.193394165,10.41779821,1.572523273,9.531422809,12.56231558,346.9668349,28.3604185,49.43550488,3.291564064,9.677403304,24.83686784,-15.94478562,3.682130734
7135,-1.239094617,-0.39616551,-1.836743339,0.473633343,1.229663863,-1.040362959,1.012446892,1.040477345,30.59882463,113.2309222,1.351929092,80.87024357,-8.75680775,,1.368231495
7814,31.4868383,7.678290108,7.50801844,3.451090393,1.086244467,4.081069585,6.173336246,4.929392447,57.34675163,235.165365,0.915684008,168.9904542,8.598002497,-18.31292517,1.181238621
4418,12.43709184,5.893945195,1.49931455,2.52239048,2.957289854,2.996868146,3.020549957,23.77960419,17.42827602,33.41859791,2.205869286,1.751825126,40.08897017,972.305196,2.508216555
6740,-638.3599419,-29.71201978,-41.60372742,-19.52322192,1.010762862,-19.91255877,-17.35899836,-8.325243819,40.19428363,,0.802210653,,-21.38421847,-7.236553799,1.399069082
9249,2.781614544,1.114721546,2.681601075,3.805109378,0.971606267,6.189108002,8.920490045,13.15969535,41.15455006,130.6285178,1.595059488,152.0598445,21.06556053,-43.64143566,1.561688735
6855,17.44644265,12.21806869,14.49494314,19.24545722,0.635940273,23.00138487,24.2645516,127.3888889,14.7520008,21.29755678,4.192517307,38.10990901,36.46984709,426.52124,0.872303606
6544,33.35671343,18.80419126,11.2,17.44,1.4533597,15.77113924,21.16253165,220.7948718,14.1299743,27.0490982,1.362650799,61.86372745,16.95660693,26.51168312,7.307892541
6016,32.64141231,13.69249842,14.98861349,17.63847986,0.993012534,23.06457308,19.8082935,217.4405245,14.31146637,30.97687989,1.513387956,61.57249865,37.64115322,132.5751436,1.44447753
8987,6.020640768,3.022984891,28.04742055,33.10219138,0.107019325,39.46649683,44.41705242,6.415162158,43.81986108,87.27256392,0.651859617,10.65391246,-17.00197804,11.4793215,1.158225256
5889,20.80057184,9.478589862,20.29506438,31.90450644,0.473432896,30.09656652,42.15665236,17.59467456,39.0969908,85.7975477,0.442969221,50.54159565,11.84447378,11.76470588,1.759042903
1914,4.808052153,3.472676631,4.755032154,6.246117233,0.937175505,8.094551495,10.30861113,77.41715104,12.58077453,30.22227861,2.777962003,54.58567421,28.43756911,86.85993861,0.676755024
7061,7.559091171,1.466775618,1.962138561,5.992012946,0.760448879,5.867656325,10.11379972,1.835708139,69.55883194,358.4744293,1.336299638,348.49946,16.95082419,-34.02642816,1.303888269
8985,9.26090083,4.707097828,59.57501783,68.43039428,0.084722746,78.66747578,83.29592336,7.254147874,46.71210035,91.90293992,1.187908967,1.682670125,36.08981782,48.68884956,1.214711198
9287,3.386622975,1.672635547,17.04221949,27.87150411,0.098835145,66.06396272,71.82129714,3.907999659,49.04520955,99.30294364,1.712903528,158.2831434,7.734670815,13.11322928,0.909914681
5368,8.453815323,6.456508453,6.353703891,8.236374635,0.675547547,6.008360371,10.70748992,148.8576076,5.526772797,7.400770542,3.884284202,38.55264508,-2.511371239,-29.22988456,0.68782085
7172,14.34402808,3.590208152,27.21358872,48.75058083,0.143863571,29.6272394,49.6179462,9.189781022,61.1500109,244.3138215,1.368833762,1.337524152,24.44344502,55.93262324,1.146179348
7575,15.13335781,12.02647496,16.45822293,22.11623388,0.759473292,20.13248543,25.82052641,347.7777778,5.268463497,6.447574857,3.093065439,22.17344861,10.17048108,13.42634535,1.625940617
9060,4.680551673,1.489454317,0.698824476,1.862038032,1.355392317,5.134789861,5.490554222,6.084692392,47.28441549,145.4508495,0.873218175,120.5871806,4.809685966,20.8099253,0.786003033
8967,8.910518367,4.60391807,44.60265137,48.0858743,0.094565357,68.73747849,62.45060124,14.16670627,44.06852605,86.28869501,0.817584355,17.88145378,27.77196127,19.05585128,1.431655271
9236,-6.705247429,-5.862703722,-13.00121674,-8.656879769,0.908874687,-1.674238163,-8.323346703,,0,0,7.315670371,0,8.619739263,-280.2470794,2.349569771
6055,18.63846296,15.30909532,14.94361973,21.240366,0.859887531,19.25471734,23.68920612,1864.833333,0.529574216,0.325143174,4.847328244,27.78126732,8.408791571,44.18814433,2.06457569
7600,-4.269860604,-3.114885497,-1.838808606,6.195476449,0.769001008,8.775185571,12.85089097,20.6499708,9.71479689,22.39818779,3.288176881,32.20366008,8.354073414,-10.93252337,0.712361072
8953,6.390200364,3.121541813,32.30490878,36.22701027,0.099541418,35.604725,45.69829558,9.345018793,45.18280835,92.49506034,0.811145584,4.711680926,40.14781466,29.09998529,1.116969046
5241,13.91172307,8.574671454,3.614903804,5.166188003,2.299680995,3.596646714,5.340299115,26.05852589,15.38726331,24.96461202,2.936363033,2.334448591,1.375987406,31.22441353,1.641179331
9074,5.623000732,3.37114998,3.402534376,4.192504718,0.879243315,12.61526018,14.38662712,13.76106195,20.1783775,36.42039542,1.589370079,82.85350908,6.01686437,-0.448143406,0.631173892
6025,22.84978839,2.743658048,0.325584106,2.008293454,3.099398802,2.105217371,2.800585703,9.16073218,45.3694929,429.9934472,1.316542217,27.7958996,8.990086392,34.79372069,1.416836701
1662,8.809936617,6.821322833,20.85781403,15.93854252,0.579626763,36.63032471,28.76514462,23.43688587,0.217430215,0.940037329,4.696411133,43.12499408,19.40048425,12.24659716,0.6190821
7182,5.35000901,0.207040167,17.36789376,23.41296456,0.010205482,-17.26225907,,,13.4844219,288.5132807,0.369575962,2.123138845,3.571456481,9.819423745,0.984291824
6178,4.000507784,0.122384461,3.297545937,5.466413599,0.037720165,-1.257629653,,,12.46548923,346.1792464,2.592896068,35.85159669,-4.623987419,-22.35474346,0.963474389
7181,4.857645987,0.260874543,3.513566581,3.865315937,0.057588696,7.504574364,,,8.319980503,151.9240914,1.883791557,4.352035185,25.72330748,-49.17266618,0.965550418
5950,-1.312107813,-0.537191097,-0.596113239,0.206457768,0.888083072,2.188539224,3.029278065,0.431424327,35.94320899,87.79252963,1.474399831,40.02402561,0.474331747,,1.070398913
8955,6.93231097,3.514788439,37.55751826,41.39152375,0.095655604,65.91085603,49.66486782,10.27178501,43.3670142,85.53391862,0.800336781,59.97226724,-6.288401597,20.70657891,1.253508117
9651,9.864716128,7.550063588,14.11372072,10.92893837,0.762056639,10.59360466,11.3309951,,0,0,3.552993754,1.145343025,10.60860057,19.67687566,1.190485193
3276,19.45641658,10.32846909,3.078300137,4.504910647,3.234617628,3.081069458,4.869416521,372.2682582,4.356891918,8.207363878,1.96512469,56.95173547,-0.830275939,-3.192570701,1.705438787
4054,12.22826024,8.314654636,12.37532572,19.73371163,0.897637975,19.35409062,26.83278411,33385,0.051879784,6.528110285,1.12267175,13.28393849,14.38914249,41.15920949,2.036522009
8032,4.232117551,1.446585457,1.364774113,2.718006795,1.449965289,3.389213091,4.464189106,5.363701068,28.71729631,75.08614903,1.218187972,75.00111882,3.798738371,-13.39424237,0.818271434
4973,12.37598862,10.61058438,12.5264348,3.985737143,0.764373223,4.530054115,4.676320717,,0,0,12.15995413,0.841032401,10.43461676,41.84327116,1.277426854
8952,6.755200738,3.405636968,35.46860436,38.77496418,0.096334452,66.60210627,50.67236063,14.61672028,42.83317209,84.96110373,0.330045951,107.2816684,-1.973482443,-2.12596532,1.318471236
4664,4.244710931,2.212263991,2.113970765,3.40439335,2.107335535,2.509401876,4.071691123,37.15584896,9.278579494,14.63300387,2.36419286,22.1956532,9.236665319,6.013054867,0.888528184
6977,-32.16723054,-5.222879344,-6.375122948,-2.150834219,0.790708454,-0.259907778,0.895183342,-1.717370143,57.0443001,351.3305652,1.421789093,117.3806473,-8.50098766,14.95872693,0.936243906
5631,10.62053618,5.154450143,7.226138174,9.183041246,0.649907112,10.29063873,12.39157373,83.30291971,10.93308081,35.80374702,1.763304044,28.78687506,-1.56237005,26.70700566,1.47795899
4323,18.87476119,12.16275928,8.332338447,10.87261908,1.366100946,8.898184273,11.84526868,402.3712771,1.016991234,0.390406863,2.747972182,7.397707102,11.99772941,15.7032741,2.301102997
5530,12.4930401,4.312926306,3.136361946,5.410874358,1.117563325,8.353263982,10.9341153,20.21193152,37.88905781,118.0306582,1.240963052,175.0887018,3.415391463,-22.44456414,0.950806521
7774,-7.921840813,-7.085071526,-10.3973408,-9.705498816,0.363726399,-4.24545322,-5.079956049,,0,0,7.571766194,24.38191359,-2.335384358,-264.9165784,2.955125242
2914,12.21162666,5.927862847,14.39238106,22.6647826,0.413065013,23.33462623,28.20941986,9.041287042,20.82407676,42.89840328,1.925589907,23.97396777,13.4447211,166.5254812,1.700514679
9310,6.713308185,3.701083967,4.842704284,6.256562337,0.766054511,10.55504348,10.48611389,39.42424242,22.94043322,39.67562944,2.424407166,90.77221686,1.803272,25.05607177,0.757747469
3201,7.262217631,5.038575855,7.615369795,10.08988331,0.645820428,11.07583538,13.77987385,83.06896552,7.76628934,13.76866635,2.615894787,40.13474714,3.412221279,5.732092697,0.942668089
9558,23.16293188,13.52761443,6.331565812,8.122596138,2.251201748,6.34214115,8.260696152,422.7360034,5.184331499,5.917984429,2.441079178,1.974121246,7.799224934,3.892284017,1.981099088
3080,-3.402001634,-1.855583306,-0.705457834,0.702276553,2.632231964,1.142293182,1.584749959,17.21084647,11.0149529,20.19466742,1.884738535,40.13180133,1.085349731,-63.08068639,1.358154037
3066,-1.735744378,-0.699136311,0.723872236,2.310513546,1.51405314,5.441546128,5.961383442,7.928436101,35.38132242,102.8227939,1.503584143,108.1654652,4.270249795,38.59470852,1.711008304
9889,20.83781325,11.33225386,6.588137631,8.810900555,1.710920378,7.714547432,9.331882979,2052,6.045068142,9.21346456,2.267657543,6.992804565,7.169371415,39.15009042,1.994812315
4552,-5.184618328,-2.312944523,-14.38679245,-20.68517175,0.317821226,-15.59627479,-10.4831882,-44.13548387,36.30630631,111.8381056,1.160680186,79.52298961,-22.85694292,-190.8258099,1.109353135
4975,17.96240675,15.66041501,26.44142702,37.07647447,0.542805758,31.22338749,40.13075728,2260.538379,0.835076015,0.773848165,6.336437809,24.74352319,14.0678795,29.82141684,1.595949199
1887,6.597604989,3.1063143,1.080673536,1.850845974,0.861598318,3.332009177,3.572789402,5.448687351,21.34533484,63.37415623,2.024358675,20.15674786,-9.102364758,,0.792706966
3841,5.278380976,4.439513186,10.3466798,12.45855084,0.469356216,12.0891443,13.99949001,,0,0,4.601079053,0.63158949,0.091125679,-14.94673228,1.376753708
3070,-5.175325718,-3.837682554,-7.088967896,-1.648489041,0.988949038,-1.57664732,-0.793015648,-5.934342422,5.104513804,6.883717243,3.115269919,1.774358474,331.8357325,88.68099491,1.706498247
5570,16.58879917,14.6284536,39.68920127,56.62021925,0.352544287,43.75000914,59.92213572,,0,0,8.271006871,1.189678249,8.034327722,11.37948849,2.981291487
6951,11.88631058,7.19665754,9.501004093,18.11179745,0.855887805,15.6475762,20.74429955,296.875,4.11338845,8.82380921,2.321967258,17.64176418,12.82523403,29.39958592,1.432256443
1434,20.4123881,8.646904659,5.643860488,9.029832743,1.076054348,5.160900877,10.511841,18.27070047,31.4937363,61.34828395,2.592551064,30.8824094,28.79531351,52.09417285,0.996078368
5411,2.081730629,0.93240766,1.890425375,2.545596419,0.852375173,7.082160494,7.847174908,4.674009143,31.27768304,76.55861966,1.607358421,81.33720328,-6.087099527,-50.01797958,0.748006721
4832,14.85999119,9.157409566,8.507448592,11.86345323,1.268082425,12.36403198,15.9486891,1912.615675,6.589346197,5.896518731,3.216117891,12.35777491,3.125339184,2.53043891,1.295520081
3069,10.32361589,1.865572501,0.978648542,1.771231575,1.61265043,3.524063477,4.356540585,2.7505132,48.82985538,353.8752165,2.210289674,271.1092288,-3.968201372,41.78897979,0.951976349
1963,8.56943193,4.269072592,-0.046382514,-1.337168243,1.085628,0.143576022,-0.103719691,-9.404918033,4.670768642,9.070640154,1.617819836,22.60198231,3.061152181,39.59463017,0.862363958
6072,21.34562578,17.15564717,3.952535705,5.827816262,1.217280971,8.599548765,7.528332621,266.2871046,3.088219938,9.081704156,4.79696798,1.510013109,0.032279491,,2.829287702
3597,3.295832997,2.954913191,7.556555951,9.685139876,0.353117405,6.337085151,10.64320082,,0,0,12.17392603,14.66431256,-11.42857431,-44.58398233,0.749417621
3914,12.41784073,7.902048778,11.53587091,15.16417046,0.714515665,12.68920149,17.64614536,131.2116945,13.51884363,21.24447113,2.95343965,12.24067333,4.394773783,-1.230271727,3.706061211
5244,29.72534748,18.02350456,7.810047346,13.40175033,2.212691717,10.5440597,13.58724236,851.2628913,4.25229158,7.249258196,2.379670558,13.69168142,12.64984019,2.497603788,2.009832321
7161,2.608316054,0.086851295,4.771062271,6.718559219,0.012703898,-5.357142857,,,3.349367108,2275.755541,0.113052909,427.9606,37.47954173,,0.970444289
7082,27.87544434,19.25028749,24.44219697,28.44619481,0.925583045,25.62384708,29.87468194,168.6903008,14.74297906,21.34862103,4.585971871,5.467254909,8.907862777,-1.804736159,3.919849821
3046,25.007876,13.59037135,8.568636527,12.44149565,1.721472588,12.22547961,15.4718922,78.03225806,15.39488777,15.7362485,1.319242989,40.10774368,17.1279172,54.3320148,3.641488801
3252,14.76539648,5.035735272,9.655822972,11.272551,0.583158562,8.07970967,11.67869823,6.628659476,57.78318324,169.4274152,12.66821453,63.25079136,33.74745917,-0.852731044,1.075627398
9896,6.052412319,1.726705177,1.089106897,1.871290603,1.719040417,1.996653596,2.54184276,20.72957746,14.45319508,43.61195391,1.098971722,96.45973181,1.117996452,-6.504891373,0.835691775
3539,13.5940616,8.436352635,3.467646222,5.396682187,2.584772349,4.722164043,6.867625814,173.2586207,12.15329822,19.57899402,1.689059779,59.1757146,8.051946545,9.837140671,1.387539001
5817,5.525489427,2.806394357,2.236746824,1.298619142,0.53357252,4.081813948,4.491222106,3.272141473,34.59578473,60.84109916,2.120121009,53.71456133,-2.668518718,-15.47943834,0.748973468
5704,-76.7028538,-44.13673938,-39.20674024,3.214025312,0.850328533,16.99509468,15.04956516,11.87538691,26.16769058,45.47541511,1.644538707,88.76321356,4.902101505,17.59584057,1.157820108
4483,8.678321499,4.734302895,13.95187191,19.70423278,0.314323168,20.16921528,26.20200374,38.77830189,32.78422598,67.46558663,2.724652524,17.84881187,36.47128091,22.7931292,1.712835215
7702,-0.548535606,-0.275076137,0.127600396,1.25306456,0.839636213,5.420866249,6.827338026,2.570588235,30.14785342,66.48300519,1.785984627,69.27955725,6.826257428,,0.63607919
6634,-40.92387526,-0.887387058,-20.43933197,-6.276463773,0.050651823,0.272585812,1.115692886,-5.610514429,3.117379238,141.5374482,1.007662299,3.477164494,67.217976,9.395249693,1.008423725
4720,-8.142810788,-2.235949647,-7.481971458,-4.102205566,1.11300308,-3.332646396,-1.804587803,-18.03815481,23.78890044,68.57808929,1.189523191,160.041723,-3.894889289,-1065.063164,1.076695176
3710,4.701128269,3.915828951,9.234733913,1.61096951,0.524914957,11.86184311,6.121641799,2403.105263,0,0,4.510291894,15.87309068,-3.209539932,,0.715043924
8173,3.64400707,1.61408409,0.844866451,0.914548714,1.699908104,1.597484495,2.359029805,13.26618705,20.17943672,40.97358238,1.553832785,69.71575981,-0.10725999,-55.91153616,0.790351019
3191,8.122931908,5.913258658,6.134612268,7.921878914,0.826149408,8.69616467,10.30293654,210.8431373,8.805035206,10.09844734,2.726272227,78.16176893,1.809863116,2.468076996,1.02443197
9942,17.04840806,6.638623569,3.305488059,4.606691493,2.242134107,6.945982085,7.160213369,34.4516129,22.01277753,49.72384665,0.566981912,167.3326836,5.449004655,-18.59756098,1.693109748
2749,20.32277292,10.53802644,9.528986198,14.11767196,1.101699825,11.79549718,15.88923109,112.2404212,23.28663054,31.60273509,2.403599043,21.57157126,8.692176346,26.70075887,2.027557677
6224,26.71342548,9.364039153,9.748837076,12.45435544,0.948824478,15.14043337,14.8942964,55.24458788,35.16684191,97.1345669,1.317764595,76.88076286,16.79751698,18.71467904,1.596960364
3480,14.46195808,6.739510858,6.773848624,10.07143177,0.896504607,6.563929764,12.68705806,20.9569881,33.67596361,72.31502467,1.29866801,144.0869637,9.371408727,-5.524132314,1.393546252
7942,5.73464641,3.763901881,3.561335677,4.84288225,0.931135265,9.436906854,10.38101933,32.342723,15.65910508,23.00489929,2.315006031,68.00019795,5.330578818,-8.935888962,0.661332788
6074,8.719998034,3.491265156,2.297858978,3.041088494,1.20366499,4.39973691,5.859412143,15.65833282,33.40710653,67.13658898,0.725324726,163.4567485,3.078343365,-34.81934181,0.824973482
2479,10.2919402,6.580567773,6.724212476,9.703163006,1.584199961,8.192762349,9.852764819,525.9249201,3.7335906,2.132907668,3.87068334,2.407053078,4.626691932,43.64016335,1.244537635
3446,3.264569215,2.456772821,3.133997233,5.911117204,0.530783928,10.4276503,14.15502349,23.94782243,13.43531453,16.62563542,3.934045652,49.64642751,-4.21560532,-60.17884256,2.245183571
6473,3.37094185,1.604391491,0.727712897,3.368663822,1.179995648,5.163030932,7.178582857,10.25674584,15.86581244,32.73632161,1.581841369,64.50223074,-0.37573275,-11.25045438,0.732612269
2488,16.28897009,10.07248598,6.108795914,8.903780409,1.633735517,7.004310006,9.725309745,,0,0,3.465253275,2.910837528,13.44725898,29.88523222,1.532143977
6440,4.327919567,1.154919346,1.576142675,3.037370016,0.672691722,4.158357837,6.973783531,1.442482611,54.81285188,205.4044857,1.333080538,64.47022428,-6.748962547,,0.85349273
9835,-2.869507658,-0.874320608,-0.839388396,0.553079866,1.071810594,2.926703738,3.438885373,1.713447683,41.29532001,135.5306462,1.259123978,153.6603357,-3.008548123,-49.63812804,0.797361826
7380,5.585869744,0.308236073,15.35887742,23.58147796,0.017935543,22.79068739,,,9.303471,166.933808,0.215816582,13.18353061,5.887999251,14.57371003,0.967056342
4287,13.1609629,11.90558255,20.44886226,23.96380276,0.605261904,24.73628376,26.16616097,,,,9.549054085,6.184735589,15.01672742,23.84273045,1.356041384
4686,13.993811,12.14176546,27.66941258,40.48169514,0.387147512,33.90720747,45.99447824,,0,0,6.930160536,5.468221852,8.700744175,5.820571496,1.920379618
6632,14.92837959,5.960374805,5.475442064,6.834310898,1.175291793,10.21041943,11.50393726,17.55062413,20.67397299,58.83105256,1.560270476,49.61232255,3.018146715,28.39531226,1.174520991
5016,16.5492437,7.93662052,9.549192939,7.945701737,0.548080045,27.39698436,14.10551934,9.326383188,25.03916596,52.98595638,1.778303499,60.42317775,-52.7263951,-16.47503382,1.087736077
4896,-78.4889781,-33.79219657,,,0,,,-125.2983176,51.03394778,118.5363136,28.40540833,0,,-9.530744453,3.176393737
1663,7.94647345,6.557723463,9.172012172,11.59664601,0.739050239,17.41686188,18.54653327,814.9230769,0.68637349,0.831728991,4.304143355,40.77748167,-1.154499519,20.08614827,0.945859084
8282,4.335384346,2.57711471,1.290617179,2.951550028,1.714566822,4.778738759,4.921689008,40.04227941,15.8293942,27.25525157,1.512375055,50.87639001,2.735363024,16.33110814,0.924669133
9369,5.822348811,1.930835524,1.306995982,2.785757298,1.516436634,5.233413293,6.620368999,4.762869198,34.64594027,106.4207017,0.718910278,180.616458,3.796262142,1.456048894,1.075370308
9661,2.502997059,1.169654925,7.832724091,10.43123532,0.149261596,23.24662086,22.38400157,,,,2.741474174,113.0802128,16.93541066,73.5659877,2.782105634
9468,0.887334666,0.545815052,2.660165878,5.991760071,0.740771838,7.012575788,8.962092726,208.15,6.65245629,4.455704634,2.327950236,26.53360612,7.67350228,-9.769710106,1.593669284
2612,8.013611229,6.491179713,5.974651458,8.027883397,0.915238902,8.653992395,10.88973384,,0.156192576,0.61534099,5.046360917,29.02027506,10.5661435,1.604106513,0.950931588
8154,17.25254032,9.38165544,3.118410892,4.308671928,1.849158513,4.307211485,5.126520002,30.69180754,10.95753277,25.24982102,2.184836539,17.11296543,0.936434143,-8.682194537,0.919570882
2811,7.767148232,3.938321537,5.029837153,7.601337574,0.797209561,9.489098225,11.61609983,8.566832631,22.67415252,44.71790889,1.865214847,44.76041541,-4.107615953,-16.61509786,1.080054973
3133,-317.7007124,-102.9167616,-26.43298787,-16.55867244,0.681376783,-12.28973906,-8.893859,-8.790289453,50.14020812,174.5069457,0.398270306,102.6935016,14.2699418,21.33194678,10.23426012
4556,8.821318052,6.76671554,12.08200289,15.52331145,0.608508968,11.85047259,17.33046917,125.338609,7.127106602,8.1178679,3.995859647,37.1160433,4.9264664,-4.809677143,0.830966728
5891,5.760248408,3.071876403,2.020462271,5.195558834,1.655441498,5.184378008,7.415849507,54.10419467,19.03032828,35.68484008,1.763400926,55.44875985,19.95544051,-11.08911536,1.404008169
3181,10.1099534,5.901503373,4.197280412,5.395305434,1.611922649,5.079475257,6.676560727,68.76311502,25.59206191,58.21591247,3.557465865,27.10553561,16.07662456,-14.82287223,0.907506989
4170,0.999436173,0.698271033,0.684646826,0.670455589,1.002447996,2.104597226,2.718287866,2.321459808,16.77955948,24.01660375,4.635442763,0.812588706,-3.736137809,,0.990622116
6391,8.381829119,5.665921238,8.265558415,8.853255945,0.599238497,10.01204607,12.99856381,85.15201868,11.861064,16.70567945,3.842593082,43.98373217,-3.541105885,-19.16787139,0.821072677
1812,13.79208935,5.022937586,4.320911761,5.189579287,0.883742168,4.129107059,6.278109606,6.863690044,24.54046672,75.18533503,1.259376396,46.78390973,9.254214076,11.25336828,1.045398327
2371,31.22906926,20.64403662,25.53961879,37.97284376,0.887213538,31.8875502,42.9642379,1145.538462,4.545260096,6.007021404,2.600167188,11.02069211,17.19310304,15.41054753,4.847184675
4521,-2.510580867,-2.01237252,14.82958473,22.370394,0.519465812,24.48237358,25.086404,751.2857143,2.021825209,2.522373783,3.669269289,18.10147149,30.52440175,121.1057389,1.102145594
2294,4.141185855,3.214322567,1.941613118,4.154664303,1.75007271,4.74739641,5.907932639,,0.268290166,0.618186652,3.177183797,38.78622707,-2.558566339,-31.84915947,1.565889662
6184,12.19080459,9.445655001,9.179332445,13.93974388,1.236294578,15.83707025,17.55956648,1347.969838,0.669267577,0.863773899,4.198901035,6.563703365,18.0449044,27.5582737,3.155638205
2220,35.46842342,21.6466713,5.246847824,5.327225891,0.845121372,10.53049525,11.47566385,40.44852941,19.9568875,61.17284441,1.326701487,71.47921793,8.089266649,23.72919478,1.027598486
8037,6.902396296,3.403074429,1.856589329,2.792873059,1.784500713,4.31583207,5.043358047,25.7296,17.90433725,27.1896483,1.535566838,62.10069631,0.397904116,1.515055868,0.669569649
9364,7.603509111,5.928217116,9.647828298,11.85463246,0.57267339,14.34046608,16.57950727,418.9367089,8.244076466,18.6087874,3.351093013,58.3163789,4.646812977,8.181610172,0.93757324
8081,8.376919711,4.477412457,3.13691163,3.581745116,1.426058636,3.081207974,4.115704452,281.3125,0.154816003,1.827502136,1.780951674,17.79157724,8.07940071,-0.96809681,0.831020615
7004,5.490983022,1.705524008,3.620338628,4.41375673,1.068039701,5.852850753,6.603027241,32.98286414,22.26842238,87.02188894,1.213505367,71.85065878,9.837112571,10.78358823,0.927818457
9081,5.011432927,1.748627935,4.303041075,6.253967448,0.727888244,8.988649925,10.98189574,15.26652893,37.39936172,111.3722977,0.559664279,193.9994457,0.924257049,-1.715881883,0.890079635
6566,7.798920341,6.327602377,10.43634015,14.53604337,0.608165252,15.27017834,19.31817453,290.6153528,4.056860095,7.281844612,3.342625408,66.663295,7.430073821,19.61969344,0.902409377
3939,25.4073728,18.05599522,20.20671228,29.20788047,0.865053007,28.80628332,36.79523254,257.8085687,10.0527847,12.50834534,2.762076506,21.43572457,9.851645582,11.63925245,3.720475437
9678,7.774230795,3.531756807,5.147562199,8.186490111,0.659305872,19.77342849,24.6148003,64.66296296,35.76158327,47.24852272,1.539869358,115.9193099,2.918665367,19.35329505,0.900429856
9059,9.314600636,5.054334091,4.241573574,6.608471611,1.104072686,8.013997577,10.0578746,58.25423729,14.73338388,24.75355119,1.385384304,90.96483738,1.733075133,0.116516167,0.814655308
1992,4.21058019,2.606111529,6.011736414,8.713323359,0.732405619,6.869905258,10.40206939,218.5089067,4.107578626,5.97074572,2.443315787,25.99783047,0.383149369,-13.26992076,1.009696208
1942,15.42018474,9.403700143,6.307598886,8.681059939,1.148040786,7.07811421,10.1298133,251.4094828,4.493882829,9.395642931,1.937080166,36.09424186,12.27568275,42.4833887,1.276231899
5984,1.94569053,1.545453293,4.865900307,3.695582008,0.5524781,10.8360292,12.65569834,8.945835028,8.492418277,10.30241905,5.273173972,52.90883562,0.750038283,-29.08186543,0.45140624
4118,5.511964521,2.827060576,3.135406343,4.836100099,0.901724134,8.422943508,10.36880575,9.69622454,24.24166678,44.85280874,1.507203331,72.1356876,5.88979171,24.28603267,0.72529024
1376,5.13858747,2.606115065,1.86061358,2.34333167,1.307063535,2.943506846,3.194124337,83.40148966,0.18141977,9.866842571,1.665381712,31.44187218,4.723820561,2.21399694,0.805731276
8020,18.56135953,4.553827579,2.6136701,3.793665837,1.449368983,4.197401174,5.30032276,6.649266177,28.66854917,113.9420037,1.415269811,31.96007865,6.586557917,9.587422006,1.029643124
6402,12.85627775,7.598939838,5.26804523,7.175838612,1.044688312,10.08036459,10.24970831,97.45160302,12.34106722,17.08620691,1.919778101,65.39490468,7.230122625,18.01930468,0.871839858
2669,6.048535366,4.712775146,2.086017658,3.182099915,2.279705756,3.467038095,4.443694177,,0.022659077,0.029081427,3.064838758,37.95863103,-4.230525024,-10.40274868,1.069874652
7208,5.995651018,4.272631632,4.862781318,6.792211865,0.690365908,12.80355391,13.92329448,50.00033108,6.98514636,3.607711381,2.489452774,57.75863587,0.233949764,30.87195397,0.540617203
1897,1.213180486,0.996832101,2.670589567,1.108973634,0.387996136,3.100599751,1.98031006,,0.021119324,0.025702976,7.403171008,9.119416028,-9.298983886,-63.7037037,0.420723937
5979,4.904072393,4.254901685,9.23226855,13.20095905,0.500363416,15.99926954,19.66372238,71.89369856,0.519732053,4.478519847,11.17334308,30.71824137,0.048543768,-10.4738658,0.53752431
3372,20.97118827,8.154732223,7.181112115,6.223021344,1.329024953,7.394386331,7.984665988,12.85713725,43.11178053,94.97628355,1.434902601,40.34587718,4.948793723,31.16859196,1.519720234
7585,-49.48840374,-13.69861323,-11.67630947,-7.47410121,1.126622836,-3.92724401,-3.523079685,-27.23500779,48.40005222,181.3242143,1.525764885,158.8991471,13.45079012,22.57162785,1.738090688
2216,17.79732113,10.02672472,9.717081606,13.49169467,1.105752861,15.00963611,18.13242841,1562.727848,3.183155042,5.650063611,1.38739169,76.95661488,9.419724573,9.50220974,2.508643674
9503,12.99046237,4.126004711,9.692281337,10.84477663,0.464220309,4.873313134,18.73572062,13.4239968,46.50387898,142.3331878,1.173125328,190.7656815,6.841762457,-35.61400435,0.882641813
4613,13.12886487,4.71174199,6.505668068,8.839808092,0.817584258,7.624676262,13.22837855,16.07008336,29.09514999,79.07347057,2.008088156,68.22139904,4.721516263,1.652182404,1.034930801
9903,4.524597003,1.231477294,0.854928416,1.470737592,1.454993508,2.192589744,2.761584025,2.960107856,47.41681037,174.2151148,0.750867255,162.6180189,-2.935186887,-1.801803474,0.984552137
4047,4.705953699,2.510981499,5.209218778,6.853137881,0.500974212,18.58029542,20.07826659,9.516703786,30.64465243,63.42728058,1.967991775,83.70351279,-3.731781126,,0.856861333
9326,9.183572524,1.761580739,1.123343299,1.743850823,1.657041286,3.746325483,3.542007909,4.046878755,62.70972878,326.9219115,1.462495938,129.5657847,20.14315581,,1.221632473
4452,11.28499159,6.404135561,7.111136641,9.654910214,0.902459483,13.4925114,14.73837122,42.60151555,12.96719988,22.85003811,1.748168161,52.27986321,3.695850282,16.23509953,1.926515439
7421,6.30589103,2.192869967,1.409682002,1.960168288,2.381793633,4.79182603,5.062288275,7.068965517,33.67530136,74.12187702,1.153582154,113.3861897,1.401739709,-15.2892562,2.914793587
4014,18.27642547,11.42471282,-5.504778566,-2.511906065,1.272062911,-2.030309782,-2.453960198,-22.83822477,26.02143906,31.22040566,4.036391658,0.351541768,-42.10707914,-131.6901408,4.611406361
2789,10.96833374,4.420145228,3.18084355,4.066632815,1.443885081,5.913868396,6.475729369,10.80316901,42.4313755,105.2909947,1.277775913,135.5578571,3.866589993,-13.73114688,1.088585218
7256,-33.18346046,-2.85367083,-4.196507329,-0.132083491,1.521728698,2.001819004,3.211594097,-0.128159645,53.25172097,620.9726757,1.89015958,361.86439,2.129397542,-117.4727932,0.86852466
3498,34.81550269,10.47514956,10.62165159,19.62052207,0.968705145,13.62991057,20.69512233,14.40943683,56.5939123,189.7194985,2.1832021,35.27162483,46.91367334,121.7796676,2.190048039
4031,-3.443063487,-1.619465181,0.846044139,1.573642099,0.828813848,5.81836641,4.682249994,6.711340206,29.3300944,68.37840107,1.361246526,71.92223715,0.329832901,,0.69544106
3001,5.901931467,3.765460735,14.17642428,14.40519532,0.276699508,15.50969202,21.54137558,44.70229008,5.845186836,9.161665608,3.037471455,42.41853225,3.114853896,41.96363636,0.945156251
8919,25.86889477,14.19313804,7.372410971,10.97987448,1.612008836,8.120459791,11.05861646,42.58383234,31.80285375,64.5245959,7.349474066,1.74981955,2.224624757,12.23072674,2.305621164
9869,8.088391906,2.931646384,1.089465644,1.496954948,2.636803172,1.425141958,2.010104878,66.33941606,2.874819064,7.903206721,1.140572046,37.83043427,3.798060238,7.933020604,1.005478647
6390,9.929825348,4.293871853,-11.39764226,2.040353661,0.506817311,3.946572962,4.592684954,2.204081633,42.78069163,90.32800484,1.97617524,36.493061,-7.941145779,-41.46341463,0.708254147
3443,7.834136806,4.310287534,8.357097175,7.287160002,0.815996365,6.391783605,9.600842707,21.33259912,15.52585629,33.2956305,1.538641975,30.0616057,2.92580173,10.87578706,0.751319111
6648,16.02282333,11.11955543,8.105861468,10.73702577,1.006918725,10.71083945,13.15077998,350.9748954,4.42393682,5.92302847,3.056697246,24.52473614,13.5195469,129.157219,0.806491477
5921,3.561422585,2.924217534,5.997759708,7.76250852,0.693127259,8.718078443,9.963972903,2060.59956,0.004715593,1.446517327,4.734973608,22.73565026,-12.46645061,12.22024846,0.536013429
4361,9.86723523,3.473874289,3.385260791,4.840287727,1.009694907,8.540734583,9.682855793,11.30517502,39.74407632,116.5234727,1.489956117,74.52765459,-1.19131239,12.82782257,0.848313545
7952,2.314721268,1.355811843,0.555418415,0.419649469,0.963141523,1.30694753,2.954003127,3.686746988,12.51002722,23.09332974,2.776423462,33.69479805,-9.070730247,-90.59618931,0.73684027
4616,2.168609233,0.833712426,1.219014728,0.915820255,0.683105503,4.196901271,3.544326031,2.953413786,21.98677598,57.19085369,1.576244314,52.79051231,0.322842761,-41.64043954,0.865613795
9322,3.143508655,1.74531575,2.922329398,4.02246979,0.667623561,9.782533119,9.15568181,20.98547794,22.25713354,41.64488921,1.939908796,105.2101732,2.197388245,-11.40450872,0.57043043
3045,5.878019498,4.067668224,14.75988445,22.52577304,0.274712022,28.01395395,35.83614366,86.09207673,12.3276883,16.63310462,1.537187332,112.3351884,4.96487658,28.27209126,0.683656116
4673,19.75060048,8.537428175,4.882455357,5.24022233,1.151921777,4.775214967,6.715495705,15.43064019,29.74496879,79.65895913,1.384444766,48.79383479,32.94540598,54.47749077,0.905488197
7012,15.60544305,3.635889347,4.132866768,5.850409591,0.747506945,8.685820503,10.23824027,5.431847911,29.48374037,148.731639,1.095597744,81.72254113,15.14280909,244.1936286,1.254273053
9107,7.478370381,5.577975873,29.14134725,9.814932859,0.485217553,25.47550251,14.50382845,14.01485216,15.60417891,14.85907231,1.963325302,29.64425631,9.39569221,22.22090191,0.819330779
1777,29.64379453,16.24476042,6.714907919,9.304159951,1.304332267,8.364484379,10.24040605,1356.5,1.849264404,11.87101612,2.043908022,22.72215973,29.69931501,103.3733133,0.918959659
7851,3.054677919,2.133549284,3.536009093,2.7942221,0.824155667,7.490734727,6.368270646,7.950954774,17.73375304,20.24706886,2.294247682,37.81896708,9.174904129,,0.625250143
6292,2.50028487,1.305909028,2.774282514,4.918656728,0.798026594,4.188883214,6.968062923,15.66411593,24.14914881,44.73552677,2.475669637,40.42921411,-15.21915085,-18.23424972,0.681917606
3904,11.79637132,5.044898687,3.403506778,5.330648113,1.520483817,5.691051853,7.058617388,39.78521022,23.82312449,55.7050676,1.860116274,34.65327664,20.12760327,199.1922307,1.13197849
9433,13.55101197,4.079963587,11.23148303,18.20581696,0.378184043,22.89708295,29.92339164,52.4049228,26.55410433,104.2611865,0.587773505,65.4172334,1.416012069,14.62497289,1.229269384
8972,5.350358028,2.696395387,28.81619598,33.40048452,0.094047315,70.7374936,42.04031765,7.237057715,45.06641961,89.42363614,0.685998731,7.02288842,50.39745692,-2.27158349,1.04461329
6036,51.98592518,37.60853772,21.17000867,30.73931435,1.04437894,25.52260143,33.1550653,789.8005118,7.019803856,8.514004294,1.797318426,55.88189763,12.24196924,16.34760672,4.161319626
9049,15.0856867,7.424860413,12.00636282,15.92779584,0.599274687,23.36261152,25.76941697,47,27.96895418,51.64534556,0.959159056,150.1407997,2.969662441,20.32392894,0.970618441
9045,9.414187822,3.313437212,9.015264108,13.41812685,0.36742007,17.78016623,20.67001333,18.67376831,43.84678459,131.1413641,1.286619815,175.1595984,3.772666947,24.08789264,1.018704465
8818,6.017599332,2.593280053,22.40749672,25.44750096,0.113958139,35.87555886,45.31557364,7.961324837,47.62917998,105.329964,0.952945241,144.2357679,1.419798277,-1.933560495,0.942022328
9312,8.226467478,4.870269636,4.33679537,5.748037739,1.002972019,8.528898755,9.757789582,40.27777778,16.7905921,27.35655738,1.760966377,80.83355368,8.45227859,8.654926939,0.708466335
7680,21.40541521,2.986638634,-0.09951748,0.222545098,2.869453235,0.427415738,0.727211848,0.629354075,63.48590618,435.759882,1.358246654,125.424093,-1.751342374,-10.37372375,0.97012562
9006,6.543457081,2.313963537,8.269584156,12.12958552,0.273336781,3.122235078,21.84203362,8.609661836,45.16440343,138.2189244,0.867091587,181.783121,4.716631507,27.11386898,1.040683323
9008,8.914721204,3.292745609,9.462681822,11.95541778,0.411372144,16.05264552,19.19936589,13.83090677,40.61432991,111.4388385,0.880495223,173.1446556,10.82032034,23.50995643,1.031596094
9009,10.14745032,4.720597375,21.90978159,11.27698754,0.295890975,12.38749319,21.48637391,13.60884354,33.1816437,79.54831675,0.515013515,138.3775553,7.691166204,42.65509865,1.114381439
4251,9.507396943,7.236434257,11.08213737,20.93782519,0.643091895,23.27165714,31.20582514,186.8318079,7.154641393,9.399935561,3.857232085,51.92479488,-3.10980273,-9.563601718,0.977419327
9539,3.175168403,1.802833988,2.728083967,3.263502316,0.679549412,12.57043301,12.15824587,13.24137931,17.70821048,31.18786908,1.513522151,86.3171014,1.694842011,167.5958188,0.625976414
6919,1.477024153,1.189244391,3.382410257,5.024768419,0.622486816,11.32531953,13.06733427,160.5730821,2.486672102,3.346237726,4.012709775,29.57069088,-2.937648091,-45.52530142,0.710107764
2915,6.643645372,4.143258427,3.81994046,5.28445089,1.395252948,6.716247015,7.903776321,110.1363636,8.597066167,8.567925331,1.865695177,52.21830193,3.357603354,64.27118644,0.809908072
7939,5.366779742,3.152954929,2.982367417,4.49930599,1.036009432,6.07070209,7.167809945,22.24370314,25.13487243,41.79732818,1.50008274,78.13754462,-0.332485787,1.792171345,0.783278172
9239,5.4202562,4.802157135,26.65644837,33.24864748,0.224768044,28.95836395,38.84421302,,0,0,2.995238323,5.50219611,-17.50733959,-25.29034795,
2809,7.135010368,4.811760323,5.941953617,6.718904906,1.089013398,8.25449878,10.28306425,130.1735849,4.510010801,8.343413647,1.937196963,45.65579639,6.081180202,1.090141836,1.55242016
2594,0.639603185,0.336567356,0.275124385,0.632528959,1.375874482,1.742025893,1.979867066,7.235294118,14.99785352,49.22660227,1.583430291,41.00639603,5.39701897,-35.43307087,1.219157868
6861,13.44864104,12.63667173,37.6394167,51.90752919,0.337679202,39.81239585,53.34198811,,0,0,9.715478458,2.474592672,9.496344419,11.06249306,4.5270513
4712,3.793224807,1.404791604,2.406347465,2.204017143,0.584061244,9.750255323,9.214386309,1.412614068,36.6296605,98.90757922,1.238525296,97.35137002,14.60232947,593.4513665,0.845540598
3799,13.45073237,9.445751291,4.889519059,4.364861594,1.810909303,2.976229404,5.524611022,781.2027142,0,0,2.998371921,5.147005301,2.872555733,5.388915969,0.862422446
3420,4.359486813,3.212002133,3.825561249,5.211326168,0.892000766,4.669371658,6.217768187,91.35688832,1.736654714,7.410009448,2.614300103,22.88495985,4.000667409,-16.21822769,0.604384428
2408,7.660306243,6.695734592,12.27310355,16.10884816,0.40139023,16.05435464,17.57458138,,0,0,9.150720815,18.54469625,10.90567056,44.64784434,0.84946227
4189,11.19467248,5.99534208,6.776833655,9.77254166,0.880078604,11.89855601,15.27480929,57.0964467,14.05753991,26.24863655,1.486878468,70.22791205,-3.891180547,-7.780601787,1.108256984
3465,22.75909083,4.644613124,2.587044924,5.211456329,1.267009045,4.198182471,5.372891202,7.230457675,62.43353568,361.7112548,1.768516208,8.632758592,21.00754546,49.58940841,1.004540668
2933,4.920074781,1.409837942,2.376201501,4.14371514,1.519008957,4.879495348,5.907150262,7.67106283,38.4865021,148.442008,1.196864037,86.53413442,2.249426195,-4.379385737,1.043636597
3082,14.32051497,4.010994038,2.061756867,3.864290625,2.056165659,5.174818524,6.264797568,22.44880006,42.10430963,145.7506114,1.309508812,109.03514,9.525520021,-25.87687337,2.087326589
4584,1.689042415,0.340044426,-0.415973623,0.548656222,0.840422304,0.771381172,0.566365601,0.656147782,26.22474208,186.0413033,1.551466567,0.084126106,109.0316613,,1.499919516
2801,11.69113873,8.750776404,8.702091317,10.89961762,1.052451178,13.02055491,14.69620398,44.66820809,8.685867527,11.94834614,3.80289832,44.46640277,7.28532841,5.276351103,2.239509267
3444,13.06370776,7.740109188,0.788240283,-9.543773635,0.627778862,-7.728640081,-6.863096903,-40.44675728,9.715299819,9.157559692,3.464612228,30.75662945,4.733716339,19.76185193,0.763900604
6346,4.55838195,3.783387595,13.44285017,18.50870123,0.373733928,15.81095831,20.16562156,,0,0,8.057574283,15.81452012,0.852959021,32.57069485,0.657560398
7953,2.860262646,1.679852427,0.775213839,1.238431024,1.248066158,2.263777936,2.992200224,12.75558552,11.30171733,17.34966078,2.08590167,35.44359229,-4.472437271,-52.19501104,0.698161698
6912,11.43951267,9.127319108,10.72226454,14.87319881,0.791675869,15.09768573,16.97548418,440.5304367,0.081901778,6.859260278,4.577124701,16.47303791,7.530839682,7.755000089,0.837172712
7908,4.188787428,3.406588662,8.756862051,11.86470692,0.492156179,16.04391712,16.70798654,,0.03022322,0.13272457,6.571150855,18.59736674,13.96569122,520.3703704,0.741766146
6378,10.54722208,5.897825579,8.735953993,11.39949302,0.764133624,9.545609322,12.50047293,334.7777778,4.506663549,16.40620917,2.24870944,31.13468876,7.138224564,44.2316898,0.862110832
7461,6.877454838,3.562919737,3.266804161,5.375256325,1.243603761,7.099599441,8.286958444,72.90193804,21.05292384,73.07360722,1.605333425,98.68953332,6.636990974,7.402914093,0.612338688
6231,26.86366931,14.23104302,15.56047177,22.91367338,0.757067353,21.35084719,26.57195371,66.94922138,20.51442065,41.97282994,2.670350709,84.65798298,15.80640348,37.18836493,1.749098947
9368,9.140059166,5.552371067,5.398419735,7.531613473,0.94583011,9.339266142,11.28596902,33.85294118,17.52622039,12.89656228,2.159546902,47.74813833,-0.591937294,12.0467267,0.873886243
8107,-6.219241072,-0.695700217,-2.641090082,5.630465778,0.190476206,12.95043527,19.90369254,1.020323611,80.20010455,686.7396905,1.597556679,649.6407375,36.85757784,966.9468693,2.125975263
9636,7.257710903,3.325795402,5.310585135,7.995747905,0.629749462,13.61304287,15.81553606,61.55235762,5.396888868,11.77735081,0.798254793,146.130651,5.581283756,6.692872989,2.439910641
1944,10.52977745,7.676589675,6.701576324,8.648933847,0.861097473,7.578525455,9.65721969,260.5982906,1.848500596,2.72417385,2.48771838,25.3313613,7.722041936,42.88392146,1.080408449
8118,2.745272525,2.399191196,8.986146868,10.61664828,0.317881569,12.41878141,15.48363369,216.5,1.477621807,1.690767519,8.328784925,39.87986652,-4.574169396,-12.96482412,0.589328257
7962,2.193545994,1.485640523,1.072021595,1.356513074,1.123915852,3.587860594,3.740347381,8.312438165,17.78946383,30.43113819,2.930829055,17.09448598,0.218519074,,0.995915813
4013,9.884531431,7.371371269,18.86399142,28.32858204,0.404272751,39.61889741,45.19758978,155.0053999,13.63263295,18.28047781,3.953426396,54.58493525,22.70720966,108.4487783,2.013646692
7122,1.041325756,0.594883998,1.850811382,0.773374756,0.511132509,2.257328883,5.023630895,3.25,9.20030594,7.339858975,1.934630009,37.02061825,-29.88598971,-94.56698398,0.604556182
8244,8.093835243,2.973170126,2.956556397,4.707851734,1.042787972,10.85292945,8.802710243,88.14925373,1.757128314,4.783415166,0.549393948,126.1516639,8.985552573,32.5701459,1.220709049
9041,8.326380287,1.806996097,2.682073066,4.793984569,0.702111085,8.352399002,9.527054686,7.110098774,53.03935978,238.496782,0.999431467,254.5469248,6.888984486,-3.296003335,0.997176468
2503,11.46409612,4.222672703,6.063295941,10.34720262,0.710657484,12.61057228,14.53276803,19.54548983,28.70133539,77.92099718,1.374776468,57.41970424,4.061692151,19.34748398,1.087886584
8160,11.72341057,7.603514247,5.947885551,5.089331004,1.144758914,6.659903436,8.149692837,73.21621622,16.70122486,23.92472232,1.476158038,53.55789196,0.462403745,20.56074766,1.634156419
4547,6.763506919,5.792042088,13.54126571,6.536850447,0.349830095,8.13879769,11.9664893,274.952381,0.654349973,0.828213814,6.453130655,12.95142677,16.87108853,43.73910879,0.813391394
3409,-6.775671868,-3.716810813,-3.417436521,-3.011029387,0.810374521,-3.629589627,-1.925254188,-4.384237772,24.88093322,41.07053396,1.653414316,90.9520135,24.78956564,19.96056769,2.3133389
4707,5.366021576,2.983090793,5.997861336,4.213276902,0.557773709,6.299050694,8.647629792,7.880630023,30.60060126,67.54150856,0.735046838,121.2191623,3.728106583,-59.71982895,0.746382833
6317,6.438241284,3.276829268,2.17527933,3.028980447,0.70654118,7.147346369,8.608589385,4.541884817,17.12682927,33.58811549,1.633408116,65.05570864,-6.963145841,5.728214503,0.627060704
6327,9.761245941,5.744040117,6.338114229,10.01980821,0.730062904,9.462207423,11.59144176,47.92281106,15.30326288,24.80672994,2.277840741,36.32039483,4.944719282,-23.52967851,0.995800795
2134,-59.97480205,-45.35150085,-119.0419993,-84.59237151,0.359594691,-94.12220802,-75.74696376,-76.14908904,9.545617171,58.00293238,3.161573512,33.53749019,199.2067858,-67.21823238,2.241813642
9872,3.919476455,1.959947355,0.934262509,1.210641436,2.053349735,1.227597199,1.409023857,,0,0,1.902191845,11.70863565,-3.767623899,-22.42461117,0.78284213
5039,13.13277852,11.19391938,13.41278107,17.34677434,0.874769395,13.35632624,18.59375558,,0,0,6.361890613,4.708015168,10.70916712,15.89915529,1.787517804
1866,7.215876214,4.454351824,4.181663018,4.503234265,1.054022344,4.676388013,5.613891878,52.76811594,0.006614719,0,1.732268024,41.77150083,-4.838519844,-24.24053267,0.706222402
2930,9.125862396,7.823809504,10.19652555,14.16606794,1.326742885,9.693625305,15.57658158,4628,0,0,6.447004026,3.454720394,-19.36105107,15.60842344,2.555457284
9930,3.27731634,1.953828687,4.167190662,5.410024034,0.843003202,4.483862425,7.252457485,47.35,11.61005603,19.47449467,1.373786253,51.4385021,-5.526969565,-15.32013337,0.763549983
2700,27.02086482,9.751339443,3.133249359,4.5796746,3.640967143,4.288474134,4.8462507,49.94825035,29.67522991,82.22976756,1.414972433,25.38348924,48.06180636,239.4508033,1.015758982
6498,9.704037848,6.220534382,6.489625429,8.747919992,0.990561516,10.46569543,12.79530456,45.59292035,20.07975044,31.32442428,4.049684195,52.10524979,2.697015845,8.691983122,1.170623014
7353,18.36618987,5.903826179,5.846226684,6.042998395,1.076958874,7.454686357,8.136848166,48.9827614,9.112155958,28.34697048,1.307586771,3.544097188,12.60742972,42.88211741,1.622558998
3656,-40.53535396,-31.40693011,-60.91963042,-19.0228048,0.466225067,-17.50339397,-17.45584629,-39.56967325,2.498542563,3.224743928,2.84330051,2.131668293,-17.4574648,2.822873569,2.39077062
6233,5.431220402,1.700006064,1.805125755,2.795547163,0.960745166,4.827814522,4.75345219,6.260027145,39.45974396,121.8811933,1.277850709,117.992805,-2.172928307,132.1200184,0.921134958
6568,3.72961166,2.496272808,9.014992199,9.437187306,0.420434823,8.523937146,20.18793435,40.20522971,15.4405581,28.65319283,3.295233712,82.44701199,-10.65758691,-62.9160569,0.745590997
9726,16.20983632,6.076762181,2.798015416,2.200600329,2.04240819,2.576534701,2.375453525,1208.2,0.123597642,17.46158629,1.487417983,9.006128431,7.473368125,-16.93936477,0.857821724
6999,3.779285623,2.088211368,0.405489707,1.816905802,0.473330848,10.42420462,10.95601996,3.13172043,31.8240017,57.49199846,3.608722937,91.50300858,-1.102799414,-64.66484683,0.692938959
9273,13.0674866,10.17496504,15.63436282,23.01400506,0.683195825,19.96483683,25.98674619,353.8744466,6.812480925,8.180574968,4.168605299,32.70030893,5.128212542,22.19984186,1.02955737
4097,5.37787014,3.450574825,4.833153168,5.973753069,0.814078576,7.277007163,8.839901801,88.25373134,9.424036945,15.09326372,2.193701642,53.07288763,6.119538998,3.049843151,0.750595721
4967,1.732709634,1.327865935,2.205837989,8.956691726,0.613067947,10.76733719,14.23296449,530.1785714,0.246250849,0.321328537,2.474682808,31.92763947,0.085748792,-40.28800129,1.69916286
8742,1.943829213,0.909412602,5.051920127,5.082749351,0.2408752,5.442043802,6.395365277,288.8153477,0.335277913,0,1.346663763,39.28279726,4.798333845,-29.58400327,0.707456666
3038,16.85254027,10.45377854,5.77812982,7.22837189,2.235485276,6.708343831,8.432103621,1733.869565,11.58140304,18.18773234,3.114468587,41.0291202,8.627577611,17.07424478,3.427723205
9046,5.510004673,1.427455124,5.196330939,9.068727125,0.243873143,16.21255253,19.04568253,3.311881188,61.3321447,230.5110667,0.182290012,341.3059178,-0.815667996,7.9612695,0.948233755
5406,8.753766794,3.517784005,4.703700268,6.212135978,0.879403569,7.835991031,11.02671553,11.40981957,31.43079701,71.40455691,1.54858067,90.12994525,0.467492574,-14.95319591,0.808482007
5660,4.017150945,2.155509393,3.015192605,3.405942904,0.773811404,4.767736856,6.243256641,13.74117647,23.16334964,44.96295063,2.106844598,58.19249022,4.788241765,14.0625,0.642491889
4222,585.0222788,168.4748736,-0.838586506,1.025260991,1.104084195,7.311639334,8.351279809,1.732871012,27.88151113,434.2412039,0.696918885,191.1918191,7.79393211,-7.480846458,1.146851382
1948,12.87882261,8.220420825,6.970762021,7.849429503,1.167407496,6.945293399,8.371536267,308.2,1.504199467,2.521663381,2.395417865,4.823254321,12.60754847,166.3785653,0.870514786
4367,-0.706037117,-0.424009958,1.440595025,2.699281096,0.526323475,17.12233074,17.17077652,6.098678344,20.76217164,32.69778366,1.794647022,99.6104208,3.042441279,30.12023532,0.729378295
3635,19.13568189,17.27462493,45.25315695,38.62898376,0.364989136,40.77931449,40.93084787,,0.222563242,12.58149836,3.250713757,19.27399813,-1.695356096,12.7175744,3.057397155
5603,3.489100912,1.486029543,3.032260516,4.453395144,0.76294428,9.066382946,10.28612684,8.492753623,27.03624607,68.84880563,1.687759854,64.12006407,1.363478797,46.31710362,0.590213512
7516,7.072169229,2.429312609,2.35927646,4.308954977,1.056675195,5.950809769,7.729838508,7.908545198,40.81811753,118.8289369,1.329648954,124.5412288,3.664716805,-10.41916647,0.896911674
6524,12.76396058,10.56534482,17.14220236,26.4982239,0.612388822,22.35017761,32.29632176,52.55681818,7.249549772,8.758158782,6.589396285,34.69135276,9.608138659,17.35600101,2.994225561
7878,7.133489113,3.229062765,2.601752403,4.243280671,1.320681102,4.841010176,5.841430288,13.17145993,34.09264006,75.31580972,1.514396845,29.47354813,7.905122654,20.47067013,0.9724817
7504,9.388949919,6.096561683,2.989733967,3.910144379,1.888713561,3.78418103,4.753716898,,0.572663478,0.776241341,1.664001022,51.52651443,9.130824641,7.202761443,1.001481786
6137,5.928519398,3.37592828,6.580806434,9.868492555,0.744964949,10.81404195,12.83556135,41.90769231,9.676858232,17.45188806,1.847374252,31.83260098,7.431840738,21.20133482,0.74587085
2226,12.3197903,6.010230179,4.361517606,6.769614199,1.572393158,6.683731034,9.031204217,223.3333333,15.57033248,50.94102228,1.507799805,95.14023591,8.305823561,11.66666667,1.719001304
7276,6.390126307,4.503501312,5.044130689,4.895119389,0.988074137,9.190702829,9.691516065,133.5535714,1.317486786,1.211890268,3.151616011,33.42511663,-3.534270937,-19.86213301,0.821917631
7513,7.170412971,4.124260016,1.665193253,2.590614944,2.374112195,2.909933166,3.129530747,79.63043478,7.848130286,11.47664669,2.345139412,23.98251883,4.788266856,15.17057066,1.135617461
7963,6.416515258,3.925228009,7.466372136,10.72454151,0.545132271,11.03640642,14.23738622,21.289742,25.6773374,41.97438386,2.215124286,66.97847893,10.17133851,25.93102793,0.792912773
4167,-13.7627193,-10.78581097,6.270192563,9.85596345,0.863316388,18.25382831,19.07891525,110.1074012,7.228312574,7.148367878,4.093316927,4.665703075,10.2422143,483.7527659,1.323299455
7722,11.50089048,6.194003056,7.121760623,9.171808498,0.638523927,11.41531642,10.36614121,47.3518533,16.36215685,25.27644114,2.304664366,25.58920981,28.95813021,,0.84410066
6525,16.70455936,9.595270444,15.06865941,21.43906451,0.666530905,22.03965128,26.72297255,44.65998256,17.62280681,28.46641654,2.090842012,24.97706048,32.12543824,67.65947697,2.078312708
7984,8.531899761,6.047914648,5.966777446,7.287510142,1.002430338,5.990952439,9.687781347,169.2,1.57640657,2.223864526,2.725648622,26.05382253,6.40073087,22.1233993,1.341645976
5887,9.158303539,2.760882739,1.889621014,3.584224253,1.858633849,4.032263483,6.085817675,15.40069284,45.50077157,150.933566,1.623576572,39.41122711,28.27939944,-22.74526462,
5915,1.637026331,0.751543477,3.141567825,0.712647646,0.554927612,3.908465465,3.60762459,1.623595506,28.40430443,41.65147992,2.202731884,54.70684346,-26.77849198,-60.08287293,0.647441041
6301,12.56945628,6.908762639,10.69518352,16.15236746,0.719891423,14.8256715,20.12125506,11.51830052,21.14310448,48.06395288,1.999747175,30.94369791,6.038308146,8.495518775,1.108933274
3580,2.611289466,1.914416501,7.422962101,5.373678085,0.755610782,7.51151141,8.761321662,708,0.698678626,1.081928259,2.822483917,20.24570894,7.788382874,14.37802908,0.841502881
7949,7.798359354,6.282644381,5.939573247,8.149542765,0.944114099,8.669535593,10.7495069,,0.402924937,0.989679809,4.914796799,32.44244509,2.445408831,-0.164744646,0.744151186
3543,12.95828319,5.853150337,11.29051988,16.12057667,0.504852228,15.46352119,20.31280035,55.57228916,38.63024868,85.5234657,1.315093535,32.86000802,21.6078373,6.475069252,1.754055397
2780,12.76528977,4.720730873,3.004573889,3.884813337,2.082919606,3.77666067,5.48882286,22.19787317,53.47809706,187.9137618,1.591814847,28.07555015,33.09460331,-17.12446934,0.978440243
8218,5.807174524,3.66578422,3.617965616,5.693964255,0.991570665,7.228283372,9.029486459,194.5135135,8.952007032,10.8799266,1.716323057,72.369639,2.276460482,-2.223530477,0.728533074
6349,8.387085602,5.602174479,6.526789734,6.409725349,0.652270318,7.927960378,8.702386312,65.90740741,7.081514039,8.46241093,2.333182853,17.99322938,6.494179021,45.29495815,0.706081475
7494,10.50859685,4.134929271,0.861463045,-1.380503541,1.279504681,0.385675924,-0.376664804,-3.773399015,33.96177319,84.47757605,0.929196898,56.97968017,-12.10258685,36.00668338,0.811163682
9766,17.83306908,12.92087694,17.71623474,25.88151859,0.663475202,27.23587649,32.63860228,219.5513078,12.29174185,8.286776853,3.153842186,33.95586197,17.00960829,23.69858976,3.858806673
7438,9.078396829,5.054638527,4.133880644,5.640669403,1.254535659,5.696242501,7.738553836,171.7692308,9.286250709,15.55549438,1.740951241,52.27648095,2.994549452,-4.450149765,0.970676675
4902,-7.961265667,-3.028232459,-8.189952495,2.830792583,0.865705975,6.638815053,9.087298139,2.549141717,35.98507278,89.12113655,1.629664995,57.34969934,1.821513851,-4.223662107,0.815105003
4956,9.464018643,5.931981687,5.950278195,7.815949837,0.973055425,7.915305131,9.442432806,1062,0.156965337,0.111300477,1.982364905,37.97433133,2.186223857,3.700810468,0.934813879
9025,8.679893171,4.397622384,4.072907095,6.154144939,1.217404959,6.78228455,8.790766029,56.91957105,21.00365203,38.99615741,2.19184446,76.508421,9.509600703,30.26751749,0.972452727
4026,12.8818266,5.422430028,5.228972815,6.517058931,0.904186875,12.38460135,13.84783799,16.53703704,30.00519514,70.31780315,0.874972208,132.4051219,5.509355509,-15.63533302,0.959293328
3495,9.16244269,3.171647917,8.806024996,9.288783521,0.670898688,7.998196115,12.00706189,20.86446323,41.95441363,121.2932467,2.626190638,66.73090015,14.91708611,7.016914679,1.02666609
7868,7.288678574,4.50574058,11.65213305,21.67510835,0.494988983,22.70638609,27.5207561,27.30921053,29.79406397,31.14596202,2.342059874,73.71804267,5.797862056,35.3660525,1.331869508
4922,5.318568719,3.84161808,4.577625813,5.610052303,0.846380697,7.631900131,9.402985527,421,2.708067525,3.749212683,3.621891413,28.78325645,2.30358349,6.00286123,0.985470902
3246,6.526223937,3.518312719,6.92545538,7.653016175,0.546023067,8.58708486,7.99964482,6.666721587,36.77722949,68.21918762,4.743829133,22.27479811,31.3353251,138.8839345,0.802983128
2157,16.95148198,8.676219786,7.578949307,16.5935722,1.065006791,16.6595066,23.31857955,142.8334822,16.80313095,33.84706113,1.058149551,98.539969,9.678832839,12.67933921,2.146528464
2222,31.00661095,23.91111966,16.7548964,24.34035025,1.469157864,19.57594438,26.36111073,,0.577145056,0,3.867385722,28.73892977,12.98224016,11.59944052,7.445039056
7809,16.77102627,10.01904111,6.616615189,9.758801916,1.294205851,14.34747545,16.86597798,60.28787482,23.99303003,36.97189524,2.883516548,39.59619482,0.754058462,-2.77464185,1.31676029
7695,-1.110189683,-0.465585749,0.882164661,1.586516793,2.83200703,1.27276541,2.4721013,54.94549125,14.65998523,59.2770547,1.125934286,8.279960156,36.05793425,-50.31642103,2.183024588
7554,16.30212394,7.789885179,4.24340773,2.355299501,1.738433328,16.97167272,4.860960753,9.917323978,14.27942137,2.365219376,1.215967035,78.9025035,112.3393276,,2.096272066
7807,15.10916642,9.024662335,9.675845575,12.52052885,1.312424928,12.21134975,16.08371986,50.86546313,8.050247327,6.842899345,2.116639475,27.84254827,-0.554886531,-15.92263803,1.115225436
7946,3.321607667,1.867356767,1.284030435,1.279439625,1.414667111,4.800971475,4.662697132,33.26567657,13.6232007,20.54950577,2.885856282,49.2257203,5.174044979,-15.54906999,0.678688463
7081,15.34283941,9.320660917,5.583051598,8.661267678,1.764251576,14.08366367,15.14479464,260.3824829,1.557253717,2.563411963,1.475497525,61.11210454,8.914922814,44.36802379,1.083277388
9973,-183.3415922,-12.10783598,-3.520763406,-1.522259705,3.336553534,-1.020811628,-0.777972867,-13.7598568,15.32163556,232.0062035,0.945667572,235.8295588,7.35248148,31.57136581,2.441162793
9274,7.642646478,1.869700456,1.192014829,2.077630954,1.923757926,2.679832011,3.977661102,5.135005533,33.81283111,114.5224217,1.191531448,61.13536611,3.973558233,-13.15658141,0.877625446
1959,10.81024431,6.862829395,6.094262312,8.64788566,0.955787512,6.546837879,10.06616676,79.58640777,4.856163711,9.690942394,2.028536762,25.33827361,1.044009577,8.142265376,1.057437575
4884,-69.15558848,-43.54328705,-1268.787648,-1259.367167,0.029862652,-1077.823167,-1259.367167,,0,0,18.79790026,0,-9.774107299,-11.1959916,1.929644249
9687,13.9960524,10.13294072,7.878685191,10.25499831,1.046361138,8.467468655,10.78447984,,0,0,3.473684211,4.569651295,8.40297548,4.941482445,1.097377051
3035,8.619000848,4.13425327,1.755097633,2.254452861,2.079760717,2.654033198,3.057660535,39.35749862,10.65253282,25.34594322,1.435045956,34.70815082,4.515894691,11.29356595,0.894033316
9856,8.466846155,6.156331233,4.081543347,5.737540947,1.780037946,6.347053087,7.80675652,229.45,12.41535713,21.44149711,2.278867216,66.9800356,3.494367992,0.912589335,0.661876376
4448,10.75293711,3.214638653,2.256752017,5.090308489,1.4885085,9.571690293,10.91705664,24.28127346,13.93070374,46.59807753,1.264169487,1.965920773,12.49609685,400.8125465,3.10867882
6326,7.117349127,3.008698435,6.183959606,9.116129069,0.493945715,10.84073589,13.54769019,35.41448977,37.47702021,88.65529159,1.650649264,35.85159656,0.0865304,-16.84941068,0.943154723
4596,-37.28311112,-34.16356102,-3169.688306,-4023.135693,0.012117464,-2834.272322,-4023.135693,-984.3302752,1.123590965,1.226188533,12.51164431,0,-21.53076612,30.34784853,2.532309235
7709,-143.7338965,-16.74523437,-12.08688992,-7.540475447,0.812826073,6.698085565,7.110646626,-45.50726216,15.35838282,92.58334281,1.065862022,0.002967256,27.22887859,42.19980814,2.43823129
4425,-16.29782978,-13.50236046,-154.9076513,-154.6895077,0.158546364,-147.6631198,-154.6895077,-190.8903195,5.291909676,6.387523378,10.55148617,0,5.417433884,-51.86436434,3.68230486
1764,10.96008897,3.452700803,2.147436234,2.875292724,1.375907696,2.999205415,4.154219983,5.575732239,32.42480851,126.072634,1.158258511,74.00393457,9.687407379,51.47810245,0.881150933
4376,-24.87506247,-12.07764635,-16.62650602,3.70659107,0.798076923,10.31183558,12.0411056,13.075,20.60054595,51.24937531,2.16460417,6.684157921,-9.225424601,-17.24683544,1.046428672
1861,11.40412145,4.483139581,1.876124441,2.867939211,1.064056009,2.12182173,3.282716349,17.67490729,9.168426901,41.26184492,1.558047585,17.85853742,12.49748981,13.02663821,0.980857402
4996,2.98992975,1.740496767,2.570074269,6.292311483,0.651017131,10.4551161,10.02041511,17.27214171,20.91053766,43.81423677,2.082980937,34.53853341,5.844804997,-5.589296717,0.722090747
5388,5.463959545,4.556216576,6.863412752,8.153397876,0.615167682,12.2229697,13.46977197,325.2997206,0.787146392,2.49807091,7.754131587,25.38812237,0.206535807,4.019437678,0.620902232
2695,5.790186542,2.287305515,1.47159019,2.227988364,1.577536855,5.435132941,6.588497362,14.71967655,24.91229564,61.00320138,1.259612835,148.3408237,4.323898702,-4.192982456,1.27777536
3106,10.4827805,6.591647466,5.983008098,6.84521439,0.786083617,7.922474446,10.26815346,32.228125,5.747681455,7.086456438,2.147612779,36.94973541,-0.432213807,12.25644933,0.893500937
5884,3.954004536,1.309690305,-1.021429273,-2.074751795,1.348601684,-0.045060188,0.702756864,-7.415407855,49.32861031,148.1924245,0.86080521,78.01756558,7.465908182,-401.1230123,2.18792136
5216,-418.1613345,-169.2542412,-153.2088256,-70.84316774,0.621059075,-55.36662559,-48.48289087,-103.0612791,37.8189326,93.43585846,0.747414448,158.1337804,28.25095576,-1593.528974,4.287085359
3405,1.005317359,0.572914229,0.923746393,7.283470654,0.623140812,13.65680125,17.76059531,20.97719986,25.65279464,45.01406744,2.534309838,73.91963384,-2.23099668,-30.79264709,0.794473696
7110,17.82231804,15.0458133,8.434660542,12.84930018,1.427525891,9.048235799,13.70251334,901.6520661,1.640642426,1.630010027,6.173534411,4.198444572,21.07467172,0.673525884,2.118023992
3607,15.34499936,4.822360194,2.298039364,2.958800178,1.068545349,5.184284981,6.112366789,6.64784844,45.55902069,134.663406,0.924418802,136.9691986,2.813640149,17.72997945,0.944837915
4023,4.747053092,2.878383309,4.81436904,6.119803722,0.480892953,14.45483443,13.94870845,50.58673469,24.90891925,56.38050933,1.890101564,82.85348566,-8.966528631,-47.07201196,0.785831293
9171,12.6196586,4.715053525,3.794257049,5.09852708,0.670918432,11.5781129,11.66351451,9.156331742,35.9925573,98.4164328,1.502050133,118.3032195,8.562186643,76.45762238,0.769497845
5602,8.325730967,4.817933456,5.452004831,6.261200452,0.826508241,7.226708982,8.612999234,37.58767773,13.47780755,27.34456963,1.623121811,39.96829813,0.590827874,6.285178236,0.779711057
6370,6.985748169,4.276171375,4.965907535,12.02896637,0.739161716,18.60069261,25.40402262,41.96672355,17.02708266,33.38213894,1.666704383,64.06003089,6.25297213,16.95120791,1.321210904
3355,8.014534102,4.392594016,4.447571597,4.626327858,1.104586885,4.318724248,6.619051251,17.20489198,23.40307818,42.70022849,2.370598424,48.63798167,13.85230654,-9.624938489,0.815578954
7726,-0.069605118,-0.029731557,0.998534205,1.802786197,0.651225685,5.977261807,7.643078465,2.121259156,28.33340837,85.87023129,1.541239839,81.99083285,-6.593444007,-46.57453685,0.777847358
7997,8.314967705,4.716220631,6.355690684,-1.93850182,0.763861214,0.305947288,0.532743092,-7.017408676,11.25192348,19.83778702,2.222184629,49.23563644,-11.95934754,-351.6549723,0.628679287
3549,13.19095219,5.455025194,3.546772489,5.304803877,1.529065415,6.573274573,7.940455062,43.3257329,28.91359118,95.92477994,1.357957571,115.8617993,14.78569385,43.25255789,1.535336075
5592,30.58837407,21.26634416,18.17028916,17.47427029,0.635805896,22.28556882,29.15628851,331.9787956,0.596076753,22.00640702,1.993252294,1.687601223,28.41208926,42.48058471,2.178041687
8104,2.897915754,1.122614747,1.143625967,2.239855671,1.576219108,1.834694065,2.713818304,26.63636364,5.006910264,11.8670589,1.444185212,38.07973963,0.885365252,12.43284728,0.816697708
2708,19.62368986,6.765640646,2.558044569,2.69367635,2.867034621,3.644557228,3.298914946,54.32352941,8.045626714,21.70728627,1.183431511,39.929284,6.34984645,-0.858829844,1.031254455
6484,8.274619209,6.392197172,7.119243672,8.974760511,0.828439953,10.10121915,12.48134503,,0.192310734,1.259168981,2.821229564,34.78402944,-0.505841087,5.17104339,0.63804766
7242,13.45278158,6.551546926,3.399145822,4.659651941,0.932942546,7.62281094,8.922558154,9.065246338,23.29155798,51.33474467,1.522019878,73.97353511,-1.008399186,-2.752118846,0.79651808
9685,11.16038431,6.291251597,6.923548644,8.72219905,0.86354022,9.391855886,10.87419904,26.31441048,26.9167112,44.47477517,2.009590824,66.33328358,11.14791619,9.490507268,0.898093361
5536,34.27721084,5.515134198,10.20913416,18.18037784,0.640145184,13.70345487,19.71219875,5.021585457,79.52623889,494.2649735,2.135598608,109.2813276,26.6637361,59.72355263,
6971,3.22323907,2.299045487,1.196205026,1.355156286,0.448819235,12.16404048,9.343772556,4.795187072,7.589419208,10.68867806,2.920074357,22.80268309,0.510572437,-70.62191277,0.804296951
9849,0.166046866,0.06734851,0.165889759,-0.059923057,1.724218801,0.484808321,0.635332434,,0,0,1.278666562,43.36170384,0.975463577,-110.7175007,0.929097819
7914,5.97681777,2.916395121,3.310761475,2.332536483,0.758864629,8.077857907,8.386928994,12.67391304,10.09760109,18.12443356,1.819358769,88.98923569,3.077573408,47.78200253,0.736853749
2436,19.90601022,12.96798453,10.09058392,15.22864458,1.372397569,12.75143025,17.47165768,236.9930871,5.58701534,8.57613488,3.099760914,3.144592013,16.80839748,21.21579512,1.594683654
7058,5.693369297,4.057974296,-0.382699612,4.794255946,1.535456771,5.384214926,6.452498983,117.1166667,7.554277973,20.38172461,2.438375322,7.477861804,8.109990373,56.81057428,0.862802894
5440,4.728850967,2.720589069,3.342429433,4.748969332,0.91323466,5.582795672,7.460143906,5.714498695,24.07632047,40.48170335,2.04628168,54.06132382,0.581652554,-27.18119212,0.638884476
9130,2.584675602,0.831192007,33.71834695,9.054324947,0.203109102,33.91551622,40.48160727,2.787724315,58.44386701,172.3367827,0.97646834,254.4048679,6.926611865,,0.775573593
9073,4.520762147,2.335079702,1.232925738,0.20090021,1.037011215,5.062438298,4.615385163,0.734586662,22.77891328,43.4748791,1.104718262,86.19346974,0.087875258,-48.68832075,0.896751909
8093,6.751601036,3.416652301,7.0155902,3.850364275,0.984283273,3.784304103,4.548714658,30.90909091,13.17876228,20.30249353,1.761541873,8.519553073,21.35135135,83.2884097,0.823600371
2300,1.105255709,0.537528283,1.543501274,1.728182456,1.231963219,4.917756751,3.883341412,8.871112383,28.09157697,43.32748105,0.679295332,90.52821452,9.42136841,11.63441222,1.10163225
7226,2.272923019,1.405607516,4.144564931,4.739086786,0.78426982,6.909269557,7.790016305,36.77348066,16.07686899,34.68899109,1.863272014,53.04635419,9.703497727,37.94818653,0.860152585
8706,,,57.59288205,36.53961765,,,,,,,,,-28.27699207,-47.07419018,
1301,9.46703751,3.429215588,2.226766794,3.661280358,1.751362642,4.013796703,4.55363898,13.13033175,43.97150761,155.5423589,1.790252684,42.979779,15.70197703,25.83172476,0.896161471
4569,7.899622115,5.560433431,6.984556489,9.645083675,0.700814826,12.40861885,13.1834849,72.52601156,14.68820048,21.5607,3.877246447,22.2350222,8.830271392,101.5258593,0.741755941
5997,4.686605152,2.935893383,3.866106115,5.014961089,0.758672532,5.832497363,7.260847974,36.21287548,12.42125446,19.82821156,1.830428034,52.47722635,1.629765213,-12.67175104,0.592181805
7795,7.182062946,2.99775688,1.77348917,3.096222477,0.948623209,5.992876683,7.149719422,7.608637667,32.58876674,82.99799533,1.327475242,95.60450647,0.826312306,-24.03561156,0.75000231
3670,15.50490262,10.26447124,3.838695307,6.674000553,1.380331774,5.410826479,7.942335456,2315.736434,0.175789413,0,2.999243088,20.07824568,-18.15793525,5.785200058,0.91265126
6874,10.80602256,6.672005915,5.590406399,8.716037423,1.203925116,7.452553938,9.420787487,721.3945034,2.498208651,4.067482946,2.105484979,33.57373474,11.3053637,34.82640549,0.930961632
9616,16.21678744,5.344810429,6.360812989,8.950653685,0.799918238,11.15522882,12.6307697,27.57873486,49.50343318,153.1712963,0.643667953,155.9722222,12.15278798,22.63450835,1.476307661
6742,9.220475334,3.783976826,5.602867619,7.160846697,0.668057034,7.108133119,9.415816416,17.6167147,26.78385778,81.66154203,1.588599689,27.54733036,21.0450195,145.3049759,0.832972727
6837,2.492116773,0.978629918,2.344732929,4.872469404,1.079471561,6.641503679,9.123489268,3.540166205,33.89255043,85.61692605,1.620012277,77.18441664,6.708706265,18.11460259,0.813554506
4735,2.380919008,0.422473957,0.34394163,2.374031803,,2.860953986,6.410836775,2.685254063,48.2649017,272.0045105,0.75919231,267.2930871,,,0.93738864
5844,3.998659265,0.356093261,22.08553371,31.10536429,0.013944237,26.23412406,,,9.375872657,76.23297765,0.19270396,7.241169801,21.66312586,13.27480362,0.965187809
9723,39.37473335,6.289342238,8.244079099,9.792629424,0.565134445,14.55956793,17.24778932,5.572690734,73.81071079,714.1065648,2.361108963,725.9875143,2.414805464,-3.834175579,1.353881837
7615,-11.83058743,-3.218014416,-17.88547095,-14.23551007,0.637525743,-14.73347508,-14.18900931,-46.54865687,8.338412357,1.865144924,1.067784261,0.000303136,-26.50855078,29.3417078,0.903663724
5966,4.187925878,3.150396553,6.022457934,9.365048606,0.549846344,10.33885439,14.79430437,115.70295,5.857100962,11.67636674,3.291575104,37.31854998,7.327317365,-6.924696168,0.63345101
6570,22.17126101,6.941070548,5.490633863,7.751916917,1.117352357,16.82889524,19.69916923,38.64700967,37.97294658,134.4919238,1.213834329,131.3626294,14.57666069,19.62657572,1.044815671
6853,5.67300171,4.351881956,6.350221803,8.516738061,0.680255349,9.46998727,11.60223066,183.2680508,2.072619948,2.70181421,4.078017485,23.04032661,6.007684873,2.151797034,1.025757331
9647,14.38087608,7.586482746,7.236524609,10.86604034,1.067709333,8.867359957,11.73941319,41.3141017,13.02811697,28.66237094,2.096602337,16.9827356,4.715585881,20.27285362,0.905448655
4151,7.504488813,6.051306122,13.49365774,20.58567788,0.456804659,24.02329991,25.84788236,66.45549058,2.358601267,2.925004366,2.724505462,15.80879225,0.255873177,11.33063375,1.387704792
3553,0.817002484,0.489272373,1.952231502,3.794528078,0.921964019,6.892210579,8.282355444,152.8571429,0.983503587,2.779464532,1.735840415,43.12724262,8.37865365,-16.66666667,0.660242233
5971,5.368754569,4.630569737,6.772893052,7.826633751,0.580096877,8.761678255,11.33338771,,0,0,7.777435213,18.26424065,-4.691125817,-19.37387888,0.524693078
1981,7.924049511,5.1594237,3.029894526,3.964153252,1.286083424,3.707179185,4.695135979,,0.126537618,0.162073171,1.901748814,32.64476834,4.253791725,18.87079906,0.83783777
9508,18.10709676,3.134295401,5.463518204,8.456305559,0.409838918,4.278198752,19.32347349,6.637393013,65.16658657,467.2114026,0.843352388,524.2707043,10.16084998,-21.90613894,0.928234565
7180,5.741158349,0.304293374,12.236814,17.2452561,0.018520241,13.91556288,,,13.46240791,286.4115167,0.238649614,15.45166346,12.96528116,11.91715265,0.970957368
9142,10.31616164,4.076534349,9.607982517,12.97929325,0.402257421,21.30358522,21.4323284,18.45337922,37.58221193,104.4078185,1.006769908,167.9286407,8.085356397,25.22985455,1.096491067
2986,20.48516661,6.017805391,13.18129551,21.53775733,0.537470657,13.56692994,22.01343278,10.10560341,64.34131715,219.0237995,2.581145435,29.78404744,4.109061408,30.17296477,1.333378036
5586,5.945571081,5.379425447,7.725042742,10.07388682,0.702835138,9.142737164,12.08679083,10635.44444,0.047441497,0.032849977,9.886654307,3.183150984,25.41355994,4.389030967,5.572677565
3139,11.97300296,4.306665632,2.361390688,3.253544548,2.130176412,2.517285139,3.525949589,12.08943089,41.18657784,134.2763807,1.703913934,10.94058185,6.968117163,33.51290685,1.024383341
4074,7.669150398,4.708659337,3.721537961,5.764311826,1.274329343,10.19961016,12.4032719,42.60179784,14.86604958,24.21283043,1.715293527,4.259344389,-3.015708005,-20.46650301,1.191875714
4484,14.38309982,5.950281196,3.854363872,2.378900952,1.34948313,5.157833631,5.872913769,26.11121741,18.04875286,62.68168696,1.783982432,0.110193608,0.349759607,44.66441397,1.6251762
8944,-1.553566749,-0.442627748,-1.926500358,3.41347208,0.343101854,3.382998682,9.308206568,1.346459832,59.28051106,204.7516576,5.320835474,78.40994704,86.49411895,,0.784624457
8918,4.834651625,4.29167244,14.7806126,14.3081749,0.295196576,12.74377995,14.56575936,28.57994022,6.002353054,6.76176627,9.470840062,0.104203048,-40.94456288,-56.31260877,1.597217848
2981,26.35354734,10.09192834,6.930820667,11.1448887,1.093202099,8.759882758,11.42145447,15.53903622,56.18781533,156.0145085,1.786740757,33.45471716,18.93267646,76.49717302,0.992259855
2991,20.73750345,6.485595106,2.483575631,3.91160047,3.064587433,2.552305837,4.287701877,13.36826665,51.03320821,191.210212,1.686019842,43.43669775,23.39834236,34.6130502,1.092785246
8202,-0.436392489,-0.233413496,-0.172069175,0.137307726,1.330673605,1.71200139,1.656383071,8.777777778,7.554109492,14.12324782,1.989570164,24.9096359,-6.473007461,-44.75524476,0.792669012
8143,-34.00136441,-9.439460807,-6.327438545,-17.64892748,0.63079468,-13.85772135,-17.55969556,-14.27305835,51.79351761,184.1537944,1.038065546,111.4572402,-12.76751094,-5.180159156,0.887171511
3466,6.036251379,3.263121072,49.6459035,55.73232083,0.064815228,61.45346988,67.44022977,9.010165064,43.24369757,79.99391481,1.127260104,0.088840862,0.336776497,1.116688345,1.106927943
6920,41.48594569,26.41951936,33.66192535,48.84900011,0.83458588,39.29544253,50.70841469,10237,0.053701293,0.063363506,2.432695325,14.42829919,17.78451191,50.95665852,5.674414971
9252,19.60867845,7.632512706,4.345640459,6.719786662,1.479453628,8.76154337,9.148644479,19.80253833,32.57173133,99.63916734,1.404681261,44.63859665,31.76382578,19.73048014,1.584808604
6982,-8.829782733,-2.912338949,-2.508328327,-2.166571309,0.509288397,6.925656024,5.834212252,-2.145411965,47.01101421,145.1603251,1.020943043,163.7326492,-17.2557348,-968.623695,0.866142363
6867,-0.951123389,-0.667915734,-4.499472679,-4.359299088,0.895588252,-0.704074143,-2.416130237,-50.5988159,5.897251591,17.31429151,4.150141775,13.91713686,-9.401733476,-182.8975386,0.624652937
7874,7.59215958,2.941143579,2.609194015,4.090250965,0.73878381,8.191059363,9.471525097,10.43076923,51.82116058,128.8935077,5.671371586,59.70093242,9.083131797,66.4825046,1.029016643
7213,18.90871242,9.360520189,8.697641163,13.62468602,1.285288386,5.469134089,16.11474334,136.083619,8.561640328,10.44006026,1.711288612,26.01491593,14.31477045,11.61262686,0.858423407
7602,-5.827864491,-3.797455647,-0.935403491,-0.997826283,2.796091848,-0.737523341,-0.400851557,-58.60686016,9.7118685,13.89407733,2.914846041,23.00279134,5.043362009,-302.4712865,0.752761062
7681,4.207299965,2.17340484,0.71094166,1.341541859,1.992755816,0.986280433,1.75911736,144.1455,0.065914925,92.82779361,2.231690314,4.848559385,8.509684387,61.86302693,1.0777909
8848,15.28759138,5.762236213,4.136108802,6.769314848,2.048281521,5.353946335,7.580280249,11.5177305,14.59944981,38.97576567,1.082565055,72.21807227,2.16717021,25.38388951,1.448968014
1431,4.823795022,1.973542737,3.090880781,5.206343426,1.375873142,4.326259631,7.12650126,25.28941698,33.08894267,118.5356404,1.911952773,31.95443653,3.689975078,68.06292015,1.956764283
4935,2.908656472,0.588816241,0.461833564,1.32796463,1.395055409,1.31600287,3.716708056,2.841260024,52.36960696,258.6973418,1.184008391,44.88933784,16.16720904,85.19120897,2.049464092
8194,12.10153407,5.614384661,2.13564803,2.95078433,2.739250232,3.937480498,4.85972825,68.61741425,9.570882277,20.62957296,0.841859531,100.944488,3.624947825,2.912544519,1.939450408
3065,2.092394451,0.912097301,0.372164666,0.910135697,2.402936758,1.533516453,1.463905238,15.67120344,2.630892068,6.03539113,1.64234979,19.31683026,-1.720037088,-74.81487024,1.842855783
5856,-82.10072118,-38.79912139,1.89048984,-15.9941325,1.687257789,-16.9846754,-14.88340596,-105.7563322,21.65990047,35.09500335,2.010964568,7.784884766,-45.82986837,-8.138924951,1.31734227
2585,25.2002811,10.79892794,7.61613939,10.64732694,1.394985357,12.50870063,14.72483553,44.31775701,36.72117325,125.3338018,1.150957358,140.3724526,16.47923423,0.61531933,2.946423799
7157,7.900422326,6.263664377,19.29801964,30.74223152,0.271703231,35.37272581,,,1.113808122,1.175780868,33.22051965,1.884723534,23.48894544,8.710999772,1.411384728
2120,11.00222888,6.997433704,8.849148505,14.12877307,0.685138723,15.59355779,19.08130977,66.23333333,22.29989002,34.20567212,3.231332868,15.26785028,6.897993311,75.29775033,1.013498162
7090,-114.9189514,-11.69626749,-10.47916231,-5.543894635,0.819325569,-6.325758512,-3.161295197,-5.511785677,66.88685217,542.435774,1.335832772,34.11453122,-16.26767716,-234.57365,1.284707248
7975,0.610861486,0.496187041,0.735035835,0.391235115,0.67715225,2.377868216,3.354438059,7.331484904,2.086373804,2.568558422,5.431793229,52.87873007,-1.044843345,-79.98048354,0.49925082
2462,12.71172147,5.593655851,3.36436954,4.734112392,1.579140215,5.74197899,7.168910097,23.61722714,29.76406046,66.1870443,1.408768576,99.98519499,3.087295883,-11.47079638,1.225147907
9827,6.439190891,2.570446233,1.575019022,2.410969994,1.637938542,2.329189269,2.965812332,23.62944927,13.50265455,33.82532147,1.616470763,17.18477183,-1.763457514,259.2915707,1.001543063
2183,-24.44836993,-10.5712076,-5.165280704,-5.590669838,0.591078458,-4.44502805,-0.445519378,-34.5921271,14.40024746,32.44469499,1.555017149,5.451138678,-15.2003393,-180.4024671,0.99846202
2170,11.9352465,3.956194054,3.906362892,13.67949521,1.119538401,12.7017003,18.05789702,38.12080537,37.9033635,114.3487859,1.24834649,28.77115526,10.84948476,-0.140646976,1.972430554
4446,2.18385118,0.959571113,3.060487578,5.117750195,0.874076885,6.24173027,10.4466719,15.05805038,33.55671738,67.16325278,1.595232401,20.57928095,31.68826245,-36.86579159,1.366715684
6046,-19.6142126,-14.17861511,-21.84325045,-9.693019622,0.743716589,-8.017217029,-8.23369877,-108.4555556,9.742277561,13.40875964,6.184838693,0.05294734,-6.38926388,29.12716917,2.467533962
5131,-61.31608565,-50.2585662,-40.2880796,-33.65739839,0.848004666,-22.60506271,-25.63011902,-813.4777975,0.978826318,58.34772231,4.533013423,2.223924048,-7.08795452,-104.978696,2.031842654
7966,5.021437188,3.618810413,4.581331612,7.773325991,0.937535327,12.24768813,13.26832881,80.53114754,3.740994093,2.951892667,2.754247096,47.65535848,14.35178651,131.0847681,0.822230746
4912,8.548428078,5.219108733,6.536015845,7.287747695,0.822981527,9.383736247,12.29258076,39.89753567,5.344346155,8.753555648,1.864694998,47.74266715,2.215560017,20.1695445,1.203892776
7366,21.53340284,8.204987165,6.626723671,10.29686277,1.144619626,17.96832661,21.15373035,10.52307692,40.34653465,147.7825006,0.973675155,49.24212046,20.01011707,-1.921422426,1.830754992
9245,19.9931553,7.098813281,12.1805006,17.42027236,0.655507799,15.42915497,19.22137875,,0,0,1.775582391,1.321742466,21.69102773,66.9748606,2.219101699
6054,-0.533606292,-0.470364601,-0.394778253,-6.539169751,1.165020436,-6.372056118,-6.501934883,-2974.201613,0.207032252,0.234868253,9.044148298,0.005560146,-10.76590499,-436.9707436,0.803564466
7091,23.46864493,3.97546217,1.903666283,1.777034992,1.648118719,3.436306372,3.951110813,3.093221184,53.96992794,343.5687765,1.434714246,257.9175559,15.25300712,,1.219771571
4445,19.24231366,9.914370056,8.755822834,14.01716567,1.066875087,11.91960926,14.47756483,52.74976432,30.09199847,76.73125079,3.178787199,1.775883792,0.633054456,143.2425122,1.897225085
5938,1.540089919,0.519771641,0.136306512,2.082611981,0.809542909,6.372046997,7.611499192,2.569027709,35.92956974,110.9018492,1.226411069,69.44355431,1.447724686,35.29487954,0.932377525
3482,24.22631883,6.42953864,17.87242623,30.05623642,0.385631588,20.50052652,33.37889006,10.41537267,56.13937518,211.5315698,6.230499742,0.75318128,29.66793527,17.18204053,1.143746256
5969,-0.191409023,-0.107624389,1.353738235,3.605513331,0.637988264,5.567005217,7.55324939,6.755382697,34.58060571,55.42472543,2.556959917,40.24261114,-3.658684976,-41.88532528,0.703151381
9027,11.5161597,6.694479748,2.90851196,4.746556902,2.169046115,5.829967899,7.19944082,69.18867925,18.94236614,33.7404943,0.951335056,96.34980989,4.294296321,16.0443038,0.879873045
4391,9.822160744,8.298143695,13.0072424,18.74351471,0.900870522,18.48821405,23.50355368,,0,0.268245051,5.123895001,2.876961476,10.09196071,17.78047816,1.705738363
6579,-26.51595881,-11.56711672,-11.79767616,-10.10223718,1.235130358,-10.01688898,-9.746328937,-55.02544961,23.57383798,31.68786638,1.567231688,0,-21.87161879,-2016.41869,1.721911617
4224,1.225348409,0.899509709,0.060654131,4.063826809,0.81916337,5.435543321,6.741939999,72.58333333,1.814461645,2.077307389,3.414869467,31.94846174,1.959944817,-18.75,0.538964613
8029,3.643464505,2.28014541,2.828251818,3.377017096,0.826893023,6.084387052,7.252911718,12.57142857,16.82419367,26.88352778,3.75565058,9.338540637,-4.790003471,-30.46226788,0.664932898
9254,31.27748978,6.839531954,5.062583299,6.095703827,1.428326161,3.330147717,8.278231291,10.54323098,53.14106838,256.6818423,1.493837369,14.12574037,21.68065843,16.86100746,1.593939612
6560,14.61263909,6.818849809,4.069937431,6.941114555,1.569547061,2.719139232,8.578445705,28.95121951,28.62741256,61.34788999,2.216956802,27.06277556,3.067743491,7.129963899,1.452871386
9612,15.95769142,7.000672495,3.680135751,7.130483968,2.048483751,6.727471984,8.072612861,73.34545455,7.811028917,17.80485935,1.487982613,24.94059937,18.70580583,1587.866109,1.296224705
4689,6.973987466,2.195855084,8.003481657,14.18420446,0.202536226,19.72658878,22.52192724,33.66493378,17.79433198,65.44358725,0.663738365,14.70380265,5.665790287,37.0986279,1.019814371
9439,-5.810114621,-1.656856505,-0.955554591,-0.526501307,1.015677217,1.735572595,0.969653916,-5.519613417,7.186157046,29.24075106,1.333016966,6.634285014,-1.790193612,-141.9340906,2.100781905
6080,11.30619855,8.774232732,22.58721397,35.40609229,0.417396926,34.40773279,42.02798225,349.2493629,5.576304511,6.511459961,5.841832048,8.378975128,17.12460986,22.35742201,2.048925113
4380,19.82531974,13.65988734,31.0276603,46.38298216,0.47359797,34.18066646,46.78983112,,,,3.131977535,0.530506962,5.338164886,21.25142578,2.270318521
3661,32.94999354,10.33769814,6.457993949,15.77457141,1.166184187,12.08983011,17.19416647,,0,0,1.256955498,17.03062411,38.80693442,43.35565738,3.173902907
5594,24.4973899,10.95101274,5.974097521,8.005904254,2.257271535,6.918569332,8.269045659,94.83298969,8.888522003,16.70025674,2.210427756,3.607077544,16.8659436,159.2233557,
2413,13.10366878,8.524240169,14.20989821,21.55773956,0.531271649,20.04036504,25.84169884,85.65969317,8.838469353,11.3866017,3.059149475,12.84470822,19.2634051,-6.272127945,2.277055484
6592,7.860314269,7.097413842,13.10866843,12.60871084,0.552758594,16.51157337,19.54874088,,0.356329509,0.394631338,8.749779238,28.68003447,2.143090127,18.11170834,1.051605859
7095,19.87327189,10.46904803,6.662796323,10.05515239,2.331062793,5.530720851,10.60087083,129.9,13.71597018,22.4325214,1.779033134,4.781105991,31.13818043,28.39140104,2.178569511
3132,8.315307392,3.77202851,2.444448742,3.833955404,1.86560258,2.513295558,4.278075383,20.89041096,13.64464684,29.02018113,1.791217528,3.74384939,0.530952117,-37.78733152,1.147789771
7821,14.54577331,11.4490737,14.80158483,18.76052911,0.766832933,20.34847445,24.20290759,130.7282609,4.449223197,4.917745376,4.315425155,40.13382813,14.82098401,12.0145292,1.677401137
6489,11.58126943,8.122172476,8.205552148,12.41099763,0.894889448,11.64031041,14.22171258,172.3703704,5.677316519,21.58494602,2.940025563,26.03028176,2.706033798,-4.552912223,0.932289955
7925,4.701989954,3.901725416,7.092609451,8.963005876,0.486952667,11.263759,13.22105437,433.2,0.661309393,0.79694745,4.12981538,25.66653787,1.007314525,22.16582064,0.713733484
6485,7.204306485,6.226357668,7.444378383,9.534687236,0.694996901,9.960259098,11.74390587,,0,0.012577351,5.979624451,19.72128591,-0.159335166,23.51033644,0.714125833
4059,1.773271977,1.502743334,3.2509747,4.610883371,0.447255591,2.977306752,5.042235099,,0,0,6.313698432,0.932062035,-3.535010496,260.8238231,2.061150639
8908,14.65735226,6.216638828,7.187246729,11.32357816,0.745189223,11.6397265,15.00435923,14.06853758,42.4742328,98.94739227,4.225169548,35.57820838,7.138583234,9.950126766,0.999698984
6135,7.916530408,4.88070685,6.15500222,7.905950063,0.642240174,9.621033576,11.48640571,31.87091222,15.5842599,23.58829092,2.342014138,41.63801561,3.92971246,13.09472913,1.126120867
6586,8.100496218,6.778970199,10.53443629,14.21242017,0.696590211,16.01675674,18.16353086,84.54818325,2.719866248,2.065755584,5.442071109,28.79131322,1.583375034,61.76457253,1.354741901
9890,6.560826908,3.367022246,1.673774258,2.504897146,2.262810001,3.516870311,4.299587434,58.25289239,15.47328142,21.77195887,1.012736253,92.80871442,15.66348328,0.571492951,0.746000627
8995,-0.311632437,-0.178704858,1.422126728,0.617252471,0.504953861,-0.06284597,0.928001055,1.006122449,37.0106758,54.03480544,5.75572465,21.18385184,2.66642714,-88.67828357,0.613330268
4479,10.95297728,7.963729244,8.89594292,9.769862235,0.649567987,13.9058632,13.65284861,,0,0,3.330322855,0.247982603,25.3281585,,2.035542558
7991,7.898843572,4.882143478,13.99820045,18.98582969,0.852309226,13.93052371,20.12970367,81.89299516,19.42667121,32.91198362,3.247492321,22.69548166,23.04455176,32.27453517,0.742677779
9823,12.86196399,5.927585569,2.708465633,3.467414257,2.292516644,4.504644043,5.156204018,40.45783133,21.65363323,59.76683265,0.539319707,137.4507351,20.49757063,4.790138867,1.286589137
9222,41.17636768,2.979176397,-1.642794533,-1.826818077,1.349413815,-0.073452718,-0.222023084,-7.503218021,76.24456183,974.4257247,2.843657629,18.90340979,18.19249913,-207.1580399,3.512780105
4360,-2.086365842,-1.700142337,-9.619518487,-3.665090284,0.695782232,1.891659501,1.493981083,,0,4.687045124,4.130136986,16.9626395,-3.943836465,-224.7619048,0.556698577
7033,30.39194565,20.57260725,7.797582467,11.89017158,2.785766428,11.71871749,13.46419029,334.432874,3.697822567,5.462799202,2.767475262,8.593315561,15.63321111,14.02814119,2.784501826
2652,11.23789876,7.023468035,7.387480948,11.80343134,0.820432411,8.199267723,13.37963628,39.54807459,25.97909999,46.09051013,2.540582565,45.73301851,5.033649672,-13.76093856,0.900764103
4917,3.093565327,2.217617856,2.440176942,1.350695037,0.798743952,6.900489611,6.949056876,30.26470588,0.488245189,4.912215433,4.037167788,31.20036631,4.028238636,-49.08461158,0.824663901
7730,10.45723568,9.62569602,15.49319274,27.34249867,0.518859023,27.38587827,35.58796049,2731.333333,0.130611123,0.119489927,8.579851173,48.09096171,5.102935503,-2.359389895,2.173518937
7565,9.553367899,5.492721294,3.574781841,4.645389416,1.101084337,3.154937499,5.340541389,369.917509,1.520546866,3.195484235,2.156532582,14.91314066,-6.609995032,-23.56267824,0.762501847
7524,0.49502174,0.059050337,0.762915435,0.832320987,1.261089734,2.220868547,2.276000127,1.078905675,58.57057461,1093.890892,1.163736147,316.0488995,-2.000955229,-58.5335885,1.315096385
3470,5.841116287,2.57417329,24.57812979,33.02114276,0.104243209,62.98110353,46.0117741,3.897997693,48.96188469,111.1005476,1.013187264,0.421222364,48.98193918,7.760737811,1.010724794
3135,8.470785924,1.84885402,1.956693656,2.525592516,4.133082442,2.030733222,2.812514507,19.1110059,34.85048151,151.369948,1.176729288,22.95815062,30.32117114,109.4105322,1.985948365
3901,23.25408237,17.20777397,27.28199384,37.62001447,0.632686251,28.1047758,39.39869344,,0,0,1.935000822,18.28238359,0.148612827,-5.438909511,2.43059424
6419,9.020971961,8.111560138,20.62986496,29.18664609,0.494283051,19.74408467,30.85968064,,0.625948726,0.79909997,8.672842108,20.80106417,15.51772871,5.449274678,0.769612622
8002,14.0546385,5.543114988,6.456407615,3.495560044,0.859577665,8.782121258,6.054182657,3.388204554,30.17563405,74.41274141,1.424533863,31.00961194,7.442960948,-1.451572627,1.019370149
7537,5.38855162,2.02949608,2.026684121,4.249254163,1.322338774,2.790307204,4.449883085,2.846838259,34.90622733,90.71584469,1.643470248,7.95994351,-10.84739312,-30.99969193,0.761026485
3399,36.4092424,20.17284597,8.577042485,10.88104078,2.626365925,10.17976335,12.43825088,166.5457393,9.941720123,17.94345222,1.435354538,66.29186641,24.3333128,26.17206934,3.990877191
2288,7.256578351,3.972874628,2.336042899,2.32795676,1.93598886,4.157977614,4.329488871,23.27659574,16.20079391,30.02779372,1.372040364,62.60535935,2.693087654,75.43296985,0.790003313
8046,6.531720882,4.594145876,4.310805115,4.440073064,0.815104107,4.664886891,5.595054096,395,1.214492028,5.141305051,2.687004171,21.7842592,3.016530122,11.97732105,0.523532467
3504,4.519812613,3.460552573,20.04324765,11.42446374,0.168031864,23.41022496,16.05014177,33.45367884,17.00710305,28.55944681,2.749131651,33.43626158,0.488859577,-5.260907295,0.424773629
8700,8.339149604,6.373928339,12.19363503,17.95005394,0.301858643,3.219665057,19.59573099,437.0885693,1.98247093,6.357491269,3.38746306,2.889101933,-3.291725769,-20.60890059,0.87159131
9313,2.424187649,1.519082582,6.307962122,10.08521154,0.251076094,9.866169731,21.74151728,9.749338352,26.98353567,42.84062232,0.805573516,122.4235211,-1.210095798,-19.71366439,0.663241767
8252,11.80953929,2.759571349,10.45197962,17.49897796,0.247360409,14.87861253,23.15717475,12.90692954,60.53512976,315.5114975,2.666957135,68.71942797,8.14744906,8.971628602,1.228934785
8228,5.963873514,1.803157471,0.200638327,0.373038667,3.727766313,0.791406735,0.909560416,11.54022989,26.7969956,88.20096967,1.23904169,50.83022268,5.626263221,-45.07658643,0.973144629
5463,9.520421646,7.70262714,10.33178036,8.759444905,0.611927785,10.24387634,11.59568735,282.9506173,0.866472133,1.118870965,4.436694733,35.95748697,-3.560871328,-34.16350684,0.758825965
9763,8.086573909,3.582435529,5.340465647,6.642697417,0.646979561,7.239005568,7.418774938,37.875,22.11627111,58.81198716,1.385305769,56.42169105,6.949589683,14.16729465,0.789911306
6264,28.98550565,9.293622116,11.89107322,18.44978205,0.618187493,26.61103883,28.79088812,19.89468757,53.22286365,155.7378447,2.266305878,117.008879,140.1220425,3436.090289,1.48622029
4102,1.997623184,1.160620378,1.157228184,0.032172046,0.758164386,4.824389837,4.083545166,0.278925341,13.67663497,26.18788763,2.641995821,34.34677557,-0.353726887,-96.95659539,0.567151656
2551,11.01130077,2.859476695,2.168546985,2.608696948,1.219015348,5.14055854,6.209837913,12.12244667,27.76198137,118.0050928,1.119199905,167.9480411,-0.857129001,-25.26352209,1.03765552
2919,4.35640892,3.145536586,5.051834929,6.614363724,0.70766246,11.01890367,12.09372008,239.5444947,7.178485412,7.687115643,2.31087277,62.09259786,7.379625396,77.53359118,0.85465584
7894,4.414315706,2.248426439,1.641290279,1.866624198,0.987141473,5.770042259,6.111401201,10.6296308,18.45863656,30.66442955,1.577855126,71.77237664,1.077873806,-25.01580475,0.646389039
5344,13.77274078,12.37586534,26.78116606,37.45911565,0.542666163,35.78337903,43.98669432,,0,0,7.198019091,30.7819857,16.70619193,35.91556408,2.730965345
9067,3.997481901,2.753014497,2.420630621,2.745692924,1.250694529,7.103694875,7.166540254,158.375,1.002574177,3.816493547,1.417575664,93.94869374,2.562677809,148.9194499,0.645001815
6316,4.539496043,2.391243191,1.802937043,2.617166675,1.060727184,5.127708041,5.522706344,11.13402062,18.4266387,38.70466573,1.506303915,47.92931009,3.149527571,-7.534246575,0.6937598
7515,5.927313801,1.095297404,0.033055801,0.318221687,2.573947938,1.912526208,2.199740561,3.017561796,47.4203293,215.5843042,0.464435664,363.1716249,4.807840508,-67.74302444,1.025755267
3159,6.127135771,2.43617371,1.802186401,3.022917759,1.372654175,3.366603081,4.040464083,16.59940653,29.58617919,74.41117031,1.683913263,39.35146059,11.77600464,64.72320377,0.826706397
5982,9.976178188,6.997895705,7.811675237,9.937761617,0.919848808,8.986758387,11.36763636,,0.013793706,0.019664263,2.860472648,29.91627667,3.93624398,8.897793224,1.17419643
9068,7.696802867,5.211153221,6.781396121,10.13335916,0.754069032,10.62100545,13.67138865,58.83534137,15.08319104,21.5495102,2.091019805,61.40449352,3.122815527,10.94282469,0.922877569
7844,5.121634027,4.064966606,2.928870293,6.258269857,0.828275648,12.85269821,12.75614204,109.375,0,0,3.455350328,11.74648103,-5.187671651,-27.53623188,1.069258938
1795,8.00906651,4.767958073,3.805839934,5.993385043,1.230767355,5.747660361,7.097624658,56.95796144,11.66023022,18.50573876,2.313450815,22.87414135,19.00031673,56.59602766,0.846722339
6539,11.11879957,9.918672505,13.81771932,21.47328637,0.666126713,20.30590799,27.77138972,437.7839607,1.722692141,1.795294043,6.303891031,2.346960448,63.37716719,-1.151932812,2.273381099
7456,12.52719489,7.397868561,2.016888455,2.703901749,2.950197743,2.883066967,3.321168584,33.80533333,19.81705151,53.40324634,2.388743752,37.95554575,30.04324225,35.48145773,0.940343516
1810,9.441678521,5.869348955,2.746516478,3.409468731,1.240383414,3.693591126,3.906179158,72,3.896933299,9.526631895,1.788319418,33.24442864,2.355391929,1176.981132,0.692576597
3088,10.76137005,7.86287494,5.150212975,7.788901176,1.477017127,8.344840838,9.917616939,1292.015625,0.309352114,2.876547145,2.240014757,21.29002031,3.823355967,8.464504958,1.671011057
7901,-38.03036234,-15.04678776,-30.12128122,-12.22599697,0.881281278,-7.406051659,-7.973939314,-13.46020709,16.70147699,134.5734863,0.843588233,141.5008114,-2.047832431,-81.26409755,1.032616965
4365,8.529796988,7.115317946,15.83547796,21.52280262,0.467035912,17.64160349,23.97811319,,0,0,6.001179887,9.304317163,3.865048403,5.982418084,0.693816302
6969,14.6486146,6.131037433,9.900030318,10.80628745,0.688711282,10.45373801,15.70756965,16.65700139,35.28096569,78.60802717,1.639936522,75.04597217,7.962549745,92.64772215,0.818371285
3611,6.741932048,3.494679309,3.682398447,0.616330637,1.021773435,6.565692345,3.648393998,1.835443038,22.40624957,42.64298647,2.105321214,55.54638407,17.28762297,-45.21410579,0.70002382
8237,8.232909111,2.880296304,4.798057148,5.563820943,0.600426943,6.747472979,8.607185052,7.371014493,29.82873204,85.26110298,0.562591114,132.5900064,-5.016625104,-42.15195632,2.349763166
9887,7.285832858,3.190878897,1.417424644,2.857370561,1.579540932,7.068988453,6.522908724,22.04189071,33.95980649,114.270662,1.306526047,108.1785031,20.85360244,-17.20983684,1.647402525
7317,23.37964409,14.8486296,16.3095964,20.41928223,0.916873498,18.84484162,22.4289509,69.86103562,22.77172526,33.56785633,3.548173116,28.6447198,13.44423695,52.24819275,1.692287958
6454,12.29286072,10.44771328,12.22356515,15.75474472,0.745664317,17.04722395,19.35778917,578.76,1.21819101,0.826196569,5.07769115,25.14659088,6.0031395,14.8242203,1.714818153
6810,5.247602785,2.914037711,3.150855893,7.178404696,0.773543416,10.21216277,11.29531763,63.82191781,11.4494815,33.4646876,1.89704822,60.19090153,0.516497727,15.27898058,0.905460677
8198,10.56031818,6.724844985,2.662416775,3.521746924,2.668499038,4.325485581,4.962969313,79.74705882,0.915980447,1.438404154,1.588716781,64.1759057,1.995930242,-3.5912388,1.150880536
7261,0.490327331,0.214910169,2.272991275,3.708487111,1.273531883,3.038797599,6.052091567,18.58833516,17.68290163,48.58541402,1.483723449,68.20905014,3.961151381,-25.69949262,0.702667686
3121,-0.977620852,-0.294597568,-2.533409076,5.914435583,0.213020611,7.480327857,14.2401086,0.823439265,68.00213549,223.6617732,4.107768035,273.1493422,-23.7748197,-26.57092088,1.208035376
1401,14.16187942,10.70211852,10.02093782,13.19995196,1.011414189,9.285886151,13.88452625,1611.694301,0.220272557,0.45955395,2.812199667,6.838989479,8.180041996,26.83934317,1.447141036
2702,12.09019243,9.303569812,8.139423238,12.76326086,1.187632828,13.56522532,17.14250052,6646.5,0.042801524,0.055621517,1.408179362,58.98412291,2.743682132,10.72425138,2.561527284
6670,17.21879513,11.46204409,6.783285305,9.354108442,1.625450651,8.04745838,9.985470939,59.8117284,10.28379365,11.9501573,3.128991597,10.54399301,10.51772425,12.71447682,1.322818021
7167,7.637839293,0.344631337,18.39875126,25.47317665,0.014653619,26.41921397,,,10.59343386,263.4691194,0.224239748,10.48934761,16.21292128,29.2995878,0.988248672
4971,16.50235553,13.80542972,24.00548278,27.43977015,0.603125105,26.60846376,31.37079339,919.5352744,0,0,4.335198444,38.89907964,14.88054678,25.98474642,2.720178796
3678,9.540302267,3.193619787,1.675004837,2.260980127,1.971858365,3.451357602,3.378571363,70.11428571,4.74475635,14.17401343,1.23300454,2.461167086,6.498616481,-0.888529887,1.102529107
3824,13.97792733,7.453740794,3.45649874,2.1244186,2.559377238,4.123382156,2.542136784,25.960199,15.18338739,24.71324547,2.378914545,4.056207368,-0.599234783,288.5331348,1.27890049
3815,-99.78968956,-31.01966697,-27.12780125,-17.2643642,0.760214946,-14.70492315,-15.28373441,-15.54286401,52.73495297,137.3561619,1.902949456,5.085868523,-6.919244839,-129.1447639,3.115928023
6659,-18.29930035,-12.18700529,-20.14283686,-18.74292949,0.696342695,-17.49966664,-17.00951624,-69.98822112,17.9499601,3.740271904,3.080605586,4.587862742,-10.33984492,-216.4398235,1.046407515
9242,14.00856257,11.95057021,14.17227886,19.13446039,0.921052182,14.86136048,21.35157349,,0,0,6.129153321,1.95541558,33.03324699,54.99480778,1.067001324
3902,9.089452496,5.864722265,4.28559697,5.380676628,1.372685133,9.060981695,7.044315638,,0,0,2.221959771,7.909330569,10.70264932,7806.764045,13.72194527
3353,8.156753463,3.398073091,2.319051667,3.252033674,1.532502932,3.215240161,4.787476267,17.40364026,27.62120812,66.30210092,1.648041794,69.76724965,13.6155326,5.674902735,0.87208293
3645,2.298157895,0.966361162,-1.122414257,1.552689252,1.504693659,-4.028582224,2.814262651,8.155636301,30.81626541,77.01311743,1.531528532,7.761295109,15.60158955,-68.35906558,1.244876877
4350,5.086100861,1.170923713,1.03197235,2.577071094,1.763209266,4.113999036,5.366583052,11.34532374,42.17732344,199.7109471,0.928211019,175.1107011,6.090446511,-17.71458388,0.931172031
7749,6.853978565,5.898486953,13.36191282,19.88821295,0.435936533,21.12105588,27.38002854,,0,0.019242174,5.397139345,31.99560032,3.215906056,-4.032038416,0.867808207
2370,-35.89016966,-31.86559064,-168.104792,-178.385543,0.162784299,-157.461702,-165.851404,-206491.7143,0,0.139772319,15.49318777,9.440481876,5.437858897,-7.261258988,2.289863028
7459,6.691296811,2.271636354,1.097150677,1.514737991,2.026057149,1.782107183,2.016382083,7944.428571,0.228659539,7.282032907,1.270741307,43.34711718,3.163935919,17.49382012,0.850746529
3154,6.621703575,1.194287877,0.476438101,0.652212171,2.522638462,2.446292977,1.414718683,10.83577151,19.27874965,140.9697927,1.094294247,63.97206991,11.12454261,43.28044849,0.991599295
4480,6.588282992,2.309058615,2.650464851,5.844614799,0.839546746,8.921872451,12.52378622,12.42774566,38.09354648,108.6897763,1.286905175,4.115142915,25.54091871,-7.447266466,2.374313563
4586,-45.74802915,-43.44651971,-731.8423847,-735.4548577,0.057784867,-713.8955685,-724.6236845,,0,0,23.61728699,9.381886011,-50.33867747,-18.78251703,3.021957293
6875,10.98779181,8.632876125,12.69164268,5.174103045,0.306101253,-0.680392874,8.404829248,206.080079,0,0,5.47589009,1.909429757,-26.9515682,-60.06002632,0.710631106
2270,9.630907181,5.466591505,2.257806271,3.106107476,1.428325573,4.010106866,5.936484584,52.69421488,12.9576661,21.07478717,1.456495309,71.86132148,1.716978514,3.613022046,0.826015058
6508,15.99112245,6.501302194,6.139800266,7.144446548,0.890654811,9.707706052,10.8515083,21.81744422,13.56830439,35.86617379,1.838890818,54.08749288,4.592538558,68.97337208,1.156839372
8927,24.07107507,7.880505166,6.355561952,11.356011,1.041769539,6.651935846,11.60821525,6.097478434,54.74210731,184.5570468,2.135497924,21.06483066,46.44714892,44.50212054,1.096269624
1717,17.52074399,12.21628969,15.92710185,21.45752217,0.744779262,16.72638775,22.39667523,,0,0,3.9400872,1.652051263,8.557873069,14.77686863,1.625684011
7369,3.635969678,1.199568433,1.293612754,3.630128282,1.826425388,6.290644751,7.807213328,9.279764946,26.25985602,133.8019014,1.035459821,67.22082367,25.69779732,221.9310147,1.237402571
3388,8.572574173,5.438807763,3.096008804,4.188186703,1.479407465,3.618491757,4.615292354,458.8447291,0.43883073,0.415580186,2.379366609,12.94520883,5.486847411,13.06356541,0.712137628
2269,6.146822952,3.883249245,4.401797458,7.339477365,0.96584929,9.352606505,12.10338332,221.7356021,4.400863845,18.99266193,1.761007825,64.66766183,4.394415528,0.451839378,1.074807628
6334,5.766111674,2.555263526,1.849467465,4.109516461,0.948511794,6.265918001,5.768797216,17.91104418,29.34286139,54.78972839,2.024307289,47.02457513,32.99053758,8.215516265,1.010977862
9115,12.38258024,2.016315496,4.163417128,16.3069193,0.237106891,40.90881224,41.29587431,2.385100327,56.49995224,313.4643057,0.9872124,421.6708823,3.885255866,-3.371884116,0.759332407
1869,7.745733742,5.204345765,5.565096061,6.855210905,0.871753847,6.384029194,7.808307395,69.42391304,5.468664552,12.47727828,2.652813629,18.52057842,8.063281449,18.9164029,0.623713513
6787,15.83824535,6.686924163,7.2169086,9.227972109,0.850483009,13.89901647,15.61898591,9.986394558,34.1581957,121.0286651,1.138194839,127.985539,15.23922032,63.65663322,1.233668003
4668,13.38100914,8.793733681,6.956136464,6.851411769,1.40305171,5.973335482,7.850324244,,0.130548303,0.174811283,2.215166909,8.120778705,9.956153948,67.91707799,1.325370905
9357,5.010815722,3.933726033,6.6024947,7.696356746,0.534398503,11.54168491,12.18028582,160.6650868,3.845026289,6.782854592,4.233753312,57.9265227,4.873846918,19.0986644,0.486212726
7076,-9.234522337,-8.106138552,-3.458145456,-1.516660886,0.669163382,-15.30286164,-0.23029208,,0,0,5.432915325,2.3814462,-22.68531631,-104.0039893,1.491715135
1976,11.60420009,8.982536153,12.75591026,16.0569075,0.766211022,15.35386147,17.19898013,2128.6,1.100662655,1.166690973,4.185359852,26.56263672,9.78187058,32.01438849,0.913960769
9744,28.83180253,15.0237701,9.574052364,14.15141131,1.443519955,9.549253013,14.37084799,,0,0,2.751294412,8.713301624,4.797757056,6.673086727,2.884072623
2207,5.847537879,3.853585359,16.81094368,5.008727869,0.339079071,14.58444658,11.77015425,27.03846154,11.03870387,30.78379953,1.968205476,36.87536422,15.08281404,506.0344828,0.746233748
8103,8.079232629,4.164321891,2.154702125,2.277846191,1.959222197,2.030920007,2.441825595,83.02325581,2.143795053,14.39340768,1.778528063,3.454729782,-0.980547009,20.16156176,0.853496482
8869,15.64495718,3.492612035,3.625691472,6.559285124,0.578019879,0.413005932,6.874671473,4.479487179,57.20827557,235.7897525,2.07536438,28.97966391,12.14315789,5.367913148,0.92329359
7284,4.290725487,2.044781,1.947853655,2.172688381,0.926874043,4.798633246,6.092150109,4.038170685,25.39634716,50.91279917,1.423924945,67.17273643,3.823944503,,0.677776387
2130,16.84434579,8.239674352,1.566640461,2.253263778,1.896035616,4.941430789,4.899396831,33.3207947,7.91443236,10.42165915,1.509585244,25.879958,9.099884478,1672.632469,1.72258298
7780,7.964272855,3.661323566,4.627503272,8.273863908,0.66190676,12.45359739,15.22911162,13.38482024,40.09408272,86.5384392,3.120526952,96.47722917,4.560554944,12.27521501,1.045162389
9218,16.27145714,4.748322213,3.960943294,7.454034047,1.284929067,8.69011078,10.28601193,11.45428496,48.78582953,167.1783208,1.600475902,7.404409554,25.32897741,337.0867806,2.304000501
4385,29.53187803,5.39131938,13.55634808,14.31478511,0.368486594,13.49768731,15.26529722,41.27994012,36.66579006,235.8863291,1.315263011,10.06457202,2.788583137,46.13142554,1.625928917
7347,9.367054753,7.178068867,23.34636875,34.85722712,0.324140411,29.09144555,35.94327168,271.8255701,3.514407845,4.586143058,7.795480677,1.19095895,29.64235068,157.8858544,0.856864154
5025,6.979626774,5.220433835,7.17637818,9.649602872,1.647248685,16.4871816,14.69269006,1620.47619,0.192065661,0.172429501,3.221636454,4.258772477,22.70256917,199.4596878,1.7725972
3168,17.9743943,6.445742897,-0.246307886,0.218102666,3.149815016,0.019686295,0.681313898,0.987828924,51.2582324,157.5271894,1.720555983,35.96643864,0.47924127,-87.59880687,0.944977143
5644,9.20172186,4.847110592,4.545661373,6.816216954,0.989787761,10.75897529,11.9010784,103.3103448,10.15670603,20.53872054,1.667075581,79.92157866,-2.370005109,2.497434143,0.610922358
3350,-20.72561231,-18.81033712,-1067.332959,65.91802358,0.033251694,68.55699045,71.29702414,,8.675482796,9.558823529,0.396326433,0.216314284,738.2888552,1606.514408,1.007950847
6182,-6.802655019,-2.703631191,7.321552639,2.848072911,0.87092251,6.448796772,9.448114725,7.194174757,34.2164965,95.80058222,1.718940119,10.87279781,-2.226002026,-85.8362076,2.029238071
9551,12.44834202,5.143228836,3.826482183,5.933755458,0.979656808,5.319552861,7.568092733,31.91291291,20.54293308,48.80571682,2.431175533,8.208698219,8.174026492,7.300080775,0.992049461
7129,1.309827315,0.374346586,1.258589246,2.691103951,1.759229722,5.485864774,5.326213802,17.11899931,25.3604033,86.2006153,0.843020859,152.3436005,4.854116159,62.22791228,0.943255616
7687,20.53122757,12.30107527,3.80755608,5.50472255,3.086312913,4.220779221,6.375442739,,0,0,2.301864802,8.758076095,14.1509434,15.83850932,1.811875402
9553,14.79328923,5.691508646,1.244869678,3.912566982,1.781043426,5.023548622,6.196289398,24.82070278,29.68985493,86.84781014,1.070626844,14.53013894,14.2354812,96.3407136,1.960811703
6159,4.841003113,4.230527955,13.54004896,10.59053274,0.376887907,18.87037015,15.26973706,186.0783956,2.149893567,3.869302988,7.50103989,18.98369886,23.05317377,59.91852403,0.627483718
6871,18.26288379,12.18164926,17.19037237,23.57459422,0.778152341,25.01674433,31.40381628,214.8441558,6.60836548,9.907345728,1.958252636,58.65681584,26.1128983,31.5755985,3.09271108
9227,-36.34618945,-18.20281953,10.03989672,11.65099792,0.800297648,17.08520812,18.06506205,24.97933884,31.8931307,59.19914061,2.84559051,76.11293911,-13.68079557,39.42146731,4.230035787
6564,18.42197263,9.990442886,26.25159129,41.57995396,0.392643081,35.32199522,50.56282373,39.442986,32.72152852,78.72956595,2.405287257,103.9161596,14.22790618,28.14692311,2.467045591
3442,15.10639933,5.129775955,5.342442807,8.265768567,0.856807103,6.493571445,9.582050564,14.43961804,45.33279349,121.530246,1.428533461,93.76442365,4.206395357,3.777539585,0.852354924
3232,9.8744636,3.416299796,5.834084695,8.103744451,0.572317512,11.24683048,13.020754,17.93816463,43.60219597,142.7271371,0.806290054,179.9857414,5.732870411,14.21759055,0.929764406
5535,11.68785669,2.396733952,2.68961897,5.248030977,1.004512533,2.869432421,5.6413115,5.649329669,70.41646484,328.3543161,2.224210392,1.657565973,21.17795069,9.374960955,2.102431186
1718,9.124661764,4.007390079,4.347585314,7.145663966,1.005136451,6.843279846,8.615644631,29.07624515,27.22092924,61.98093205,1.463676551,89.19445321,32.46166542,127.6859278,0.742187236
7247,8.837331927,3.048658481,1.967898411,2.989312616,0.915886331,6.153133257,8.660330481,3.542056075,37.42337426,117.4004746,1.310158812,99.01924598,1.487877848,-19.12510003,0.739846052
4919,7.007741329,5.824204557,6.503399495,10.27069049,0.896542267,10.6830182,14.65423142,,0,0,3.78661396,46.69853865,3.014390288,-20.41205708,1.479892185
6638,17.79216104,7.525355849,7.331933252,10.81753978,1.10556348,10.76647485,13.38754581,19.57003607,30.11604512,71.34812418,1.544685193,42.36766514,11.01734992,66.3989046,1.20014648
6862,26.29927057,8.852762692,1.523272118,3.126281939,1.427795432,1.25368468,5.953510816,7.450463224,51.67428815,222.6180378,1.267621327,51.18995718,29.03524515,-37.99144073,1.061778227
6479,8.768286318,4.113290266,3.904701048,6.025994564,1.01481871,8.26090183,10.38685811,15.84493179,31.10794074,68.18301652,1.894558621,71.15563614,8.599506321,33.77556822,1.074596141
9946,-21.2757917,-8.157883297,-6.133699394,-3.931886521,1.277503671,-2.271538763,-2.170218329,-128.8928571,1.102690797,2.875821933,1.334529021,39.25629204,4.930551586,-3.498709492,1.402879695
4436,-1383.654301,-42.78184166,-52.38414206,-18.09768023,0.849990196,-11.8021862,-6.722561857,-21.43379365,79.31469698,2500.404989,0.465994909,168.847886,6.338682268,-173.4927591,1.745575978
5356,9.262035201,6.187801553,8.085100279,10.46747486,0.70969574,10.98539797,13.45629887,172.9700428,6.769429056,9.925839504,2.500692533,39.47560136,6.349260605,16.56716561,0.72769729
5381,6.40682021,3.403598856,8.162129455,8.433798243,0.700252138,12.19016905,14.2203676,13.1732377,33.51764993,77.17964127,1.556467447,79.60542966,19.43368724,,0.996977845
3476,5.765722309,2.645044039,20.29004969,23.77266914,0.13124385,26.59966196,30.05197434,6.768305679,49.26806343,107.395555,0.928325934,6.42180861,105.7456804,8.771082963,1.023622873
7931,8.91887788,6.970362239,10.71531488,15.29049276,0.684983298,14.68091238,20.35998493,689.8,0.363425995,0.874995255,4.040905632,27.93151881,2.317933365,-5.944914099,1.119932917
6563,6.396800605,2.691684726,0.818012058,2.549939302,3.468778183,1.415710724,3.220435693,,0,0,1.528834041,4.817611978,5.057347264,-50.43965665,1.638175283
4238,2.785395127,2.387287692,5.090259894,4.314543416,0.45494833,14.43943208,15.70190701,,,,3.22691256,67.58163598,-10.0291156,-61.81543716,0.572902442
1417,8.638174851,4.200736789,2.969241219,4.836683091,1.094071187,5.709653836,7.213458717,42.2734139,23.70871371,51.52197689,1.995204463,38.66471385,11.61590636,56.94576861,0.861473414
8897,11.1874257,2.501154338,4.176610371,7.309576996,0.553621004,7.105020786,10.55092788,4.761352337,60.93882547,323.1865612,1.605541674,152.7371189,6.117368813,-7.070772416,0.945337898
3492,5.930710825,2.859660705,52.52007685,58.46912807,0.05853677,70.92122695,72.93194434,4.956611919,48.6673932,100.9323362,0.640397806,195.8434898,23.08470948,23.90487718,0.976546739
3187,-8.355348007,-2.702780984,-2.674460022,-1.685736542,1.819229967,-1.357750417,-0.461988285,-8.544887705,34.92628506,109.7789923,1.04513797,60.98762116,3.867763972,-134.3154499,1.313859659
7983,-24.03024214,-11.80986347,-20.17135364,-0.196495984,0.562760032,6.439217652,5.547508684,-0.449229308,32.74015579,69.409644,2.429325885,63.68245516,14.6534894,95.26166044,0.708830298
9928,17.28424576,11.12503297,9.488734835,13.59185442,1.005774049,15.37911612,18.27556326,106.3389831,14.0354348,18.6537345,1.869657633,16.09917694,4.97828114,2.149137089,1.565651952
3169,3.851807693,2.26256359,1.026625989,1.938639626,2.294312884,1.630059688,2.948743212,118.3353414,5.460186004,9.295467561,1.880106665,13.30248308,-3.786976255,-27.61453212,1.222774464
9664,4.588883266,3.567411744,-3.38059465,-3.030224011,0.424706227,3.692285445,6.320460334,-7.259441552,11.45530978,10.89466237,1.854165994,103.856012,-29.8909155,-135.3410102,1.689984437
7441,4.333561969,2.000682707,1.663427509,1.29681539,1.463996673,3.17177758,2.951459486,8.084201267,34.70210671,76.65311135,1.092716448,97.83802032,2.820579649,0.288294499,0.759754712
9962,8.936936526,7.475201037,9.092085067,11.56281173,0.965049436,13.49371995,15.97041695,297.9551282,1.79610748,2.268997116,6.12624335,14.96574991,9.339886685,21.15154043,1.77564829
4016,13.11534792,4.502361008,1.853560477,3.306931498,2.249785202,3.680136839,5.15853802,13.39159677,34.46948393,100.4093794,1.579566831,8.274274496,-2.337174907,-14.23829817,1.690342079
3321,13.82827885,5.415305287,1.728359537,2.188201257,3.263978661,2.371280916,2.377311897,23.52158585,29.96084648,94.02663897,1.591981008,7.966748174,152.3828667,34.96964545,0.846506777
8066,12.01502626,6.717995371,5.61142166,9.294553178,1.13371257,8.152092152,10.90573885,163.2590674,2.876704082,5.375237776,2.519247461,20.43200498,4.382780482,21.99078555,0.909572447
8285,7.228788518,3.626334067,2.367277243,1.965616268,1.085156896,3.328741074,3.918619994,11.77906977,18.81352702,33.11945969,1.25210678,34.75094977,7.526836851,21.46282974,0.71270335
5273,14.44779354,10.21926953,11.59345981,15.82977269,0.714724888,15.0276306,19.11923888,4631,0.735423288,0.153531796,2.990726303,20.2944198,5.593387555,14.73284334,1.189861988
7280,9.129762377,2.619523047,3.39599202,5.991361173,1.011113909,8.46335941,10.42498562,8.857807871,48.06556453,151.0115154,1.383284848,87.65177956,1.510660925,-1.049496525,0.777565689
4188,-0.215101949,-0.063515555,1.021462743,7.023929047,0.734620638,10.57120914,13.28459717,7.216826744,36.95704506,109.3590031,1.374228581,115.1603785,0.460132138,44.33720784,0.790371372
8058,7.804977289,3.401667577,5.106506472,1.99325896,0.828264756,7.737140784,4.521876906,2.175003956,24.83846375,72.73457168,1.487734191,38.01992461,-4.854964081,-44.3988631,1.013652949
6503,9.475582566,5.870040529,5.869267696,6.817053627,0.880443625,9.144828478,10.82718744,39.09617781,5.656824056,8.999189301,2.028952983,24.26673769,5.017141779,21.9570514,1.246041108
8802,9.365446959,3.002491937,11.98604644,19.57403792,0.202692474,16.95315645,26.22305692,6.501818717,41.75062849,144.0121046,2.327554728,169.7600333,4.992732708,10.98457795,1.036184951
3481,5.499367935,2.990307307,41.5785839,45.21347321,0.072581612,71.70135265,58.56547594,12.162428,42.67055779,78.47390693,0.676408845,0.138038339,22.28639118,1.651703813,1.085162465
4182,-2.43212585,-1.451475768,5.887348741,6.573370166,0.707219187,11.09203701,11.27947455,21.4199663,18.12790706,37.29449195,1.674134049,54.8560209,-4.896135684,7.421099328,0.781567719
7011,12.61796342,4.446754461,4.882423054,6.244997191,0.778490866,7.761017319,9.440489054,16.02260896,16.98884084,41.23612627,1.243248655,43.55440103,7.945400907,33.72477861,1.90279493
6331,17.20773275,9.940459999,8.241275633,9.621296578,0.915419347,6.550454377,11.14658289,189.8666667,4.986852843,5.231904152,2.330674368,13.94564052,23.92096119,29.10244787,0.889744762
7105,-0.16698531,-0.04041832,1.301844668,3.120070193,1.275525349,6.254563593,9.324453045,2.679267191,44.9266222,194.7879609,1.471544631,142.7103249,-5.154965302,-51.25575063,1.200268247
9301,13.83274303,8.278306483,11.21699305,7.15002341,0.435287745,10.19681838,13.60584928,23.26575029,18.86406691,32.88822934,1.351263445,75.18930042,11.61539761,7.232986643,0.950312806
5711,3.143595423,0.896290855,1.736782877,1.891822743,0.863785015,4.032514541,4.301719199,4.232014594,25.39850001,101.2460687,1.128704812,64.73872278,27.35444055,59.46642609,0.842543084
7211,0.349847176,0.145552825,1.470035492,5.073788695,1.186383258,5.757053215,7.727513349,21.01440879,14.01603797,45.09518326,1.385676975,56.11777725,-0.048645159,-25.92160107,0.810146548
3864,-0.121985549,-0.049947891,2.468427095,2.596310148,0.793251532,4.790214957,6.223641882,4.4828263,34.73971866,80.82950174,1.029589793,78.21619593,-9.056042013,-15.57937535,0.727851388
7976,4.501681995,3.407557171,6.943238248,10.7923041,0.499124723,10.94484156,16.86374062,31.47077922,8.37408814,11.06290516,6.243147657,24.01137693,1.119117316,-20.48400328,0.876073046
3636,11.16178188,6.128197495,5.257784584,6.596518961,0.960529542,7.674257768,9.449356979,728.3636364,0.790833658,1.433457539,2.334282862,17.86330015,5.28423571,13.45227981,1.001787276
5632,5.520120064,1.697592073,1.480724885,4.113820934,1.116995289,5.112041307,6.694906758,4.406040268,37.7537554,113.90817,1.833212265,89.51786887,-6.095573222,36.51486796,0.818417381
5192,6.675297016,4.989037227,10.00994365,9.865208264,0.686232884,11.46613634,15.11987626,171.7115385,4.428024126,4.753304241,3.550578831,33.64479151,7.732044659,15.06443299,1.07286027
5820,2.809028176,1.462701363,1.54681374,1.088388227,0.856054485,2.863798709,3.344952419,4.345704846,26.76301125,48.18053388,2.307967974,60.59970324,5.292649913,96.0728128,0.722921508
3439,0.259071278,0.156231765,-0.9451985,0.858508172,0.761780037,4.212328138,6.243677487,4.108656256,22.55877788,32.57574878,2.139334082,49.38070842,-5.596971192,-77.14220748,0.576773267
8031,11.39745436,5.116268861,6.140389644,2.59021921,0.869900935,7.288977004,4.795398094,2.203761192,28.79729595,76.9535348,1.556281633,32.72404913,10.03890298,-24.61338441,1.016801004
4183,2.01724894,0.794446304,1.782149103,5.14900805,0.828035879,9.230451192,10.66359932,8.080673144,36.75771941,89.40956095,1.718310952,78.89338948,3.395984439,9.116678966,0.840056796
2109,4.101557388,2.32497181,3.520988897,7.742260257,0.908404975,11.15529826,11.39301396,31.89400922,24.04548062,34.047027,2.156853746,52.88487545,4.690995116,225.6175018,0.948558283
7003,17.23039605,6.514963981,12.40035289,7.340564625,0.687753178,4.854464444,10.07546523,9.039077765,23.42813638,50.61596241,1.193503725,70.24390539,4.384927536,17.82894402,0.981526602
3226,7.642204149,3.542588326,44.7425901,48.19924502,0.079539492,59.63576826,62.92836327,13.55601618,51.26426563,110.5891928,0.499844468,153.1566842,2.906690593,3.161176262,1.481538847
8801,10.31438077,3.292583583,9.476746644,14.19742717,0.271364002,13.1171956,19.54967751,4.526272329,46.92702409,150.1999213,1.713083878,145.6515337,10.15713999,9.727046854,1.042385294
3471,11.47759341,6.613465664,87.07708107,30.7936912,0.090240228,68.79404243,49.84600904,9.138004745,39.32487494,68.24786703,1.02960348,1.181676273,76.94083502,37.16790181,1.001462007
6966,2.783198382,1.30791638,1.443692776,5.794924174,0.939671869,9.027202067,11.92329008,24.95463511,36.21376466,77.0615712,1.982920783,110.5968159,1.600353669,-21.01385941,1.092726551
5706,18.57298836,9.359155186,9.077355884,10.49268331,1.097116455,13.51945128,15.17174287,28.58279159,25.55475846,41.05312687,1.957487122,57.65564959,10.15112178,135.822685,0.859555859
1518,16.44703614,9.13565763,14.27345066,12.57305114,0.557343111,13.89044805,16.77782547,59.03875969,28.2299132,78.56957008,1.623480304,23.3344047,-21.81175134,-69.74416018,0.82228913
9104,8.8537111,4.772242629,23.96503461,8.49645446,0.389930509,21.21669192,15.84121388,8.093786887,37.05137719,88.31776884,1.089200138,85.04218977,9.064249173,46.26938031,0.8171865
9302,8.632946176,3.608037835,3.576237257,6.35138312,1.032297207,9.540075942,10.21008613,22.94851995,31.24861792,71.36176277,1.474083125,120.6112017,7.731980521,-14.08403199,1.245157163
7916,1.654606557,1.049141701,0.478182399,-1.076108615,0.511893211,7.10210949,5.647272935,-2.87299175,12.81809989,14.33340416,1.928326543,62.2124668,0.378378761,-152.7914418,0.504710949
8131,11.85433151,6.292098533,3.095779259,2.582024166,1.853051493,3.524448265,4.139187884,23.63881402,14.57962041,36.2284439,1.833982246,44.5090282,9.890806736,-28.90726329,1.012837665
6005,12.08344967,5.611822409,9.275048639,9.869858081,0.738658171,12.74443883,15.60151348,15.45607477,30.87753542,57.36209692,2.09587777,34.5251216,57.38814615,12.38617315,1.310105932
2121,9.857105569,7.869417941,11.36734971,17.09170988,0.715416992,19.14728732,20.63585346,238.4324324,5.520873976,25.05178743,5.4152645,11.11833081,5.432769562,38.00187715,1.188972121
6495,1.374797262,0.611903251,-1.103043305,1.208220663,0.770376223,2.892089976,5.47909635,4.422352878,28.42188499,65.87106547,1.256616683,111.0430761,10.19565601,-61.12178074,1.083255693
3431,8.806600627,3.935008886,6.507862161,12.27166276,0.907170563,10.75008364,13.98728672,295.8064516,8.913098668,2.223265236,1.783216223,38.25004323,7.727239963,15.98785732,0.988707402
6620,-3.498708403,-3.190936493,35.4368932,27.66990291,0.036413774,58.25242718,61.94174757,,0,0,35.73743017,2.423643823,-9.410729991,-32.46445498,1.794851552
4404,22.55953079,11.42585551,16.16840973,3.298920537,0.758277766,4.203517503,6.142179776,4.012269939,18.3911597,36.31202346,1.574114305,59.74428152,4.279978258,-33.78332771,0.773305593
4595,18.33119246,15.30726257,30.41740675,41.26998224,0.522457313,34.15630551,43.19715808,,0,0,7.360902256,12.11731963,-1.478694549,-5.510370069,1.616399922
8022,11.20314169,8.017246509,6.342397071,8.645432417,1.131973718,7.47664718,9.966089001,163.6062992,7.599815085,8.42026492,3.462944258,25.42005385,4.624941775,20.24305556,1.191231616
5906,12.16152025,7.72221005,4.721377162,7.065925707,1.065473146,6.51246308,9.293321467,68.33427985,16.30640179,20.08508294,2.378460245,30.39024766,-0.723555722,-6.095750402,0.643337542
3910,17.94602872,4.463407009,-3.603646592,-0.713696301,1.203781993,9.372544788,11.7817333,-2.211111111,44.83991812,139.4269653,1.250325598,17.63723183,24.63091171,93.2548961,1.371597872
3912,15.83991008,12.27311011,14.25179381,32.7212267,0.836077961,24.92206793,32.73590279,,0,0,4.235678909,0.012906502,3.310050966,5.964006202,2.208533429
4370,3.426982738,2.111168531,4.904789787,4.887051433,0.884790239,14.22411144,13.05499753,28.33447952,13.7066704,31.85807972,2.948413548,4.536517733,20.89985666,,1.964900859
4534,4.913768038,3.926315854,5.406099335,7.72829715,0.645418473,10.14939282,10.52406356,2709,0.209093744,8.279645584,4.805597944,12.1964283,2.210234728,40.0482509,0.890173764
4883,-77.06682734,-72.62246614,,,0,,,-219.8389822,0,0,21.4557054,0,,-65.34968041,1.69509736
6269,23.69564577,7.228289133,7.872925885,6.648277145,0.941522277,8.285980714,7.503461952,8.785421715,10.48364203,34.36728434,0.937553588,6.352590051,8.060606344,78.10503847,1.779912921
5031,5.152374221,2.39283404,1.520300929,5.074686669,1.594579591,1.323787753,5.91837467,,,,1.702100391,5.569481074,1.45074377,45.94699185,1.488639409
5986,4.029315138,1.604112839,0.652237083,0.785620815,1.369432011,2.034622224,2.265182788,4.683200925,17.49864471,35.89142431,1.39117311,45.6876606,-0.544159967,52.44052857,0.70732021
3994,3.620216563,1.244253934,3.152458385,-5.269908647,0.430784709,1.541679998,4.720255592,-10.0827092,26.53424364,77.20265587,1.576797727,3.641245491,24.74022973,43.96376202,2.372181926
5240,-27.45950618,-23.75119671,-34.28913283,-39.91448092,0.595869552,-39.13660816,-39.73985226,-532.3918367,1.639187895,1.895116725,8.737822155,0,-31.40437001,-38.84737391,2.648084729
3097,17.37878299,9.414043063,4.967681023,7.458784225,1.821818422,9.146149563,11.52750543,99.38709677,20.64096185,43.73246605,1.123757376,102.9742546,15.64541416,13.38321884,2.482589045
3064,26.47241267,16.72071143,9.714268599,13.83550976,1.965294782,12.03965497,15.83772613,310.0268456,7.212269622,11.41854391,2.298741551,44.85634998,15.88267348,24.62298001,6.771882085
5255,-48.07844759,-3.661068821,-4.325738557,6.827409442,0.928028993,4.653770812,8.704393818,3.739066595,66.51930236,,2.334002017,,-22.07295358,,2.107973741
8115,10.12175,5.490895452,4.882947298,5.882732087,1.187623176,5.907944764,7.326442482,32.7251688,24.13623414,29.83365027,1.525998611,47.35391492,12.59524257,61.63727276,0.9044213
5018,6.308508185,3.572081364,2.946994822,4.046663176,0.912382216,7.092569966,8.008960261,20.76119403,13.72953495,18.7825686,2.051727466,48.02397971,7.802797466,20.1208981,0.632411481
3234,6.053876054,2.995103426,48.22920373,53.37415781,0.061896566,56.88288391,61.77374768,10.34945525,46.13049309,93.90257506,0.561928669,0.409556971,-0.148753532,-0.859034586,1.136859344
8961,5.737927038,2.854691529,49.69137211,55.7303242,0.057191455,57.46289686,63.2753451,9.161543766,46.77170721,94.01108341,0.534825837,45.3774309,-18.69985443,-2.244360085,1.06732832
1853,5.731158983,3.338023765,3.126909758,3.673524818,1.111954244,2.247572486,4.063964147,54.1,3.248123827,0.100664385,2.112600019,11.52942756,6.787035023,0.838769804,0.802793117
2201,15.02605719,9.364433819,7.735076892,9.278161401,1.05600166,9.410937425,13.60997917,187.9911504,9.613974265,16.04694879,2.017132726,61.11747895,7.3061565,4.986656123,1.394474203
2264,4.75244625,2.432060074,0.972783794,5.285001238,1.033067292,2.575498108,9.680437227,19.65407555,20.12420665,44.83565255,1.164344667,102.8788027,2.579977662,6.530172414,0.978986089
6647,13.83720705,8.015927194,6.173032476,7.984894385,1.075930322,8.906108535,10.28429892,27.28586795,15.82949664,22.45385465,1.824739273,31.00620311,23.6903653,114.7853685,0.665887358
4249,-10.95926991,-5.597990917,-5.344999795,2.828820447,1.102409593,1.097322369,8.232654234,4.736540664,16.86377714,31.70758525,1.378524761,63.03190236,0.368035815,-27.55781359,0.717700203
4524,4.608294931,3.129190881,4.284819051,6.297979007,0.727842869,8.788970703,10.82563058,100.5,7.577112204,10.59084924,2.886812412,45.33410138,2.901821699,12.13389121,0.804734609
6455,10.85373308,7.308583068,8.477488523,12.28980786,0.78957205,12.06071074,14.90115712,161.5647059,0.345303867,8.073221519,2.411090819,36.10521191,17.3709364,46.2980718,0.936062208
9837,7.470979295,5.336627992,5.129249577,5.858207724,1.047891633,6.18014557,8.304120823,131.8895443,5.252883092,7.765707764,3.034198836,26.71349866,17.16211295,16.23753588,1.037537871
1798,17.08502372,7.947180399,3.286055579,4.562554944,1.547272402,3.255974076,4.967814721,166.4694055,2.483075682,11.57726085,1.530994852,24.8827617,15.96915516,3.16366615,0.761889651
6226,33.15476953,22.06352868,14.61705535,21.05917578,1.199349916,16.35408895,21.96066843,,0.164742775,0.080052948,2.564401527,24.26749942,10.88463485,57.79847003,3.059279876
2217,3.234989912,2.282770509,1.772380075,3.487266182,1.341474269,4.256193889,5.323469936,43.27422941,8.965589676,12.70543493,1.930720752,53.64771024,0.709750349,-38.55882829,1.401260107
3653,-9.103901242,-7.948078724,-2.309002204,1.364672868,0.799099345,2.642312419,3.868458251,47.21730175,0.252698595,0.145759224,6.948196055,1.83077564,1.780844328,-82.1655159,1.315265352
7192,12.38354376,4.918150963,12.98826229,18.5073459,0.349130636,14.07670189,20.25701233,20003.22857,33.23727442,90.95941201,1.720663257,3.616497263,6.398192276,0.796306268,0.897542001
5464,6.131676124,4.852597366,8.948657376,11.6967556,0.655588866,10.78650224,14.04824343,385.5,2.876774819,3.564802306,3.896551724,29.20652076,-3.668211616,-8.47888757,0.747900036
8153,8.416748386,5.645601668,3.27493892,5.431200291,1.200159714,8.792431252,9.893434527,32.44720497,6.73649722,8.348289452,2.175080826,22.14553999,3.360269939,24.82676225,1.727250926
9980,8.813932125,6.382611058,1.20156099,2.172929514,1.001941929,4.71374055,4.195221289,2.528323267,7.603580953,3.843003981,3.064988835,26.55003018,8.008044768,1.153852079,0.677224109
8203,7.075102934,3.129863393,1.838397107,3.009825098,1.734865171,3.983532296,5.070996662,26.30177515,25.5230849,57.69531454,0.72090585,129.8118518,8.138010822,16.23953975,0.863367987
5619,-1.180358587,-1.086943683,-2.133874292,-3.167001519,0.49303123,-8.155935612,-2.759334599,-1707.15,0,0,11.51479403,0.01857378,-19.12691036,-121.675618,1.519674074
6034,1.200681048,0.861024523,1.330654243,2.001826566,0.633957575,8.873422034,7.905408887,5.139409531,8.536668956,11.90420988,2.399042029,9.321972782,0.623043611,,0.815710451
8725,18.06450903,2.754025353,10.83364073,13.74400976,0.24000618,6.492146023,,,4.278534545,19.75494786,1.525532033,11.40976219,4.316925274,346.8608998,1.031286417
6555,5.854990605,4.672856571,6.695381644,8.882893492,0.729999365,12.99087099,14.15975421,88.58719136,5.029897891,6.302355839,1.863565271,2.129721033,1.285192932,53.97893014,0.735522282
9820,7.493002847,6.037301187,6.707768075,10.39603559,0.779999433,7.919522173,12.57947619,857.4133612,1.997009316,2.097002155,7.231815336,4.981464055,4.209884623,-6.307303085,0.720696339
7806,18.63871676,12.5518316,8.029551665,10.794454,1.46871493,11.50389637,13.23246635,410.2307692,4.904524206,22.64687426,2.27108678,39.60114519,37.4939122,225.3813301,2.738555217
9438,18.56312849,10.25016557,11.38088606,9.808130403,0.948889202,18.33821338,14.31497305,158.5100497,5.0790527,8.196922959,2.874918846,1.190990165,8.102085206,22.66387251,1.606457048
3299,18.59951958,6.240979212,9.755061381,16.23304327,0.703003589,11.48809001,17.76390964,11.72592593,58.82022156,175.2974694,3.283282147,16.56052734,9.768922765,14.8766328,1.07493794
3494,9.846469194,2.495285019,14.12024006,26.88578368,0.172853874,18.13682533,33.56576337,6.458748238,44.34360343,189.9229274,1.330659798,330.4844287,13.13570384,25.7837893,0.93360296
7292,7.407532359,5.701746793,5.442974223,8.115013049,0.982324368,10.71013232,11.91337393,1266,0.186105292,0.169809835,3.924209896,29.27589038,4.401487557,6.297229219,0.726408859
7477,2.455991326,1.6716043,1.205785767,1.907483776,1.909290169,1.401142311,2.464374542,,0.020409784,0.007468859,2.786493358,20.33536293,1.808400539,-25.19094289,0.825616633
6981,7.355999388,6.269215248,13.41197876,16.57330247,0.57478616,24.99179741,26.51593023,96.98925814,1.981147839,2.366044703,5.417153376,48.3543313,6.291710921,11.37275611,1.565914337
7264,1.414972256,1.024111226,2.152615197,3.292373277,0.718011386,7.304244518,9.796650801,12.20120741,8.486366763,8.72269663,2.361928323,48.35048361,-4.50588621,-48.07502061,0.514997866
4885,14.87021068,6.84673867,3.626574246,6.496124772,1.27587466,7.29361127,8.927303477,14.88561686,30.93474786,98.54689305,2.479516372,45.22039285,4.457947492,2.453785576,1.197434964
7521,4.787281025,3.264339202,9.178679361,8.972747453,0.788490331,9.603915381,10.03182584,72.93478261,7.307622814,15.85750037,2.718074733,11.09082879,12.82739891,211.2244898,0.550198859
7220,1.672170859,0.673035781,2.241673291,5.644362262,1.206662438,9.186741783,11.09402182,8.293271265,34.34025659,97.88255592,1.545781687,96.9109715,-0.777612977,8.975143191,1.127284813
9635,9.74158402,5.799113404,4.761444038,5.079552859,0.226419143,10.19472804,10.17435149,24.79463327,5.231151445,7.815019245,2.499174375,122.0629022,6.385153786,233.2740214,0.768178504
7927,9.597608881,5.683840574,5.478337545,7.425492734,0.911455028,11.58283329,12.124401,51.81332085,22.40910181,38.35127834,2.466200945,56.0182066,4.780783796,12.04089383,0.733746055
7999,1.845750971,1.458806249,7.5739188,7.270520741,0.618143999,5.207413945,9.283980583,219.6666667,0.741086927,1.296671735,4.658738107,26.63456665,3.547152568,5.778491172,0.616959373
3928,14.99736057,4.86542836,3.050614739,5.007517755,1.569548851,4.463944728,5.538414099,10.30963852,45.79172245,141.1499506,1.722299465,1.026912996,-15.46425222,-12.57788517,1.188115673
6268,5.17408764,3.032386404,4.80494427,7.085465977,0.677075649,12.27980722,12.69031412,25.25115741,12.88731894,21.98932086,1.900085214,42.10795346,9.788988012,55.70225521,1.324087304
9788,4.979012235,2.919536016,2.282952284,5.030857487,1.577474079,5.607867405,7.099730729,45.57575758,18.90497761,31.37000982,2.042157791,38.83629544,9.84329359,30.89643168,1.062935744
6474,2.895696315,1.491118188,2.225490986,3.698554067,0.70836211,10.19444433,11.62850833,8.138992537,26.05532833,53.61962039,2.090438188,63.81962274,-1.662831608,67.14559387,0.735652071
7435,3.362100233,2.03324268,0.682523203,2.067636884,1.188686349,2.800354028,3.952196133,70.42470686,1.144460185,0.501298018,1.987131429,23.70543045,7.276603347,-24.05729977,0.622931275
2790,0.363090753,0.246804565,0.100632389,0.696728073,0.790585146,3.657959857,4.197965356,6.150485437,10.95344268,14.62365871,1.619805037,78.58998675,-5.506451127,-75.46950629,0.514857899
8139,7.248791472,3.590660832,1.775249049,3.158513079,0.885242371,1.32150731,3.981052128,6.33591258,39.85355323,99.79684143,1.58600782,38.35964497,4.908108279,-29.2675721,1.31570944
7447,6.111995718,5.640528845,15.15252913,21.09911199,0.371101125,16.00288462,22.74394045,,0,0,14.43901946,17.55991196,3.480099906,-10.52104183,1.46592292
7715,11.60188269,6.826791647,8.70595789,11.00481349,0.947637792,10.31259184,13.85517851,15.76733047,19.64990587,30.59244352,2.15662397,42.76076221,2.368545935,7.028604273,0.890725902
6239,10.1168828,7.537000668,10.88224221,17.04436483,0.877186014,12.04418596,18.86905084,274.986973,2.293251526,2.671549781,3.233752955,14.61346015,-6.190523782,-9.664460166,1.192988197
8012,7.213578146,3.56199336,2.700852204,4.135514587,1.180847734,4.54770091,6.045752153,10.46572041,21.70148105,48.35021914,2.077803662,22.97213653,4.978286928,27.629903,0.853179505
9733,11.50391377,3.979713008,3.539951136,8.804633065,0.619474979,11.72563569,14.66292643,13.47645429,33.36255785,93.11882459,1.223903614,99.07930194,4.282263239,7.087827427,1.18518899
9663,6.758334414,5.944350158,11.93687312,12.10404035,0.513718469,8.942029807,23.40341134,,0,0,3.681511057,44.43183292,8.343565815,0.992907801,1.457821955
6797,8.5764737,6.976275396,12.78248122,15.94282523,0.630252626,14.20542618,18.10027263,,0,0,3.922318667,25.62336983,-1.821078916,17.37367,0.67008929
9048,5.867523191,1.869752945,5.462850359,6.091759324,0.501956133,10.30446491,12.18540074,11.95029821,40.41015717,144.1191568,0.719492348,216.1481966,14.90531856,21.08140773,0.891947898
8013,0.728013978,0.404694456,0.374363582,-1.018268943,1.101843831,0.254567236,-0.651392633,-6.181818182,12.65074868,22.75771695,2.264392906,3.916715201,1.473940131,-334.4827586,0.629178063
3374,8.235822633,3.970873574,2.969466122,4.392181845,1.36144518,4.960673868,5.51373195,34.99652762,13.99717429,29.70315977,1.818316413,52.28807189,-9.421230877,27.3880499,0.831062246
7018,15.69494335,4.010732947,2.277817595,3.171474646,1.034656161,4.22639312,5.001343845,14.16,13.36910982,28.24905591,1.077771043,108.2987934,-3.740594614,-55.52763819,0.96737431
7624,2.161668443,1.61492096,0.65260352,0.930649386,2.496443323,1.282228044,1.767084884,101.25,0.574320482,0.768762369,3.367626568,2.321510123,-0.084950063,-12.90322581,0.701160987
7987,7.221951389,3.665347095,3.176828588,2.850223844,1.095897825,5.189032453,5.420045565,19.03191489,24.24183515,40.28135664,1.88192558,72.14638902,2.824238651,285.5603448,0.728823752
1787,10.51390094,7.493520223,7.11150456,9.897441219,1.243310378,8.80875922,10.75684909,,0,0,4.129720302,8.290533835,6.859348605,23.8804118,1.291527676
6496,6.845134768,4.780319768,7.278887165,4.876451129,0.691516278,4.297633911,6.052883852,91.82704801,8.445805305,16.97631071,2.443076621,32.28433828,27.72393998,-3.658839675,0.655025172
7811,10.34721059,5.369359549,4.383585235,5.964886818,1.233227175,7.043022813,8.502829784,39.48637655,19.12167899,36.84909487,1.690100817,60.00514642,1.025317722,3.15054395,0.891514301
6166,19.9575975,3.046977708,-1.241707561,0.294476251,0.463458361,8.568891615,8.717739004,0.16251515,54.44751099,335.6055348,0.746879543,348.6683346,9.443260621,,1.534924759
2204,3.182331114,1.890904221,2.375847997,2.854058327,0.816434571,6.560066229,6.920440865,49.79012693,1.08791542,2.892235124,2.503110695,90.15245499,-1.382932362,28.00765347,0.803135085
9643,5.915619866,3.621567645,-2.513783362,-3.350453683,0.664371486,3.193379353,2.939113795,-44.02615144,16.08655576,27.76785157,1.530463,79.13311407,-4.944386452,-247.3982019,1.52402311
6439,-12.8894624,-4.391800446,-6.975733072,-6.714618621,0.529216685,-1.6588508,-1.933222717,-9.374913773,53.68055153,163.261823,2.273089319,136.2195416,-16.421746,-264.8798932,0.756643911
7716,-2.102322816,-1.497428158,-2.954223106,17.35610463,0.509831164,20.04059713,24.51297373,70.74019571,16.7167479,23.4695737,3.424766475,23.54808208,5.370741614,-3.47115169,1.314926948
5941,6.808871925,4.500699257,4.526170282,6.652723294,1.330355713,6.73650073,8.060714625,490.1411439,6.004824375,26.85138523,1.788546312,47.47069288,9.097698328,35.09940612,0.848558795
1827,7.874217948,4.181284012,2.627150844,2.968210027,1.370716434,3.369881851,3.601476415,172.6842105,1.180131153,1.354001307,1.607738886,42.22616491,2.907415165,2.981795355,0.776450811
5531,,,,,,,,,,,,,,,
5408,2.654245857,1.900796524,3.363275044,4.982607823,1.124231912,4.589881237,6.693478376,18.42139738,6.337329364,8.098492651,3.434319439,45.20925007,-8.195397002,-31.55674536,0.552623726
7442,2.337163875,1.596501529,1.286909203,0.377474611,1.246838743,1.685783339,1.451001525,5.209949779,14.20841325,11.00145776,2.36166659,31.68563904,6.105571775,,0.542788356
5870,14.79805181,5.033269258,2.7899149,5.175553007,0.862589368,5.477063239,10.21114964,32.201748,17.02024151,39.68996919,0.960700798,19.38682744,11.34160011,-16.07155738,0.945508216
7014,18.21331755,9.128049101,16.48275732,18.50565545,0.829678919,18.30594058,20.6704893,150.3367347,8.725727981,14.95170097,1.802193598,31.99286014,17.94068412,78.65761232,1.255373354
4040,31.20609596,11.66392239,4.861244019,6.248803828,0.978258326,10.04784689,11.68421053,20.09230769,25.09456633,48.47005596,0.966249873,130.479819,4.56796918,-16.54952077,0.854995908
9044,7.887151969,2.51270119,8.626580313,13.28900597,0.270592319,20.54013429,24.24775775,10.72277228,44.61390738,146.9643173,0.635571935,244.750735,7.944319809,12.44281496,0.948033485
7887,4.746136151,3.566662513,0.40580716,3.859074292,0.769892502,8.691940511,7.190639001,12.48247174,14.94385647,47.40416967,3.55623917,45.45693133,4.82319009,13.37521426,0.421759509
1850,11.57894737,4.623343033,3.237321749,4.499008405,1.437999919,4.157144206,4.702993673,125.3684211,13.81229504,4.557547715,1.641767469,4.233661076,21.36111493,41.19739182,0.813699868
4571,-32.3925572,-22.20482256,-769.8219617,-696.0715471,0.023933403,-644.0653913,-696.0512735,,13.5165544,91.24653719,3.009437176,0,-19.91911917,12.61731923,2.857910606
7399,3.409258827,2.770620983,2.166646381,1.245603198,0.649522893,4.434085014,3.969703251,39.02233567,3.130876324,2.241823554,5.718828057,31.11533151,10.1247002,-38.63692241,0.448930819
9034,5.959146515,3.901130264,8.510212007,12.52987886,0.467922934,14.76586314,19.31210084,35.96168787,23.17146938,34.93062494,1.397764424,119.5443003,4.044364001,3.062513725,0.651228209
7417,7.949187546,4.951336133,5.578212673,7.80621322,0.868980936,11.81332968,13.86068154,129.6363636,3.754763234,8.584343218,1.748698007,46.40143397,-3.832486642,2.368987796,0.728132018
8085,8.719106282,4.035128101,1.992676337,2.721487486,1.921180247,2.650383959,3.322312287,68.04444444,4.433506259,8.925702043,1.540688947,33.74780014,4.706156065,2.648340597,0.784546325
9163,13.35821297,7.867704518,8.638237101,11.87116948,1.002392925,9.120803923,13.05168101,38.14318584,22.8462241,37.41551946,1.227995777,6.691807831,11.80218027,-7.325131179,1.215025083
5922,7.867071849,5.197344641,8.217870972,12.13915283,0.522092055,13.91248451,18.53048345,31.43221889,11.73739105,10.84035297,3.026640033,58.16126318,-1.692063098,5.167736646,0.688485196
4627,4.538728024,3.571891994,5.107856112,6.276336419,0.732051282,8.074733644,9.509831223,,0,0,3.658315068,28.05811712,7.333563597,13.44866565,0.591608014
2922,3.910144818,2.465462407,2.765343812,4.026712885,1.141248353,4.718573458,6.495673877,55.2867453,12.69322196,14.947366,1.769612928,64.07340835,2.761498351,-7.37182096,0.992354977
7674,-70.56440019,-29.39779104,-12.10554962,-6.765752896,2.104875074,-4.063239086,-3.639849985,-44.25719394,18.97965666,45.55743954,0.961277912,98.07787577,6.767423599,-7691.441847,2.81936707
4783,21.36921624,10.27177503,6.329411978,9.332173857,1.93200809,7.706076422,10.68040607,118.2943034,9.789482393,16.44251412,2.192188866,16.60813839,18.14974538,32.8132881,1.760010689
9709,18.866041,12.46783165,10.2920908,9.729183525,1.001401789,8.785087344,11.01406507,4480.507865,0.139199553,0.096439072,3.559662695,2.679740956,8.385897091,21.71933492,1.032933328
8793,6.120509409,0.604671631,2.593387451,3.053605829,0.217644397,-0.734073815,15.00398228,27.6975089,83.63132829,840.0428089,1.753041097,91.3547598,-0.38224477,-33.45588235,0.950225412
6701,12.59757851,5.69840162,5.117176306,8.270474854,0.801469808,11.03133085,12.89849277,20.63809316,15.44153361,26.29965502,1.362172282,29.72129355,-1.548085822,47.31754018,1.491227711
3992,19.505704,14.26378793,8.842047894,11.52064477,1.649226768,9.075489823,12.79807178,2832.977941,0.465259027,0.599163212,3.194883648,1.408804075,5.065245705,-2.478751031,3.436273621
4196,5.687944806,2.487385772,1.154573703,0.470413995,1.315299528,3.896501984,1.899085142,2.115009747,34.8858012,74.17540992,2.563809848,3.986520163,9.932948155,-30.00903109,2.10475335
3921,24.20845507,16.92170701,21.98637219,30.34870228,0.824048776,26.24987394,34.53867024,34216,0.030354783,0.043426021,2.789233563,2.469771355,13.30989183,28.01326788,2.63367368
7985,-8.638577947,-3.343969125,-3.849962755,0.533248285,1.125279871,3.126483602,2.810288681,1.570053,32.0731331,85.82473376,1.718459588,44.29539234,-6.391006506,11.16299055,0.860902309
7383,10.01617194,2.690733786,6.012122293,10.77636153,0.339709768,14.65371245,18.03636688,26.57142857,14.40943999,41.03500443,1.092780384,3.578694768,10.46128095,,1.394308272
5590,6.354140601,1.264571061,10.12957703,6.121070141,0.129244518,12.57893239,11.2462373,,0,0,1.212273576,0.344435463,22.70785634,,1.242389273
5976,3.298567374,2.344794651,3.154804301,2.770877126,0.700394834,6.851623439,6.825565033,23.11594203,8.634192932,13.32359215,3.996876394,44.1662048,0.625819421,-2.327005511,0.604403498
3622,8.226686129,6.930441427,-0.999230291,2.446135173,1.06819275,2.493886734,2.681577311,,0,0,6.241399493,0.351057564,-6.959308228,-42.97663248,1.320389334
4056,-6.221483618,-2.768864924,-3.522363358,-0.201998463,0.919772772,3.561162582,4.328538497,-0.244165171,45.50451414,102.2460817,2.071172811,3.28806405,-7.454971388,-118.7417386,2.146227369
7638,28.6728397,10.42452108,7.179885538,14.07240187,1.121010918,10.33621158,16.45397671,16.15259445,33.53943988,85.66303666,1.412820194,59.14962198,31.01605464,35.81432063,1.496460121
7057,6.267854861,2.231114909,2.38406623,2.197365436,1.412393561,5.082697694,4.725716126,50.65805902,2.850337641,5.732798228,1.723689969,18.55175608,1.573215233,114.4243589,1.242097036
6824,9.493500219,6.72334895,8.010754775,12.22978911,0.628566789,13.68874313,15.60427073,139.03533,7.268509692,8.883539982,4.715553381,25.10360043,9.358230558,26.16589181,0.702401026
4406,0.955807939,0.453103761,1.596183836,2.537993456,0.842502544,5.137143381,4.947558328,16.6,19.44081665,44.13583718,1.937417364,52.47947824,-0.486869732,129.281768,0.684408061
3659,8.704318686,6.527640286,19.37520785,25.2758355,0.356287442,23.12871762,27.67721458,58.379193,3.697733919,4.93076411,4.441863902,7.532830785,6.474739529,-13.72946256,2.391869944
3186,19.75882316,6.900170652,1.964660344,3.005496326,2.904274201,3.348096529,4.019954852,21.05048335,42.48579001,126.1291748,1.844121943,89.20386388,17.96272645,51.40605686,1.577792883
3842,13.58622613,8.334020318,5.65851026,7.243494107,1.061834171,13.66114725,14.98825948,62.4308498,13.43205964,15.25908157,2.622739286,2.300354573,2.783545862,44.58851548,1.182600523
7094,17.5667157,5.63684175,3.564805275,5.182361426,1.383310767,7.562332578,8.948073357,,0,0,1.431971995,4.874973734,44.50978932,54.76923077,1.412204655
4814,-9.814655324,-7.75243479,-3.52011573,-2.553294134,1.860331104,-1.389446796,-0.623937,-126.3947368,0.125979165,0,3.243618898,9.842382187,6.720678982,42.05267801,1.384002538
4346,21.2982213,3.780702833,3.246227975,6.408046988,1.330852583,4.702282559,6.844159955,30.88135593,28.51109198,149.1337491,1.452272312,24.94802495,16.06727354,49.95884774,1.263833169
6864,-0.218818903,-0.158435514,4.961245089,6.028360635,0.503889468,9.21343577,9.888791213,67.17100098,8.195947345,7.353878426,4.057168265,29.23110439,-3.363409727,30.7165109,0.707068324
6494,4.466233134,4.010848886,5.07289495,6.584630132,0.365761387,4.415719011,7.787371599,202.5228951,0.747702448,11.98784256,9.235294838,8.587964184,-2.130274689,7.740181364,0.730981579
5333,7.640917537,4.81711937,8.867126275,12.92208557,0.545691331,18.02399627,22.16369955,20.45847176,22.06859927,34.7591735,3.73856421,49.49283981,7.013143598,22.00563895,0.834176963
2282,5.914631704,3.266713861,1.939727978,2.621861395,1.437008161,5.128878635,5.666471855,18.88281661,23.58670644,45.21021642,1.576407507,80.18474403,5.14955901,13.87013975,0.956569537
5991,10.66130298,6.134676646,6.008122759,6.506315346,1.138207273,8.400295373,10.1640518,135.4831169,10.13638731,23.15345369,2.00916029,45.46678768,4.532854196,50.52810805,0.864966085
5742,3.692801736,1.710576805,3.190154645,3.484376801,0.924687964,7.249526804,7.330701912,20.94583107,25.61204338,40.30894669,1.411707997,96.09752166,36.97549987,,1.107910121
4463,6.775183228,3.220709772,4.281482811,6.90781797,0.816681083,9.026119738,10.72794184,31.03225806,25.13368984,52.87199591,1.553974677,95.54854838,2.968631583,9.318181818,0.815804813
8089,7.305838624,2.401819489,1.18163042,1.904515046,1.462660789,2.239008615,2.748360447,5.126245847,24.55316686,87.59003361,1.402215331,82.25826531,7.608392475,5.108991826,0.749205505
5658,1.605971608,1.150146364,3.12202306,3.954213845,0.467670206,7.041495992,8.098925452,110.6379438,4.508109932,4.690484212,3.054659125,31.92499518,-1.074446755,1.011877093,0.436073347
5393,14.03159395,10.45757739,12.50350861,15.48933383,0.884780419,14.1623004,18.46229416,171.2586207,3.819833659,4.866749296,3.179425837,31.42312031,2.855355646,12.84294235,1.278296851
4218,3.598305045,2.265966754,3.961016641,5.230806559,0.71890399,11.39171401,11.58986594,66.33333333,3.097112861,4.987612013,2.333098592,48.4937597,5.544292452,24.79498312,0.966284803
6996,2.479331359,1.421732041,3.343935454,2.906384601,0.879812975,7.893553948,7.722857907,30.58682635,13.63315367,22.43441725,2.099654758,48.07077595,-3.243725329,-42.63252471,0.835840919
6467,-3.481794657,-2.515429854,0.486765424,1.324328084,0.764320435,6.591535394,6.653382993,13.59684984,13.09406446,11.76976549,2.391178317,50.89661802,2.464082156,,0.482745417
9902,5.557166216,3.94949395,3.629861024,5.064145847,1.082384972,4.960265933,6.175660936,45.5,3.922295849,10.06482587,2.979741763,24.0876251,6.192479829,17.46987952,0.993004518
7943,2.794196668,1.963314643,1.821818721,4.682175137,0.840894482,6.235267178,8.350058595,21.32515337,9.11893156,12.88907424,2.470398989,59.58520134,3.983472232,-31.88320596,0.87092654
8091,10.32040249,3.752196202,1.991784914,2.242718447,1.631037213,2.063480209,3.061239731,6.825,37.6146237,132.5466702,1.760923767,35.06222693,4.809167476,48.58980703,0.828196667
2871,10.00380709,5.156811555,3.522533045,5.457355287,1.412387155,7.430634686,9.015354376,33.28844483,21.06276229,48.88998273,1.587544448,84.30901281,3.233243786,3.800931946,1.335820443
5011,5.900155199,4.059874697,6.40042247,8.276453891,0.730206014,10.22905802,11.69186085,184.3823529,17.77018368,25.30522504,3.470049505,46.32048629,2.591017445,4.136212625,0.880866553
5184,9.135340214,6.257731374,7.484932399,12.29977738,0.861145693,12.73687354,16.66530923,110.5,2.41843046,3.530542256,4.005697795,44.69590285,3.240091933,-1.339285714,0.780182359
2218,1.862105027,0.700845856,1.155310549,1.431767275,1.296392858,4.193276709,4.552527862,9.233959229,16.79729579,52.59859817,0.90063946,165.7967207,2.546898951,-3.730032007,0.951368075
7578,10.20679729,6.260863424,-12.08479611,-4.821852107,0.288559919,-5.063000451,-1.352089514,-1.950698128,29.71998618,31.63318177,0.278597275,33.24106724,-21.38342688,-139.3159565,0.673755863
2055,3.564182705,2.170573699,0.638162093,2.250036025,1.548715169,2.346789633,3.460485415,19.1754386,13.25385694,21.76344794,2.105802656,25.78274936,-8.149450716,20.6401766,0.573019759
6594,6.994267824,3.622666232,6.310613529,9.229304402,0.805501836,11.59297082,14.52370243,10.1729997,19.18521229,41.46594151,1.53159355,54.22121202,11.10508491,23.00266261,1.370431449
7988,16.50664805,11.94999684,12.6807879,13.93617684,0.92877729,14.4803109,17.62048278,187.7862595,10.21731575,9.184705129,3.861252845,39.16273894,-5.005125942,12.00655648,1.163952975
4262,12.27649093,10.15317543,12.50795989,20.34010937,0.741431479,19.21123717,27.93928837,334854,0,0,4.841439534,0.668838518,38.74513047,7.595828817,1.270342039
7950,3.082383048,2.701210719,7.075257878,8.947940756,0.345952739,11.78585386,13.36380344,,0,0,4.453759391,49.31944311,-1.112409968,-19.55418633,0.446848551
6779,3.027082619,1.216739469,3.377054123,8.453942409,0.760218335,11.92145334,14.91218152,8.369402985,40.7187444,98.91669523,3.577293295,67.58998972,5.476157348,3.626703627,0.860345769
1723,20.71907836,15.2747704,14.89514874,21.18157962,0.859526732,18.26014259,22.22428648,,1.202120511,3.843524497,2.655264868,2.207874414,10.71373477,45.9593535,1.387862392
9908,11.04190334,4.450994787,2.452405521,3.908224511,1.729229024,3.153048625,4.456455776,36.887395,20.52964836,57.72536743,1.629115334,17.73732905,11.69703918,6.436893309,0.866983781
4829,0.610304967,0.517002234,0.488355576,1.526612047,0.769428358,2.520048939,4.026716161,58.41171404,0.317188389,0.488906683,7.742664158,5.262189268,-5.41047835,-74.37395376,0.930593348
3723,12.0317659,11.38489737,34.58431784,51.31217896,0.235422204,39.3444731,51.60425904,,0,0,18.33548482,0.309721309,3.504152672,8.115225886,1.416610534
7820,-7.75280229,-5.510564636,-11.64675562,2.907435792,0.548327669,-4.90513713,5.972321214,30.98924205,4.784920578,8.736744028,2.501291244,21.91528777,-7.422982274,-53.52346118,0.699169197
1873,1.084298436,0.554297575,3.244711264,6.678101772,0.817117896,10.00285878,11.03487707,11.01886792,24.38201717,48.37355235,0.981477084,120.1356527,35.68657874,,0.789706725
7986,9.044926732,6.34262897,6.904431861,9.825195156,0.947057101,9.266005665,11.05000318,,0,0,2.529769631,40.16670382,2.764462245,14.86326788,0.699992524
4094,5.438443318,4.654778488,9.265613798,11.24511392,0.474511778,13.82268594,15.47095852,424.6574143,0.486661036,0,5.032541652,18.12536966,13.35486183,31.37471719,0.698845307
5252,3.408087416,1.823397441,1.995708831,2.392062999,1.951868073,1.908855152,3.336741201,32.94728117,17.93241524,37.11018766,2.014928159,47.85560419,1.898688378,-60.38992618,1.098910496
5279,6.885043632,3.361277869,2.669728522,4.032698364,0.926602817,6.812923292,7.568440941,22.74416737,22.80606608,48.79001278,1.237119333,77.95959852,7.847471057,43.54623796,0.662628876
6849,6.889369096,4.789450046,6.253992476,9.188906239,0.917273132,6.7725708,11.04762581,143.8472222,10.09617618,14.22986099,2.532436096,16.30168419,1.548746317,5.726827276,1.562978604
2127,30.03099918,22.92893669,24.85583245,37.92316828,0.732023599,31.81310679,38.28382225,593.5538314,8.739787114,8.479162384,4.301370222,0.952118785,-0.134087384,4.037380272,3.199406918
4997,5.487197402,2.786172281,2.356801312,8.579917172,0.64452819,5.433847508,10.8596923,3.237825595,22.33470857,35.21587807,2.248679391,20.83867044,-2.976716198,15.29775507,0.859663566
4095,6.622340153,4.837418148,9.91298826,11.33874101,0.492603371,14.11162601,16.35457851,882.2941176,0.278765201,0.128061961,4.226875556,36.46026493,5.752888036,-1.703912445,0.673154751
7291,0.920724999,0.379896544,0.04643796,2.299508255,1.456052547,5.201880737,6.332147507,2.940615058,29.56861433,72.28559847,1.22371741,86.0472523,-2.948774697,-1.386913229,0.662674534
5905,10.11063032,3.140872113,-2.978161681,-4.802490428,0.789420597,-1.598446955,-1.173869474,-22.7466347,23.61389946,68.58515609,1.388589962,98.46137538,-8.074662508,-308.6072736,0.762211575
5729,46.78869852,26.57083935,9.754283562,14.28941911,1.362704828,15.93332706,16.95668685,87.07240695,19.05138006,25.0386643,1.985180012,44.25693764,61.51730164,433.442552,1.006876716
3306,23.59909178,10.3510251,2.292085887,5.832501016,0.857998812,5.902033538,7.155586198,30.87205266,17.78426082,50.60673674,2.593809489,69.54237693,2.028720091,-15.65674897,0.770500057
7771,6.83270545,1.780984732,-0.279614971,3.850642915,1.21939177,2.940832573,6.724044359,4.021255489,52.64061547,194.5201351,0.989115877,131.8875687,6.391186243,9.212616832,1.020574451
2892,4.126794258,2.309146029,2.435523231,1.915562148,1.285696709,6.327256488,6.429334737,27.29545455,21.44375763,32.715311,1.637845417,54.26400225,-5.967664527,-53.15912637,0.697646887
4619,10.04385812,6.770057365,7.482591583,6.746896761,0.765030487,11.72116258,11.21707539,139.28125,4.142275612,6.378572174,2.377310507,37.24285565,2.113057054,14.10650282,0.623191562
6788,8.091332454,5.482883664,9.977831029,14.55959647,0.6712636,12.33214016,16.82352475,1415.862771,3.541612341,4.395526129,3.459153147,20.80906106,10.03663262,6.183226478,1.113435148
5210,6.978569603,4.030447113,3.779811009,4.027980419,0.776065229,8.593206703,9.411347614,13.8685446,26.00023194,38.50899931,2.079187034,48.08148662,0.635343195,-31.12613663,0.658933138
2499,6.195189098,2.636232978,5.154759596,8.36658129,0.495318807,5.77393173,8.809605015,8.532223965,46.5881177,109.4828117,2.359879179,2.905637509,-4.651957615,-21.85910555,0.948600537
9017,5.797567521,1.954573454,5.435355039,9.921384576,0.353434939,14.2362623,16.72928432,4.952549734,47.26509963,131.6739518,0.256795563,261.9106239,2.991188959,17.94105147,0.80412765
4465,10.89302083,7.117459058,7.613346514,8.117730536,1.046408003,8.138021605,10.47320653,296.7641437,8.566849863,10.42795177,2.855676322,47.93476307,4.291027029,30.41471564,0.901276609
5367,4.572519934,3.469285239,4.997400903,6.329857219,0.582385328,11.81190678,12.84015268,91.10598486,4.191000205,4.27083524,2.886489639,37.02246411,-1.590151767,-30.5435681,0.588960809
9767,6.804409531,4.78329616,5.139872438,6.281949476,0.803030754,7.708557691,8.692233499,96.75956437,4.953932479,4.452269309,3.031635857,5.40662405,-10.92902052,18.25640606,0.679749539
6042,5.613885081,3.131132912,7.542256146,10.58952628,0.360099836,3.786630087,21.63107503,9.524130215,34.68938759,60.1675075,1.659609304,80.22940727,-10.63754919,-2.074961424,0.644009758
6376,8.631524378,3.81231344,6.331326921,6.913773755,0.630816215,12.2049508,12.12889882,13.14726631,30.74311212,69.6060085,2.218636234,50.6973245,1.060554225,135.6781537,0.841984375
5343,36.69467787,6.76163931,1.917971861,2.435625166,1.602467298,4.725245553,4.944252721,17.47619048,20.86301228,103.9215686,1.087834589,137.6470588,2.371084992,146.3087248,1.252156102
6306,5.362931234,2.907806983,4.086489565,5.630364916,0.7806342,5.870387698,8.004149546,27.95959596,16.13809337,23.42845566,1.865024402,44.29555453,11.48604213,40.5789741,0.871943711
9072,6.763558758,3.787696299,6.67634838,9.341240066,0.600580011,12.74960668,15.57424664,51.80313199,27.47950155,54.97537027,1.135358359,112.5655035,11.49943326,9.041250706,1.175430882
7731,-13.69249989,-7.866177284,0.856022425,2.350391802,0.633661761,7.149318104,8.528209036,5.710597826,19.23865886,38.2570218,2.029881032,25.89826906,-0.273267851,-59.96284918,0.863217698
7974,14.70014429,11.78397035,23.9334479,24.25518618,0.352604644,18.22422445,25.57381524,,0.210591979,2.393251618,4.605321545,4.133571337,-30.32200566,-46.58128869,3.661486308
7932,6.250156881,3.548423873,5.001933213,7.382837142,0.689378954,7.21393541,9.977411937,27.90769231,15.39930457,28.44448907,1.876803703,92.65292804,0.193695714,0.415167451,0.65586536
2001,8.604498528,5.16980112,6.025389532,5.229532854,1.035021053,5.616509037,7.926683833,81.69961977,14.57464776,24.3604932,1.523020487,55.48322649,2.587674838,5.628748402,0.808772441
9913,9.329058019,4.748267898,3.109824014,4.390732903,1.419895619,7.028291379,7.821341056,35.83636364,9.893764434,29.39681771,1.535106383,55.61739972,7.079814894,2.709744659,1.141019103
4658,13.03710561,6.959314775,4.813929669,6.505478134,1.408219238,5.447096434,7.242620814,149.7142857,7.51523637,13.73138934,1.71669861,49.86885752,10.65737052,15.64137931,1.170407794
1429,16.29638263,7.343466503,5.630704972,8.195719228,1.349615316,7.097920854,9.32760941,64.24173573,18.79467521,41.70853351,1.420470221,38.50918698,11.25214664,7.139021831,1.626099619
6946,22.42441611,11.32539711,9.760461187,13.90020873,0.719696699,13.99463274,16.27571812,59.5106383,17.33183775,70.13898839,2.216872994,33.78707551,11.44835226,28.36163378,1.945028497
2108,-2.325644394,-1.696388875,4.1715538,0.828754861,0.634517742,4.2317427,4.708623989,6.62962963,8.947290421,15.59956115,3.122482507,27.4174105,-6.495230674,-41.11842105,0.55141824
9414,4.665722461,4.236866559,11.38864661,16.35537607,0.447509912,15.0038903,20.36456855,7821.910931,0.308250186,0.478687114,7.351677518,27.32280542,-3.502869377,-7.275381767,0.703279129
8951,5.875866349,2.957263516,33.50513381,36.29571292,0.090316169,45.79458695,48.43548847,13.72780936,43.34528259,86.12390677,0.352124664,120.3049268,-14.69600927,-4.718703158,1.349870302
4064,7.253233302,4.089330808,4.537525397,7.170562522,0.783518251,9.865167156,11.11293533,40.62790698,15.62657828,24.50590672,2.5584165,64.54005935,12.7130994,311.0588235,0.667649124
5302,8.881494282,5.64323011,12.80243805,12.7467868,0.449346551,17.72094872,22.11209752,42.94642857,12.06793837,18.99290363,2.633295778,42.74368497,-0.582253135,-22.09264658,0.827165542
2393,12.3678215,8.103727272,5.599511606,7.683592043,1.227997306,3.596800947,29.46102677,176.3939894,8.445654798,10.31251769,0.72680383,104.5288498,11.94147771,13.16094739,1.518961953
6929,14.71614069,12.42747387,25.63220494,22.79597438,0.476435409,22.88014639,27.61573651,,0,0,8.577998018,22.23809724,9.138475057,25.50876486,1.527892651
6997,2.232755395,0.770119605,0.030158782,3.04848228,0.731082196,4.482247074,8.826741873,1.570768585,48.08668609,174.6978283,1.428642114,117.5369051,-18.61217991,-60.30988008,0.769804217
4092,4.414268779,2.65498198,6.588059625,8.415930798,0.498568843,14.87011817,17.63766959,26.36290323,21.66766056,34.78176528,1.564110216,73.93038043,0.791426644,46.32945389,0.65025615
4539,2.84342881,1.093257909,0.90267117,1.863678232,0.655338585,5.280933374,6.091495241,3.065656566,36.2299653,92.14274534,2.452165402,76.88735848,5.925588656,,0.722496556
5612,-0.204741379,-0.085504703,-1.358294455,1.541368925,0.793523595,2.799267702,4.252052206,6.069767442,25.26438954,103.987069,1.453970332,78.09267241,0.438934694,-69.79166667,0.766347997
5609,2.953302482,1.571383803,1.649081126,2.857941444,0.623899207,4.520997834,7.371951646,14.10344828,16.94497918,28.62431637,1.862784717,93.62221287,-10.51150575,-68.34365325,0.647841844
3315,-33.83173077,-10.76067925,-14.04210207,-9.361401383,0.729253334,-6.401130799,-3.353021354,-12.51282051,50.34061977,152.2740385,0.953957611,192.9567308,-26.71584586,-324.7212797,0.873279079
5269,-0.394291787,-0.188686098,-0.39836954,1.880260243,0.661141956,3.112711556,5.245256237,10.66856687,17.25672317,35.308813,1.360660789,71.34100983,-1.859808985,-45.22994041,0.72290194
5355,7.941960009,3.86564968,3.581645228,4.838160418,0.874397734,7.640221078,8.492073437,18.21840363,17.19490811,45.38497827,1.715529725,43.68176547,1.809407747,53.94198563,0.862371508
5563,1.996480113,1.477375731,1.834957361,6.679865937,0.772217864,9.6238208,11.42254487,8.977391304,14.40285056,19.46356917,3.177097489,38.37662795,-1.224515882,-24.73024205,0.72542797
1950,9.314516953,6.150721352,6.081909627,8.267948848,0.749318203,8.193728621,10.3170725,717.4,1.708233802,13.93754215,2.430444113,31.47008931,11.79759935,33.35563982,0.7085487
1909,21.26600108,10.70160984,7.102981427,10.99690352,1.061783401,8.526686075,12.5874696,49.32552861,10.66169,13.46467618,2.032725503,37.28361322,-0.270359702,28.33779677,0.931702388
5214,6.01517961,4.222476629,9.510857348,10.79504949,0.445950668,14.09111053,18.56828151,24.48361253,14.55690157,20.73720832,2.409166928,73.24862756,4.065339513,513.7666606,0.952731457
9147,0.324777876,0.111553488,0.104628429,2.562580928,1.092849923,7.890591442,10.011861,3.996729057,36.39053659,105.947751,1.360499211,116.220087,-0.109285886,3.769757018,0.984883275
3512,2.517101654,2.016764475,4.432267564,2.064923974,0.385393011,9.152737422,7.662712795,29.35453613,3.166439165,3.951998044,4.315640772,27.18142759,-3.803006876,-57.28589739,0.517467011
5942,-2.558683346,-1.321367377,-2.60810365,2.399348182,0.646163892,7.32693907,9.439326604,4.44529472,27.47735112,54.78872373,1.451140355,63.28305785,-2.782758342,-27.7760119,0.714407891
4362,9.383678013,7.557719202,10.85405074,13.55742707,0.598149361,12.22804868,17.41437296,968.5667067,1.882817755,0.034783686,4.343364685,32.41081469,6.357800501,18.71642668,0.932282036
8174,19.68092993,8.505375931,5.772354879,9.270857806,1.267679888,12.8898264,14.92224716,82.79910714,30.07509643,75.12825075,1.164101316,120.1049729,2.929040357,6.329186493,2.126236999
6356,11.8966493,9.692225923,16.22512911,22.03723952,0.63135157,17.52954409,24.48764843,1146.938453,0.712093791,0.674397701,5.197481089,16.38434945,-0.690852713,-1.049288359,0.630370093
2976,3.845835397,1.297868044,-2.462067427,-3.301379028,0.432610847,-0.612459577,0.111883433,-2.520060152,52.77002057,126.6200713,1.809263537,151.3179539,-30.8595817,-183.7848801,0.832058082
3472,5.329384208,2.819766121,38.70545285,51.82639352,0.084856672,69.33667979,77.33870281,4.07990683,42.87637627,81.03675012,0.365297154,96.86471304,38.75290335,64.93324959,0.979871431
5262,6.353106649,4.728787306,8.216908626,5.455358679,0.621263373,6.971533796,7.491094464,195.1743243,1.607610014,8.436212021,2.804872545,23.14177724,9.879311941,46.34083853,1.059527555
3851,-3.737546046,-2.636469247,-2.966569885,-5.183615062,0.482413178,0.813846773,-3.227009154,-25.33905184,16.50572278,25.7777144,3.491162008,28.3638893,-0.750472803,-168.4528674,0.663880237
2349,10.7905815,8.133406038,9.480642269,12.31813973,0.904902739,10.06861792,12.96883828,2376.863215,0.035458243,1.674641226,5.946051619,1.953300649,10.621425,9.727274835,1.19486191
5843,23.28154712,10.88265047,14.13948692,20.39113574,0.752214968,15.25490391,21.32894861,280.0896729,9.27315403,20.14519325,1.733535163,1.053013856,16.03641609,81.43822343,2.114768906
1771,6.257652769,4.158374555,3.001392202,3.965373142,1.24545169,3.167404921,5.701865391,140.1536762,3.031871234,2.398733276,2.431142867,22.89608505,0.276868795,-20.12197775,0.67318466
9347,12.75979966,8.392429159,4.167500786,6.205136271,1.43761788,6.346698316,7.433437241,166.9038462,6.026294766,8.958402063,3.239968057,11.84506493,14.01600991,4.920212766,1.260280336
4272,8.044391615,5.75877423,7.866243755,9.165977788,0.604124682,13.9947166,15.49033174,91.08035714,13.25526882,19.91828893,3.718915225,40.86189109,10.30422566,178.0700559,0.885569449
5491,5.119184377,2.040144784,1.370423798,-0.37038481,0.707646466,0.387929354,2.974774845,-0.745098039,30.76813025,76.06619759,1.334839756,98.24813326,-0.21979732,82.63254113,0.661911538
3891,9.333475852,6.28526551,11.10814584,15.34668245,0.461151169,20.89950177,21.77586487,59.67529223,23.34619313,33.92947051,2.586462075,67.95005801,8.130035793,43.12517813,0.842990618
5703,6.15447967,2.636012397,2.249263877,3.952161111,1.010986749,6.475698862,7.79853866,11.77898158,31.92022149,79.11774925,1.634381969,76.06753285,5.053320986,19.54477981,0.711585227
4612,9.967575071,4.475179815,10.13402426,13.95973805,0.500748202,14.54241302,17.90866015,11.40427295,38.01897983,84.67973384,2.157806023,31.1885796,8.269319957,40.63504321,1.153181584
3863,2.538037367,0.71824943,0.383870179,1.666651162,0.688550155,6.412044339,7.400093536,2.152829364,51.72429179,179.0513375,1.332044358,162.6430939,1.295024304,14.13100133,0.768638231
2353,25.14938913,9.777516736,13.03197586,20.79645353,0.799652149,21.95838765,26.17708858,54.01320744,37.26618325,113.4291105,2.914183569,84.78379808,12.66021002,18.54846698,2.242962387
4119,-4.704421425,-2.095022588,13.25422589,0.465608046,1.024442246,2.377803995,2.806875717,1.780291802,15.0773019,29.90327477,1.618913429,41.94790393,42.11612194,-58.53718676,0.623405338
2795,4.243871758,3.227986888,5.762941852,7.751430403,0.692478868,5.948437133,8.972282277,260.4855519,1.198531422,0.627045548,4.146418711,17.88084752,2.212737349,-4.696994381,0.688100707
3283,6.179574737,3.421987804,41.02381114,44.94319447,0.084433412,55.02129987,65.00055772,11.22916097,40.2604502,72.70407587,0.694287293,2.125370511,22.19434102,23.14424617,1.323476575
4736,10.65230157,7.240838278,9.576692673,7.306014272,0.936357411,9.392627044,8.960814315,5583.403509,0.042644847,0.708221567,3.940788367,7.65820637,9.320070871,19.41271819,1.115496327
3296,9.704902097,4.589955483,28.09863335,33.82071699,0.140516507,33.35760813,38.96943533,8.538370274,48.40693526,103.2655734,0.671657205,0.76396318,50.46610879,26.98390585,1.090796823
1938,8.859662203,5.838901414,6.892881533,7.554245737,0.746350213,7.910916729,9.715117846,58.87170175,2.341752971,21.74553719,2.282383035,33.65969444,17.29856058,51.12106774,0.721570352
4091,11.67217944,4.732451492,7.55177275,14.22947897,0.541930031,17.77023969,23.11280221,7.590742251,37.32731452,89.59111674,1.431311585,91.72370674,4.218293481,13.09570829,1.385905037
7287,4.782781249,3.120793749,1.934910887,3.021520432,0.943444949,4.220962904,7.138816108,43.45454545,11.80686249,17.68207703,2.753704481,36.16620672,1.294040435,-1.127314097,0.537193041
5010,10.92819066,2.551524692,3.52447411,5.931432039,0.693383822,7.746763754,10.29025081,2.072438163,58.56426401,250.8309815,0.902813853,217.4035748,-10.29258335,-47.77382012,0.903772672
5659,5.668802174,4.164067096,6.952020364,9.555284605,0.852220835,10.93285418,13.40777343,1116.75,0.484857128,0.613958455,4.087604546,38.20860027,4.520759273,26.25777275,0.950081028
7102,17.06626655,8.411606843,6.65974673,7.200539755,0.720134848,8.949553664,9.797591862,29.0251046,27.8064103,52.96992946,2.689045168,43.62547952,9.405164778,14.45306055,0.730873196
5202,-8.222828853,-0.851586638,-1.645761964,2.273914477,0.814948132,3.592332708,8.197753215,0.681259135,50.0951638,525.1265442,0.789303875,419.3457641,0.944582643,-51.13656703,0.898159241
4920,7.902718947,1.909269916,2.01522223,1.082285026,0.9643384,6.308737809,6.703377534,1.124481069,56.26823274,232.9016056,0.939644375,206.7462718,-5.610095886,-63.18359455,0.895828612
5753,1.998488538,1.444700741,3.690375928,7.028558303,1.661387776,5.37860807,7.484113008,262.2857143,9.105256768,24.85515157,3.262207031,20.87496851,11.92904276,52.87260616,0.563662403
4516,12.08365044,10.52401485,20.31928703,22.94423087,0.585813495,21.52940736,26.69816266,360.4313725,0.959677334,1.031057208,4.939305977,15.10436064,8.078648275,17.13502836,1.031137011
4114,4.631242021,3.262890893,4.249217044,4.133911166,0.752668658,12.19457378,11.84157168,11.65426997,8.566767036,13.8279347,2.383583245,50.71260923,4.422602542,4.897098934,0.763466345
6741,9.703477778,5.990134745,7.957214647,9.270159743,0.644631788,10.96491639,11.73602598,101.0816327,11.55377767,16.0889859,2.039985931,18.25516697,8.446659089,46.69035984,0.718456421
6040,16.38985706,10.0801473,15.1636908,21.46948981,0.85768931,27.88828121,31.30157649,67.86789545,25.42010063,53.4764454,2.60324318,92.63767754,26.88099627,44.67956278,2.097409051
4041,7.982439703,5.17534025,9.672742737,10.35058216,0.536474077,14.55808349,15.41633645,37.79764706,17.46009157,32.25366063,2.094055888,39.2022914,0.498611012,15.7932675,0.902100233
5840,30.72563161,10.68606129,8.164085137,12.0091147,1.301725653,10.3125016,14.10043608,31.15388027,33.31543336,95.79186423,1.6668093,51.37515521,9.141571407,20.69338739,2.155022733
5401,-1.056060109,-0.51954506,4.027680442,6.392195251,0.803019058,9.161906939,10.82255404,12.5123247,22.91525359,97.74404637,1.947555827,69.42788555,-1.945975557,-15.45708554,0.765682908
3849,5.378564539,4.673581911,0.939294118,0.508392157,0.456008584,-3.709333333,2.595764706,,0,0,10.43072295,2.343272379,-21.8241282,-97.35175637,0.761193127
9404,6.554560204,5.105278151,9.958758646,11.8889839,0.382472419,11.61815486,14.98847191,212.034749,0.883114185,0.849238759,2.966407811,26.41799428,9.064915011,31.13567983,0.816260787
6480,5.210826248,3.266040144,1.798323036,2.93100912,0.453477755,8.787511033,8.888643719,5.331103679,28.92529793,38.32687655,4.644022058,31.30594597,-1.206220026,-49.63665087,0.651621125
6998,5.380880363,3.833720864,5.455132343,5.568108457,0.712798389,13.10522918,10.74080052,32.85714286,14.07588045,19.63702937,2.226245337,29.74607976,8.094905792,44.95798319,0.620827891
5480,8.26228556,3.663185583,6.728182362,9.852583136,0.786820864,11.18497127,13.2465993,23.58275382,36.528389,79.81620926,1.371942174,109.9912876,-4.571339851,-15.20728109,0.825167112
9101,7.851823784,5.304878006,18.45358674,8.143894619,0.60377568,20.17981999,14.25391123,10.46206144,17.09294028,42.05683969,1.331152768,44.37858957,8.439034198,20.68914192,0.806199648
8086,6.022278032,1.292341328,0.793377455,4.126524622,0.561642373,11.03359366,14.31104616,3.39099949,53.72987916,259.2328656,1.638642685,199.5781276,9.8504563,19.0911126,0.923443438
6863,8.248047635,7.097260842,14.52604068,17.73194107,0.56725418,16.83617834,20.65032577,743.0545384,0.737341043,3.692740774,6.792418579,23.84062863,9.083830847,37.53056261,0.79265463
7189,7.444541236,0.300122563,16.00574475,23.83606795,0.014303664,17.89861961,,,17.2304763,357.6824108,0.195354049,21.00301515,5.410821643,29.7862166,0.980339982
9031,13.00663952,4.145240025,4.69227387,6.010439802,0.587750012,8.923888657,10.55930732,9.968586387,46.81598617,143.0537781,1.385589256,183.5905562,7.736202444,3.006414715,0.885604331
7500,13.08781249,7.835399672,6.92661561,9.704198969,1.176934762,7.184474294,9.950190177,,0.051252382,0.070907171,1.816706709,1.59347779,6.319241128,8.433458522,1.550132856
5161,8.196870451,5.208092486,3.280862739,6.07183415,0.873777758,9.136348942,11.10586129,11.57187994,14.56358382,28.0397107,2.54377757,33.74158479,2.319683811,11.72971324,1.02104165
1820,11.44804029,3.328626492,4.782571951,5.752281148,0.626133638,5.498199345,6.968166167,12.47044917,36.19330255,166.9315627,1.146776611,106.2151816,-8.670104299,13.93703764,1.013963634
7545,6.93936292,4.272672245,3.540971737,5.141571639,1.247210361,4.09536369,6.028495333,621.375,0.154133204,0.250331918,2.090197329,18.97759175,3.974211449,-18.3810853,1.189447728
9699,8.404374346,3.916760019,5.633763503,9.119625594,0.731206937,12.98091685,24.95975883,10.71202186,32.59828905,75.78518064,1.402738007,117.3407442,8.019799492,8.627950792,0.928709477
4021,19.8790352,14.02091528,17.12330675,22.61014859,0.768440634,25.24695164,28.32773059,80.16078984,12.23655608,17.55147005,2.655356106,31.0444895,10.87757218,17.90552455,2.116975461
7201,-18.68026555,-4.868934392,-5.310588422,0.552495984,0.649869875,3.890474744,6.077946594,0.90214427,42.57693153,183.720359,1.527035547,87.36558299,-0.413867061,-87.72713366,0.783283656
8705,6.130975725,0.537875618,4.76293745,9.336338786,0.059024545,3.226576015,11.87364078,431.8651192,4.16156404,63.03402962,1.058641108,2.078673269,-4.776378468,-23.85159538,0.979853402
7222,3.845130012,2.489795469,0.865315485,1.456172184,1.314879178,4.39276707,4.255822977,108.5957447,6.288484742,1.384790526,1.96915478,49.15411671,16.42037925,427.2727273,0.864631744
8291,4.869006426,2.814084708,3.045090216,5.23498464,1.464389497,3.48998976,7.43829667,59.304,13.44495801,29.15401455,1.359330538,88.98912506,-4.945224606,-14.89092997,0.733159158
6284,13.46261611,10.11405098,17.73033399,24.37577313,0.577636341,23.64044532,28.6273881,241.8409091,8.08945475,9.75224575,4.768986114,24.91127375,18.69595954,34.5599393,1.621133307
6543,20.96548007,14.73906885,4.493615517,7.110314691,1.169766211,8.171675445,9.228175033,114.9123832,6.377227901,7.325189674,2.903807184,47.92093928,5.914169277,31.04893102,0.805039767
7915,0.868909181,0.400607708,0.514115076,2.712701003,0.776537103,5.012365442,8.028301984,3.0684852,29.50463777,63.99490101,1.434101257,51.55787958,-0.35787687,-20.41246425,0.768703522
8881,6.300129309,3.226392393,2.699013092,4.538140831,0.597225618,3.685077716,5.095619093,6.360214649,33.24280468,85.07791415,3.400492806,16.07160789,-5.908986776,-2.328098582,0.659287926
2602,12.42980117,5.991623781,2.420706829,3.631719529,1.358397388,4.010525959,5.610516917,14.62822458,25.31874449,62.5123566,2.151111487,58.92907714,3.375971928,-7.490043664,0.892275276
2002,5.581168068,3.42770095,4.073466857,5.447065483,1.053548748,7.397772835,8.378528831,12.28961314,10.85343663,18.25688754,2.299376158,51.75193709,-0.787884155,-2.952376967,0.99846584
3105,4.844738656,2.084403362,2.771037089,5.255614237,0.745349347,10.20426445,11.32860479,9.122667588,27.00515261,62.76755696,2.036586373,58.42016971,1.53472691,59.21481124,0.832562598
2897,10.61514779,5.949360077,7.08478304,8.200166367,0.935180508,11.05584128,12.48000886,44.68912281,15.96467015,39.70617924,1.313079197,73.97881933,5.957024721,3.753788002,1.453974386
7490,20.02113604,11.56531574,1.57669172,0.985962623,0.992534211,2.574349083,2.314859077,2.577965182,24.31864867,39.85211463,2.843863146,58.70906211,0.780565312,-24.04560417,0.56407578
3440,6.459519292,3.016763902,3.980553023,6.012067544,0.931021687,8.725094413,9.311108217,18.22368421,37.69662506,77.82258065,1.837724898,59.06862745,30.19399114,8.544871745,0.797451171
9332,9.684848485,5.109349022,1.906262308,3.500393856,3.243174198,2.549231981,3.911973218,395,4.891929914,28.24242424,1.66827434,32.34545455,4.854529311,16.21444917,1.254183295
1444,-2.566250189,-1.264621152,3.838779809,1.484613801,1.696454126,1.567038683,2.181304817,7.015124396,30.73302442,64.26877248,2.034867461,15.3855861,12.84468924,43.1516856,1.324092952
1332,10.1606633,4.433765227,2.864265353,3.58639742,1.42778237,5.13290435,6.48700072,10.04107425,33.90730188,87.6486704,1.470375234,65.31174311,6.585596151,7.133225458,0.991552508
7021,0.953951035,0.663996486,2.456076166,2.741572459,0.625563673,7.850599883,7.772251839,20.86610523,8.020951638,10.68314054,2.403932641,52.35862377,18.87232152,-17.15059651,0.512141935
2961,5.973848117,3.36290195,3.317713909,4.661521245,1.300583752,3.245154284,5.582201163,505.7580838,3.049734761,4.596548073,2.165524593,33.58860495,-1.761690843,-20.23940945,0.784410723
5334,15.08020629,10.26543797,14.18468498,19.93344492,0.664054488,21.30329115,26.01161115,75.32638889,16.95184295,44.87416484,3.830300427,34.07281347,6.266538212,21.29152495,1.224437766
9843,9.113763609,5.397205871,8.887113653,13.49528653,0.631702584,16.95082405,20.61641122,38.7354759,28.57597745,20.97757718,1.031176484,99.93287175,3.586727291,-6.903440951,1.503603495
5186,7.763116721,6.618092491,13.43768,5.711374009,0.516696954,12.73649696,9.540741725,75.82352941,0.669145395,0,4.682002556,19.751356,1.881298739,16.57246213,0.71860007
4977,19.67910303,10.07596565,8.155891083,10.14582527,0.964105754,12.1538263,13.41592464,37.79807692,19.14730409,29.01121206,2.811474482,45.23970617,-4.143988125,113.9902014,0.742465436
6493,7.784886207,3.392510071,1.224975936,2.930505644,0.793957038,10.27217606,11.14844009,6.590813512,18.46162449,42.57312407,1.942748027,85.13514542,3.977293443,-25.48304188,0.549375241
1515,7.07480493,4.167724905,4.583617088,5.212790828,0.837737038,8.382037547,9.483853918,11.16104461,10.14534993,32.71231483,1.833794914,59.57112971,17.90585077,-8.239398819,0.798323242
3110,29.6961475,17.26810246,11.77328381,15.08231302,0.501060391,20.82817444,22.54872289,29.41860465,23.64178302,38.22513759,2.871207214,59.65899456,16.92385232,96.03051615,1.070012852
6988,12.85836471,10.15583394,13.53584948,19.42117296,0.788088023,22.78380634,25.89088628,163.4082988,2.373517308,0.283598143,3.383358514,41.82560199,10.78950848,39.42193994,1.64718773
2003,6.846733668,5.368093286,4.908696313,7.005709072,1.13756231,6.743064099,9.341866991,1689.333333,0.667238585,0.810504134,3.279490549,35.75133733,-0.354004243,-2.669483388,1.182427034
6651,9.662486103,6.049582103,6.549601209,6.994688195,1.068646767,8.07221022,10.61277974,51.26190476,15.53206414,24.71077682,2.676377756,53.02338105,14.91764618,8.082329317,1.009028375
6151,3.553255862,3.059049874,4.938362195,8.588934547,0.408136984,11.6341356,13.33284414,65.02777778,2.347195501,2.72467854,9.268567322,34.02152238,0.679669031,-11.59365559,0.653920901
5957,5.92716818,3.731617099,4.283870754,6.831187996,0.886994406,7.499243554,9.928630585,55.79814649,5.091252866,8.086765384,3.029579623,43.13272028,6.73091672,3.161861075,0.735959329
3524,5.928412599,1.436625929,2.475747982,3.14844062,0.724604865,7.431882822,7.72578944,5.149081961,54.7565521,232.8853893,1.125779411,155.8800861,3.351300462,57.65748013,0.875133276
2877,2.661953439,1.068406454,0.688747293,1.028334902,1.348812296,3.779092098,4.120656062,4.289462876,27.81133562,53.45187325,1.24099403,85.97227433,2.928620693,13.78563774,0.815188921
1929,11.3467749,6.754182398,3.582480362,5.474886932,1.195163585,4.732504166,6.766246132,306.6666667,1.22441204,1.640918216,2.299082464,28.74225364,-6.488592098,-15.53821437,1.146002872
1738,10.25278487,6.306216999,3.896566233,2.695819728,1.362248316,2.266422221,3.611572772,31.2540128,10.72232358,15.72944204,2.0064347,65.92509773,2.048547432,-35.12716327,0.670154162
6145,8.232804814,4.959033353,3.928700252,3.369604425,0.567713311,2.224359745,7.178069015,18.37704918,13.2963668,17.08389437,2.543299853,33.11258278,8.002467292,-73.08523409,0.984207905
4243,4.906240513,3.584039081,4.408221667,4.846082217,0.723908666,9.652032705,9.521121962,140.9332893,3.294271689,3.667672558,4.210647742,39.4684028,0.367093271,-1.480291256,0.570891616
9421,3.747130415,1.611219486,0.349682137,0.561228411,2.367689489,2.092416307,2.382039373,2.904756493,25.39784399,55.4688193,1.575842113,5.393796052,-6.088022797,-50.23948132,1.474667618
2325,7.656038305,6.218719029,8.781054993,13.14948373,0.750687836,10.55769462,15.1090532,163410.85,0.001968929,0.002424004,4.893163858,4.923982755,10.00328536,9.272938521,1.569634364
6943,-0.976991267,-0.828641232,-5.341985224,-5.981636434,0.495864418,1.582801624,1.056774234,-66.31642972,1.698518862,4.459677045,6.215387368,24.95926644,-19.88021489,-263.7896147,0.403374812
2162,-13.35490056,-1.942236298,0.832975884,2.173137347,2.096968704,1.573717955,4.174075325,3.104717189,54.92610157,361.5996411,0.933080346,158.553679,3.888204451,-12.88525017,1.132917308
3562,16.24530066,5.084752884,4.072955944,7.589680091,1.541205111,8.17908374,11.26535532,33.48092506,38.41539186,122.7335143,1.224227282,26.65494282,23.36796754,28.05011265,1.504669725
7879,-2.769162568,-1.295356347,-1.281921564,-0.073505042,0.880154421,2.933058021,2.983284714,-0.345728205,16.5258103,39.71095079,1.884082679,52.13679824,-3.509465211,-110.6932341,0.60063235
4928,15.58175867,10.95277938,12.40652617,17.112663,0.846270013,14.4011495,18.44910698,,0.970036082,1.340946288,4.964354626,39.79504538,1.411716779,-3.046218487,2.285042413
4403,12.36356847,9.640645472,15.31534556,19.01263061,0.682206271,16.78108346,22.35491587,330.7226277,1.411270003,1.529110179,3.634427775,30.54235122,7.225131832,7.515068103,1.538032113
6744,8.980478907,6.875404829,8.300921494,11.72061991,0.817825083,10.72582575,13.65186692,783.5,0.089136623,0,3.900839105,18.14569022,12.81791639,34.34499314,1.346448951
4893,-20.18179834,-19.78113855,-15870.72,-15945.08,0.001134848,-15888.58,-15945.08,,0,0,53.53726228,0,-34.09779887,25.43327516,1.455475791
7419,18.73597534,6.157002934,3.783803418,5.667971602,1.457663508,7.117890575,8.433878938,42.46883231,14.04514195,42.58522118,1.299716253,28.75568304,12.10112689,58.28016099,1.054539902
7240,4.623095443,2.97863391,3.953790723,4.85943309,0.82856828,9.801932298,11.0626595,11.77409163,7.160716929,10.96758928,2.258903308,42.3691637,2.179474538,62.636931,0.703777837
9716,14.72394616,9.581152382,5.614738227,7.88055004,1.6295929,6.641914445,8.541360594,,,,2.767961199,12.71862658,8.267889469,44.07732075,2.065308221
7131,25.51963531,12.07136707,7.146665632,10.59411142,1.576125984,8.449799576,11.4083768,859.1174458,0.685046996,1.322954619,1.580670155,32.764846,7.54627619,49.12163339,1.271907843
6254,29.71628578,9.418454582,10.58493886,15.95285353,1.028465146,14.25944982,17.66852893,8.093618997,45.5572962,140.0673546,1.381467202,13.39459548,31.9610943,44.36969748,1.462147178
3231,7.380371885,2.060844147,9.877408472,15.70116599,0.306858714,12.85455587,18.45815548,7.504763106,57.59546842,234.9030031,2.471709328,118.671677,3.1199853,6.102608013,0.998714282
3462,5.320440974,2.716545911,27.50484066,31.62647918,0.098686931,67.02014893,46.05557731,7.56407366,44.20855756,86.58385641,0.684230253,77.71989005,2.756854517,5.084160446,1.122679384
4307,24.22996906,11.3266437,12.25946735,17.1577889,0.826255865,18.96960433,23.55281618,22.61330346,29.1893062,54.41029764,1.751380062,13.97609903,3.836368178,10.59467022,3.508075131
3940,11.44846434,10.09921858,12.15518542,17.65782493,0.862571239,14.24637874,17.96184083,,0,0,7.899087529,1.3848178,1.400421067,13.97198877,1.629894791
5331,8.284603639,6.265379806,9.363737679,7.3917008,0.690252534,8.668278068,11.10781433,319.1875,3.301867764,21.86868653,2.438659905,35.18272802,0.195777017,-4.631185808,0.739992827
7744,6.847606292,5.183930974,13.12246798,17.54275601,0.396639198,18.76483564,22.49817569,32.98895899,11.143215,14.71939914,3.618765936,5.343277572,11.90549939,5.888011341,0.903393183
5943,2.400932068,1.416588295,1.662468015,2.128691555,0.876785149,6.051997288,6.094066291,24.02793296,3.49233929,5.919058783,1.748946664,29.33940416,-0.076655259,79.43262411,0.773075831
5243,15.30725003,7.17044172,10.64023683,6.185116679,0.835406495,7.434899355,6.350355446,35.18447802,11.10612804,23.70903851,1.921441942,0.12047318,25.02928525,384.7153887,5.061260584
3541,-6.180488748,-2.147348741,0.131910353,2.168426728,3.196740743,3.116554073,2.954468854,71.71982588,11.46213235,42.08965322,1.303300168,7.332341332,15.74545207,98.84141926,5.149624372
5257,9.171838894,5.657905328,3.484997221,4.835525028,1.698534107,4.048724656,5.889143382,45.11223781,16.53309077,26.80123405,1.912513879,53.05425578,3.936346815,-38.51351607,1.327521884
5079,6.048612252,4.238797904,2.084158658,3.125809081,0.992077027,3.898917694,3.336415997,31.76837828,1.669762115,40.66095102,3.153640825,13.47615696,-20.09557831,6.09055021,0.794492043
7919,7.397567802,3.055865819,3.583546938,4.735808442,1.360263009,8.324440976,9.00961006,62.66769594,22.4658096,73.46684328,1.070433499,119.8664235,2.918869589,11.11372332,0.821326409
5237,4.224430603,2.886948653,5.268792627,7.652766035,0.735264636,9.548738634,11.34141372,500.4745308,0.035820281,0,3.048194523,51.04213645,-4.857308034,-5.634965702,0.644170912
6255,7.349274347,6.159068663,14.29548868,20.71236342,0.653391752,12.55995851,23.17797049,,0,0,4.891629496,27.77691232,-14.12881053,-21.1723959,1.31435208
6209,8.160132181,5.348947404,5.140894681,6.932018316,0.765581636,11.27216156,12.62181519,52.71428571,9.168076897,10.87535713,2.949560544,34.79811366,22.91284834,34.71762693,0.604278663
2327,10.63165029,6.43747073,7.995838026,12.01178832,0.839486781,11.00203665,15.59853503,158.734375,6.786851952,9.903014477,2.725605202,17.1212185,8.907324422,15.41695069,2.000865013
6157,6.901713683,6.371294377,13.40990278,18.7387354,0.481214729,20.52886782,25.57035295,,0,0,10.60016894,26.2928319,4.322189331,-5.360488859,1.00870151
9110,13.63664295,7.706947088,7.526434068,8.173947488,0.86161047,13.53876997,15.48737308,12.05184744,29.62896078,46.43967604,2.591967871,97.67786258,6.138138138,-6.37933429,0.762601606
9759,18.89462442,14.0774714,10.94247201,15.63210287,1.218734807,14.22938835,18.06366023,648.0769231,2.131845057,1.683576599,3.696570458,7.873501839,6.446579698,11.00131752,3.071520609
6471,3.109467628,1.661032042,1.571798506,3.530082205,0.63287311,3.461295623,10.10899159,4.25912464,26.97994249,34.77731625,2.113113236,52.94337966,0.988759829,15.59930944,0.706990699
9739,8.615236912,6.466723188,7.319900856,12.22515391,1.09523184,10.61605501,13.21859759,,0,0,4.1760707,16.29863896,-0.538778107,4.315196998,1.182548941
6472,-5.07928738,-1.381206761,-2.882797331,2.781051543,0.934621326,5.019458882,7.940168632,2.560214095,43.26006364,147.4320164,1.263537453,109.0975452,-1.279228971,-18.43404739,0.859576273
3850,15.82962041,8.712954216,2.885258989,4.664054983,1.325484012,12.03506753,12.46822537,5687.938144,0,0,1.577788713,5.579494238,27.77681163,46.60569279,1.823932248
9432,10.52072442,3.476473428,7.296869175,13.46049432,0.446683716,22.10041105,26.02575739,11.76737303,36.48574194,169.2808759,0.944174922,113.8406883,2.468550575,-12.55383839,1.020288882
8956,5.761098162,2.744780482,21.45221392,24.81032573,0.127085362,66.70623059,33.55078114,7.275394899,47.88958315,100.5168141,0.944361604,18.04679017,65.46333159,0.152125478,1.17488837
5033,19.27364158,8.663513209,13.43967076,15.5726527,1.064799373,15.81239583,18.07824687,11435.66071,0.117707001,0.730928034,1.60442155,2.335532022,12.27123638,92.72986093,2.180177078
4565,-20.54199387,-9.030500461,-42.30964038,-27.26996454,0.204065461,-3.751477292,-12.52743542,-9.401629802,41.35363815,94.06856075,2.540857143,12.22191255,2.705045951,-50.55928412,1.099761918
5618,-34.3565302,-4.84689411,-2.266351752,-1.571195765,2.219587267,-1.834245429,-1.265280178,-3.198511842,62.60126692,443.7403146,1.671132683,27.30264343,23.14952879,84.40253168,1.713415454
3143,19.85526616,6.266784429,2.337071388,2.970029074,2.622545504,2.34303982,3.207180384,25.92503009,29.32318529,118.5878203,1.857741274,2.446604656,23.22807076,21.29462847,1.008391705
7670,8.573567952,3.998254038,2.564250317,1.786331681,1.473096716,1.32534286,2.280454074,22.96296296,8.203841117,18.18607263,1.519279554,16.97865968,-2.298413771,33.19011815,0.741180327
5576,10.18688411,7.861773275,6.314429837,7.322313538,1.215310057,8.349169963,8.176138194,,0,5.697414316,3.742440301,0.518341409,11.42388605,-4.820228824,1.087299537
4979,12.3757376,6.239948537,7.286384977,10.80125196,0.887857609,14.23161189,16.79812207,20.18128655,26.33215396,52.22476211,1.524826592,23.54473446,7.311994089,10.78651685,1.048498712
6877,9.670884038,6.942116922,10.96267955,15.72581953,0.602840137,13.66687202,19.14172692,510.5263158,7.708754695,10.63153234,4.112305499,30.5475427,9.382702914,5.480643758,0.91366713
1802,15.73604894,5.989986782,5.57428893,5.474712616,0.864449341,5.982784633,6.794432734,30.35830688,12.27933816,44.27871478,1.245020153,63.68056845,12.68466455,80.69965483,1.065914646
4733,10.70659365,8.005943048,34.44326339,46.27335797,0.226907138,35.36944334,47.41157692,,0,0,4.064400614,0.76562359,11.9890195,16.31657799,2.815234083
4684,16.64561484,14.43257557,53.30006598,64.64698119,0.251916803,53.0765424,66.86324645,,0,0,7.130670563,12.93488533,8.647728291,10.53010111,3.921108712
3096,9.551310433,4.397891641,1.152774558,1.924087563,3.775700139,2.275237854,3.037375778,80.47907767,13.72783709,24.26514668,1.231380516,88.08663474,6.00954851,-8.714412839,0.990230864
3166,5.093617021,1.708950216,0.889105258,1.194868641,1.717025957,1.843121178,2.236855591,34.12195122,11.55575861,27.4,1.17242606,67.65957447,3.279642926,-34.41162682,0.914735077
9007,9.068385057,3.33633079,12.29216939,12.16702153,0.324957747,14.13011592,22.63189023,10.62822897,50.35488707,147.7133544,0.409768508,216.0335956,3.138564844,3.169508526,1.023818656
7314,2.324517803,1.324261782,1.259241226,2.028944784,0.892955074,1.504453174,3.271725596,6.103661883,18.13213863,31.82790567,2.171134122,17.14235948,25.57987136,-60.18332856,0.95529339
6149,12.49620785,9.314845603,12.69500751,16.72668332,0.69129447,16.51803416,19.29221694,23466.6,0.01426183,0.019132769,2.810142337,34.60034722,38.42374156,162.5170384,0.760990802
3839,3.050955314,2.078630328,4.069082332,7.974160407,0.721225898,14.6156916,16.89127962,94.44080512,12.36386994,13.62919076,3.267580845,3.092194514,10.31767242,-9.850099212,0.816186301
2533,11.84356262,5.235080611,3.53874244,4.720985964,1.524344634,6.128038343,6.965651033,31.34090909,4.630708196,10.47626322,1.1089664,91.7885651,4.192428422,19.94781096,1.028721939
5890,14.93409257,9.599671696,4.146292996,6.154782753,2.444461714,5.551965369,7.810400773,550.7140418,0.555658752,0.864431566,2.221957571,17.86731856,14.00145157,16.54686721,0.980740955
6408,8.57013728,3.226767064,2.646502836,1.059056642,0.9184412,4.215728699,5.3886624,1.5,40.01871823,96.05671996,1.408883053,73.34613864,0.95651974,,0.725243894
5218,3.39657462,2.637229849,5.989824151,6.209466033,0.437821689,9.485700506,11.2001129,30.40202989,8.371993102,11.96688635,4.034897299,34.84999005,3.534624511,-17.60342469,0.632259617
7628,6.239972333,5.017438143,3.804777982,4.448590172,0.840646025,6.326132288,6.906988899,239.3381285,0.517076521,0.551795987,4.757174084,19.67151683,2.050746148,10.24741613,0.674867995
9765,11.22917918,8.260001175,7.372956049,10.70221681,1.009067404,9.196560255,11.80375527,119.8852987,0,42.5278945,2.928280929,24.22955403,9.770220431,5.115169607,1.173855273
3943,3.258306538,2.277836056,4.01958697,3.853523526,0.890190281,7.958271237,8.124334682,50.27777778,2.401468605,4.48017149,2.457369255,47.77063237,6.92496813,-16.74333027,0.70814648
3417,7.850666322,1.726021566,0.7551824,0.792383503,2.486866545,0.751748452,0.903128327,39,10.0773269,39.43402923,1.136486645,26.03659127,4.419696349,35.46966732,0.85718463
1844,8.910503188,4.388497695,8.047698873,12.18333721,0.536722542,9.621651183,13.12060414,23.24977049,35.67563026,95.22181128,5.350587873,13.67327953,7.725354463,26.31410432,1.27493624
2917,-0.024279409,-0.011826895,-0.446363302,-0.40407689,0.83656178,0.33740705,1.034557483,-1.31864179,36.88781186,65.08642611,1.803516649,43.92667358,1.262908922,-124.7378569,0.702293923
1793,2.095217539,1.489559928,2.550933059,2.589453861,0.731466021,2.724990013,3.329909262,56.71875,3.288211761,0,3.541625033,12.58518085,-15.61281002,7.651245552,0.633604296
3953,-1.382204248,-0.978313618,-1.848575082,4.615771878,0.810319911,6.259821539,8.107824146,72.86975013,3.293001259,4.396972568,3.725567909,41.33643951,3.52580556,-19.82240993,0.701325047
9936,10.87448477,8.150675942,7.269010114,9.823205714,1.153919302,10.26001279,12.6214729,294.7837838,5.048108474,4.714566664,2.691399663,53.33656618,9.498920129,6.0270244,2.084735995
6822,18.20629395,5.430126889,3.61469414,5.110666486,1.22217623,5.685309799,6.963825069,13.50092768,23.38344039,88.24814839,1.59446136,43.24312906,3.302235462,61.52821636,0.782176693
7481,19.45288754,7.451903993,2.35795264,2.989367411,3.247378174,2.464446233,3.474039042,1782.5,0.780650454,1.75462835,1.309734513,46.8292346,7.076023132,9.928501762,1.046976618
6282,8.157988003,6.65695526,9.33228803,10.26862316,0.717527436,11.78332643,15.39553873,694.2,1.454568824,2.073953507,4.395302312,30.17208564,-1.688358904,-4.799780581,0.887144191
3182,14.67971238,3.322582563,1.42065318,2.681936963,1.839984476,2.842478194,5.000214836,8.963446475,38.71094795,146.8430903,1.159210154,88.86627048,72.50350385,33.91847084,1.052915906
6428,2.565806101,1.205712531,1.22465622,0.465343411,0.496674276,4.26199198,5.944315105,0.843305973,41.04639153,98.2007239,2.077435739,93.3085243,-5.981783481,-90.79212733,0.719474933
3861,2.439318802,1.019988387,2.496723021,3.660158852,0.728413443,7.447233061,8.757213681,7.903549743,35.45287909,85.35492057,1.091613902,125.3738347,9.019565305,-6.769879203,0.792721684
5959,5.30959152,3.864518405,4.710570831,6.827890708,0.811031083,5.010178044,9.56736145,48.60204082,8.008938022,11.00374871,3.17196718,36.15078852,2.878801286,16.7115903,0.788609027
6294,9.26762921,4.43853907,5.549535131,8.574270166,0.759472113,7.489574312,11.02839261,13.45336442,35.40784222,87.3833729,1.562511554,56.91711626,-1.89345514,-16.20245216,0.946978757
7746,-3.033009905,-0.63017366,1.899192519,2.692419958,0.562355086,8.655900259,9.76427643,2.031768267,68.32698801,305.0543142,1.349228539,229.2152045,2.251967837,103.9419456,1.253437941
5122,5.533240777,3.5727483,6.116931086,7.975656924,0.752482827,8.480665768,10.16983328,263.6969697,2.438857487,3.518551883,2.418405738,23.12282078,2.811831554,-13.33532517,0.953842036
6125,4.001183344,2.42949524,4.627978232,6.893949787,0.68889799,7.376411945,11.65454795,21.38297872,17.69355128,19.6657052,2.3756667,41.73507877,-12.87700705,-50.84773394,0.763881841
7994,13.1374127,8.21389977,7.00893723,7.610475412,1.058197551,7.156142398,9.768954653,79,12.44866946,20.22220662,2.598849655,46.91292676,5.441593054,-0.420168067,0.997823908
2938,14.65436639,5.696493906,5.715094073,8.550007073,0.878780721,9.560050927,12.47984156,11.19259259,41.88655472,212.9090569,1.513625474,62.98073926,8.20450023,18.55629659,2.075508791
6492,8.249312557,6.772009029,11.7756209,12.28946617,0.581974249,7.897992197,16.32886098,861,3.946918394,4.34963753,5.063365282,20.39830014,2.915901579,-12.73648649,1.113173981
7485,6.147345258,3.047153114,2.639529873,3.500511346,1.241200226,3.371333842,4.056588918,11.70659722,16.0842779,32.44852024,1.539693028,16.24098512,3.031832007,8.263312818,0.672609326
6926,-25.50319914,-12.83550886,-17.77229275,-18.40821557,0.617182576,-14.55577759,-14.76815123,-19.13846887,28.4893886,67.48424547,2.473538619,38.21109332,-32.98688027,-583.4176904,0.832979768
3892,5.749629105,4.395890242,6.931477483,8.961276402,0.655247866,6.740203981,11.38628421,,0.228544333,0.072726722,3.488761592,21.47417545,0.094806631,-38.60927995,0.629985872
9063,10.30677742,4.930589028,2.49690859,2.365564406,0.793413989,6.081710863,6.81303818,5.983437112,28.43427175,58.43889267,1.003957963,126.4977461,1.732684779,41.65473344,0.663255976
6703,12.27457145,4.350735464,2.758273162,4.117076319,1.084555422,6.067316894,7.427446144,8.138051551,25.7459881,75.79959771,1.388557536,41.38754831,7.254405553,-0.347723747,0.852967557
9436,13.49657665,11.01753674,14.71048699,21.61799938,0.72112864,23.40062149,29.42809023,,0.008455516,0.017608734,4.206010864,43.06060512,8.108731889,2.878591184,1.857970099
9511,5.162454576,1.247565604,1.827597869,2.977509089,0.471940735,12.04574279,12.8950706,3.656801661,62.17237713,264.7593464,0.693205531,325.8378173,0.061761297,102.268811,0.853031624
7350,6.991166584,0.36025004,13.72806638,18.28852969,0.019565487,21.13752269,,,3.360241312,63.29832973,0.171241932,11.64043568,9.486495183,19.22686803,0.966845049
6103,4.675164835,3.567116525,4.637320981,7.084352728,0.694101104,8.908626742,11.58870913,164.6292135,4.001100051,4.395604396,4.31944217,23.92043956,-9.286209286,-42.23308626,0.893498545
1833,6.261140317,2.821082381,0.913078177,3.263340733,0.766424746,2.228541154,4.655592143,12.05947955,17.53696635,45.55910291,1.37817417,36.75684213,3.496838408,-29.01013932,0.952509212
6229,7.267288542,5.693214526,5.30174417,7.507666745,0.810358996,7.995429891,10.42358293,116.3923957,6.099426678,5.15042472,3.804900038,37.07934213,10.05449764,17.34538028,0.670625489
4221,6.046054613,3.702337859,4.402363313,7.138406148,0.841107072,10.75492165,12.94744859,106.6551724,6.538047223,10.67687285,1.52746679,55.34794529,6.732190364,35.50930997,0.920652769
8217,0.356556605,0.205071853,0.10488611,0.743701886,1.942416729,3.199620035,3.28036255,9.941798942,17.38003297,30.21850865,0.851814796,104.6648368,1.001399161,41.49096386,0.700974895
3808,-38.93862562,-8.407256347,-57.65292862,-48.8885859,0.148746828,-45.78037588,-43.52985288,,0,0,0.437863306,0,53.62023825,59.81409879,2.278262668
2689,10.05665393,2.686885622,1.165501462,1.613622866,2.754004218,1.475813896,2.132278306,52.55215522,6.422649133,29.91782475,1.238144649,44.91267161,3.489682159,-11.08055746,0.991528235
8289,-18.03247555,-5.874891721,-3.869311409,-2.416536773,1.460984885,-0.148741302,-0.232280938,-4.972746331,45.28059646,138.9849017,0.596383949,129.5128668,-0.486632805,-4844,0.836538231
7733,11.28060096,5.918373899,11.81151312,18.65356772,0.672273598,23.28211669,25.31694561,38.5890894,20.34908635,31.63636557,1.597332619,35.04036673,7.732092396,24.57595907,2.007429561
7614,5.214336968,4.038565412,2.669568511,3.663239271,1.556702947,4.221158465,5.100769917,143.9856651,3.485127701,4.499773646,3.749433886,20.29346249,7.910160817,-12.12651836,0.664387682
3111,-31.318395,-3.799228776,8.805400646,6.95626651,0.200152744,-16.08453185,8.423833284,1.133971292,47.0510146,769.3144723,0.250859107,1408.161045,12.55368352,,1.004799432
7699,14.2369721,5.159496593,4.482861788,7.960113433,1.68713824,5.764895388,8.621864604,5.069853484,36.56631116,133.8836401,1.553507532,30.47553881,26.47327313,37.87365439,1.136186077
6645,3.03490805,1.720235866,2.029428016,6.739981017,0.590279693,4.949155164,10.91208889,,13.52653493,29.66063598,2.311938718,23.59159719,-2.077285069,57.35251296,0.922813106
9160,12.43025804,3.192572936,5.701395189,10.12400881,0.576268384,17.67981922,21.48347319,5.089353122,47.88676728,186.4467581,0.389007316,173.4086685,14.19796319,69.87784406,0.942546303
5816,5.457319771,3.593715643,3.408328526,5.851440846,1.081925934,4.101641782,8.182924425,54.99503024,6.054837469,9.19471308,2.797550043,32.11668613,-0.808807789,18.91972846,0.745228429
4588,-51.45162375,-45.17347805,-7209.588033,-7090.548588,0.00736221,-6937.826666,-7089.700834,-386.7153229,7.024308591,8.000537004,9.54780645,0,-9.042824369,-20.37970671,9.014960287
4564,-120.9209572,-76.3197464,-108.69771,-106.384658,0.7417119,-106.584112,-106.384658,-664.3930058,4.420608326,1.273468649,3.373722303,0,22.93490767,28.80650322,6.952987286
7360,-23.44001629,-19.28004228,-17.54241259,-25.63704196,0.609128346,-38.58599647,-24.76154669,-318.4094828,3.166653426,3.587558344,5.333011897,4.712968037,-48.08513935,-160.3833683,2.014359282
4377,27.19968054,18.78965284,19.80481283,28.08836941,1.104526854,24.06325601,29.91021311,1961.482028,1.681177553,2.433652861,2.684002917,4.904989983,40.27615602,64.19495628,6.065924906
6168,19.88405052,4.07700001,2.707579278,2.303724624,0.73176469,11.26914613,11.42150941,4.178722728,58.7290192,287.3670868,1.322320014,262.214681,2.65248146,,
3290,7.43081742,3.402978589,25.96067242,30.29289574,0.131288877,72.92713895,37.20927284,7.086472777,48.30520129,105.4802791,0.99596101,10.43641502,92.18794962,24.98271367,1.07748699
5622,,,,,,,,,,,,,,,
5987,4.44617155,2.683296405,0.057209846,-1.120648064,0.574583827,8.312386733,7.419509448,-3.227700199,21.80708905,28.01256387,2.584069926,70.46910211,1.727770856,-205.8979729,0.745778886
4528,7.975451498,5.864784041,10.27931423,13.01864354,0.492357338,10.06262439,18.54248867,38.76697248,13.78493035,15.90259326,3.068889249,13.51151702,-3.143401662,-61.24748565,0.966738452
6858,2.42138172,1.802747478,2.898231712,4.329004329,0.627500633,6.581554039,9.567833297,32.77777778,5.558851718,7.46643781,3.676374346,42.90443205,15.46086073,306.8965517,0.544213163
7414,3.601096656,1.713925461,1.796706651,2.504578182,1.313101464,2.877819535,3.923263049,29.10683761,27.72727717,59.4340107,1.390321267,87.27242856,-3.543749756,-17.14111922,0.70534028
8016,10.7855708,5.334446658,4.262596916,4.900677353,1.285437831,6.552676475,7.26127937,21.97916667,25.98627017,52.54092405,1.347562663,46.39269992,13.6333754,14.30119177,1.092654355
5886,,,,,,,,,,,,,,,
3160,-0.396124165,-0.091710655,0.698747716,1.083237511,2.911600595,1.836629604,1.928247544,12.89991889,36.67055212,174.9025019,1.040208349,130.2334371,6.20508752,-25.18359735,1.069160974
2705,27.05961152,10.13123798,3.903138442,5.295523339,2.742125726,5.556794647,6.888641071,110.8,13.3745716,38.60355824,1.325,90.86941927,12.51523625,0.910746812,3.691254432
3926,-26.38365907,-23.86986766,-5.017924575,-4.243438259,0.45961707,-2.976244429,-3.035868275,,0,0,6.653574372,1.136615524,-6.088654901,40.42774256,4.028473715
6572,6.930927731,4.15765146,6.027549521,9.048072205,0.368415094,11.57126949,14.77278877,18.88464205,21.42017114,38.4178235,2.605515184,1.399125873,17.17147258,25.6877347,1.180021212
3288,19.52304479,7.447303508,7.585278818,10.99582874,0.98524957,8.247059923,11.15051809,18.94016872,51.02128115,139.77424,3.179373044,5.684288698,3.104213894,22.54093543,1.228482416
2154,16.69055623,10.72354159,6.681954095,8.31692861,1.571075112,6.603211424,9.596497015,83.59358289,10.34131473,12.65935181,1.220769508,6.703875182,8.502814259,9.32997622,1.567800978
5139,12.18747229,9.957325053,17.98753647,25.77147107,0.594709396,20.46646793,26.12385439,,0,0,5.319569092,0.38883472,31.38632201,16.8747375,2.783063554
6914,11.75055679,8.571725653,10.01092929,12.37742494,0.879610652,11.55013813,15.60004857,101.925,9.517929789,13.04766147,3.733400276,19.00757238,4.123662457,14.50638955,1.453068079
3694,14.67723776,11.08847727,11.13685416,18.47097849,1.01849541,23.015762,28.96084886,2357.475271,0,23.73321587,2.249192813,4.740448805,3.292116269,0.727075001,3.447003377
9268,-4.774891957,-0.713618321,-0.17967079,2.622523947,1.809982932,2.584209058,5.835022784,1.394382911,75.54195486,622.2045064,0.999286012,173.0751479,116.9098068,2.322206096,0.987984866
6664,-8.049889056,-3.667688181,-3.337401757,-3.762902947,0.544846811,-8.818182516,-1.287179121,-4.083090332,46.38989761,88.91487358,2.556614483,42.52034591,6.779257231,52.09925924,0.69302275
6235,5.157894671,3.435616658,8.740542223,9.847712222,0.404106034,10.0414113,13.39598856,16.49067054,6.274378413,9.419730489,2.855687794,23.54788934,4.491317413,-49.2480727,1.215106331
4716,38.36547919,19.84715695,23.04466624,32.95207013,0.80269647,23.42605594,33.42985086,,0,0,1.334850251,21.27308606,7.756540799,8.783402864,7.318418877
6533,12.5651629,5.054721806,5.180298505,8.798229397,1.032601078,7.810366749,11.1359114,21.73053789,32.7372289,81.37908077,1.390348385,22.73850557,12.33356582,3.995517309,1.217445612
6368,23.30174951,14.49772629,14.79154034,19.06118124,0.865921151,16.19413361,20.24021707,126.5081301,11.69468508,26.2385488,2.552242978,17.78946324,8.588283806,38.0394766,1.882774414
4800,17.69545179,14.41963599,20.18042175,28.2395759,0.754892213,24.43370544,31.19661223,677.2039024,2.832737673,3.158678642,4.338928436,2.841934025,2.415367856,-10.81946741,1.6905835
6380,10.98558734,3.958207381,2.473886643,3.517927806,0.825530383,6.770696822,8.91645131,10.23427301,40.75861726,106.6555919,1.399400256,97.82834771,-0.657120252,-29.3595742,1.130420991
2498,13.73408586,4.998595441,4.004693017,5.89547928,1.330242437,5.027648779,6.867473222,26.37537471,23.77810785,97.78578663,1.292028456,10.72970527,10.52752669,20.5299132,1.124737185
4661,13.09176925,8.895247271,18.27564788,25.33391034,0.486355189,27.34620401,34.96365772,119.6884562,18.55586397,34.52683015,2.227240739,83.96145724,9.843442044,4.034139678,3.675958708
1786,6.508933448,4.301699023,5.75496104,8.419438291,0.857864276,8.346629901,10.74465943,286.0526316,4.540180988,9.756573301,2.978387321,24.80104549,-4.198450625,-16.8324407,0.958196656
6513,-5.596340538,-2.940765846,-0.290762771,-0.856366475,0.624514512,3.692408408,2.493198153,-10.27882652,5.777172759,12.90300924,2.884259158,45.83355058,2.12063579,57.6939107,0.551649421
4642,6.853948304,4.527564472,6.357365232,10.82531141,0.838751098,10.73468535,13.5614154,61.7,15.41841518,23.34080966,4.308680879,5.886140817,19.55809945,8.970909504,1.105584125
8954,6.683609507,3.272584536,41.25171071,46.30662877,0.081221472,60.72042671,61.28539846,9.189415042,45.54378131,93.01420526,0.502659013,65.47555086,-31.87832427,3.045447447,1.26334207
3983,18.31330659,13.57610858,22.83037711,31.85849751,0.600767494,29.63172757,35.89999847,199.2463866,4.564545525,6.157281461,4.373802377,7.795540705,5.173214606,-2.703456784,2.595798245
7827,5.448267581,2.472920616,3.338601367,5.213549197,1.007569692,8.230403608,10.10849248,21.26458629,36.10590416,81.61864525,2.307190334,93.93245636,10.4422031,13.6084177,0.755553905
9532,10.56789638,5.576272643,6.496508732,7.768512517,0.669514802,15.43953922,14.27898922,10.48343334,30.38314027,50.66076739,1.983427895,84.53825629,-0.673579607,-6.851728434,0.876171164
4187,14.36152664,11.20289545,18.99188133,17.06065934,0.58645131,21.89461108,25.39986347,850.7034236,2.194065721,2.41537552,3.369974698,33.86001317,10.90829333,34.24664311,1.469245878
4046,11.27413662,8.465910936,10.71302653,14.33104507,0.633442373,15.66045171,18.44162847,107.96875,5.45814792,6.713267354,2.960522543,25.34344937,1.985046057,31.50632791,1.576791536
5449,-0.07628792,-0.058480969,2.772624201,4.505084862,0.57039552,6.782965712,8.615921116,16.13846154,9.000172003,10.69954099,2.696698779,52.46108675,-0.600203198,-23.97448906,0.76586107
5726,11.62986134,4.91064828,13.6572023,19.43599029,0.532705342,20.49736102,24.94895404,36.55797101,43.07413285,114.6178626,2.210078931,82.2914235,-6.160297892,21.71290712,1.275608187
4124,1.093630294,0.969738663,-2.725635232,11.80647396,0.622127659,6.798893788,19.03691958,,0,0,5.47741673,44.23772481,19.33754602,642.1246398,1.654259659
6644,2.793667687,1.462497388,3.608576548,5.87217565,0.990058831,5.993697349,8.153282116,16.29142857,9.021718584,11.04543986,2.036491108,49.88882343,2.054715335,-2.944680851,0.732868319
6136,9.272061589,6.262630791,8.924224407,12.65790473,0.611934356,18.58995511,21.1743318,89.17105263,16.79348821,24.40767206,5.880791812,52.04798354,3.28067028,7.748158355,0.981182812
6757,4.302074685,1.650184006,1.30343632,2.526923561,1.272657503,1.960572789,4.710691601,10.39105752,31.1712302,81.2642468,1.52336997,68.86807479,3.219118036,55.42897507,1.227682204
7555,2.208796231,1.369871508,5.746769769,6.559774737,0.437771735,13.25157659,13.42837315,122.8378641,5.25832476,3.556992538,1.920584414,55.30933049,-6.926208891,14.63220172,0.830568642
7434,5.966378047,3.471444361,2.591634494,2.964191822,1.285918052,3.127172013,3.448431483,265.6867699,0.270341097,10.39256978,1.853738432,32.36640357,5.567879004,6.659505088,0.678144997
5939,6.655441409,3.57610427,4.673291878,5.991046686,1.067536354,6.048342024,7.724882621,90.97616301,6.306423967,19.13176351,2.351286183,36.11431122,-0.153244404,12.60379837,1.093174279
1736,15.62953677,10.0880237,9.146304402,12.80714604,0.945529106,11.50528363,14.27521551,136.0372161,6.358197944,9.142853977,2.145422493,17.47807158,6.97848468,98.57095913,0.983867898
9149,6.418191853,1.202067283,2.023250924,3.550264802,0.598163966,13.84443403,15.37990514,2.968796615,68.19859564,364.1324217,0.411722844,451.994371,7.833702396,,
4768,16.30714844,8.607601376,4.861160985,6.79956244,1.847607647,5.831911466,7.505645261,1342.447761,1.051470519,1.992016717,1.875759735,9.078828578,19.42125258,21.19872797,2.105666797
4578,11.97157422,8.651474356,14.70906787,16.70522647,0.62213687,21.4057561,21.41045457,57.43406211,5.431128831,7.515385153,2.165238309,22.97085425,5.9673517,3.926662652,1.377920478
8041,14.09647026,5.552232192,1.293088674,1.457331216,3.830453954,1.66756167,1.707551158,20.08661417,27.17957239,102.4412881,1.4792962,29.01420335,5.070573865,63.36855588,0.798947613
7727,7.702036524,4.988935523,6.843097973,9.453012801,0.627746577,11.02462865,13.4014329,28.23474188,6.690515791,15.10922776,2.953481617,56.56620556,4.884025861,-3.618006289,0.71143975
6521,-11.46062323,-3.642249375,-5.359102975,5.405625059,0.608891789,20.5955484,14.21479219,3.329219445,51.05644016,160.6530921,1.178073512,125.5419555,19.60180115,329.6527921,3.195189785
9755,5.55698152,3.990231765,5.676083109,5.461099823,0.708467997,7.3461362,8.156256145,43.39583333,8.312214901,11.57597536,3.832430619,20.67505133,2.96956199,-6.171171171,0.862795585
7487,2.780773038,2.013557407,4.000288048,4.211197206,0.399621153,5.490056567,7.789872408,23.28280861,9.729616605,13.33227651,3.606247986,22.79450685,0.936459546,-18.5202854,0.801046675
3559,9.62638361,7.642022396,5.160604207,7.208822615,1.302559658,7.462379241,8.384061474,,0,1.741530718,4.342332522,0.725782927,8.175449789,18.28257974,1.621643646
4766,18.41619494,6.858524512,4.743744013,6.307988109,1.477758719,6.619352591,7.31130115,19.21202532,41.52427553,111.499077,1.4329666,34.07253456,7.666458909,89.82043952,2.750438063
5541,1.157458932,1.086426631,-12.66034156,-55.92409867,0.180993921,-19.90891841,-53.22960152,-1842,0.022285674,0.023742747,31.30894309,10.79256258,-15.11500548,19.27248822,0.521810741
3021,23.35036981,6.364110455,6.539654531,10.3987868,0.70773461,42.77946121,45.11797644,12.49746268,62.08568804,263.2450547,0.571540684,276.7949425,17.02318621,27.99707002,1.25572545
3950,7.823681442,5.780524316,5.841454545,6.989575758,0.993956743,7.263030303,9.854060606,1029.714286,0.45388247,0.614309648,2.379128086,39.41971765,1.64003903,-10.06862133,0.949718213
2726,21.20192941,10.76865091,7.547378826,11.57457904,1.498188735,8.71651101,12.92223396,171.9367089,8.020863729,15.79193048,2.19119499,16.98284839,12.93347769,14.82796517,2.222163397
2778,1.354909243,0.343279615,0.151981716,1.351730485,2.124927676,2.147413673,2.353774494,8.062984455,26.34952932,104.0004102,1.299585888,37.13203386,-6.369849935,-11.43085792,1.042837904
3461,5.279305539,3.37096108,5.296588455,6.382250921,0.630442422,2.68996066,7.114992002,14.28001935,23.70368651,38.51043931,4.364886984,1.627592064,-17.73164173,19.31475508,1.319723314
8283,7.613611477,4.278327659,1.924421996,2.514777834,2.347470353,2.374469425,3.058756987,4979.666667,0.068173516,3.466136428,1.749693821,39.25796662,3.136464097,2.857339576,0.917445892
7532,16.49611572,6.635822282,4.028560263,7.223563909,1.493142237,7.454830471,9.577177426,25.34686866,29.29056151,68.32951102,1.195648482,118.1218885,7.239877102,15.76612242,2.54720509
6752,4.326326931,2.173732722,4.329451295,5.872489192,0.901995405,9.725715387,10.66936937,17.2911648,16.78487575,37.77494605,1.347674944,46.51061334,-0.450013064,20.03209195,0.920893845
9388,20.17769787,10.82295666,4.771402957,6.879560371,2.387693545,5.401144979,7.85440199,107.6234334,14.02679728,19.77178343,2.2424207,28.26305336,19.49088152,9.392330663,0.598427915
3641,1.629762841,1.137968922,-1.040081177,-1.959665145,1.156181258,-4.020801624,-1.902587519,,0,0,3.20437365,0.337192312,-8.192139738,-267.027027,0.889548642
4809,9.774292272,4.129209511,11.59387408,18.53091322,0.375162258,15.96710153,22.1554169,10.02147239,52.681764,129.4376435,0.95096463,209.5543229,7.631257631,8.107213766,0.985057233
4666,16.85150673,4.669334266,3.918821768,9.248143625,1.249599663,15.07110358,18.30991117,10.42547877,48.71718175,169.0721335,1.656177613,158.7546974,9.504924335,-2.935476369,1.590739501
9845,8.814415998,5.593050172,4.016339589,7.014311423,0.987419964,7.519924587,9.440968949,48.14705882,7.398834258,10.81859136,2.69988726,32.77661795,3.367634683,7.815587267,0.603105235
2168,-3.2526049,-1.645151134,-2.799767171,-0.400012935,1.086384883,-0.953951623,0.599857716,-3.737160121,12.24811083,28.76135707,2.153793544,34.93826795,-13.31331836,-118.2018835,0.799138701
4426,0.27588976,0.175978941,9.909218166,-11.77889869,0.429479927,3.053033838,5.205041729,-25.61657033,9.177440371,13.40166072,1.26573384,17.15711435,-5.547528326,-1190.946389,
3840,-24.31320829,-18.50149802,-12.28052583,-9.24543614,0.914305941,-9.087787006,-7.248532328,-71.01840491,9.021095303,29.27664688,2.761163367,57.57530576,-2.858422383,-20.91851835,2.450077769
4015,1.50199766,0.713243435,1.404675947,7.147045549,1.149696094,6.279596714,11.60013848,24.17713946,18.57912935,39.70895967,1.585982705,1.296911904,49.32756122,116.4349228,1.733946397
4447,4.99033795,3.161390262,3.248747226,4.737310376,1.123017203,1.232049144,5.347660363,1522.036585,0,0,2.814633074,2.732012839,-15.23229479,-65.54168036,2.161902477
9629,7.950336481,4.357522731,10.72242409,16.24068486,0.473857695,13.16129827,17.75574306,,0.04574827,0.719912358,1.886493432,18.86900725,8.112887779,14.1853544,1.454226226
3918,10.39997651,5.902058081,3.684174654,5.120368121,1.584142499,2.553579262,6.356790911,302.5785492,3.239353771,3.69755517,2.22913103,9.199326649,-6.791377008,-20.47083925,0.96176767
7066,15.45403836,9.401981927,7.083277836,9.17282137,1.336654237,12.41307767,12.63960613,37.37131224,17.26457449,36.50494544,2.201437384,3.412133423,-1.692950087,16.53086242,1.802218728
6262,1.857096561,1.300104178,4.377920924,7.139005437,0.493396951,12.21201593,13.13020112,16.77516338,14.52993096,16.41750718,3.996687749,42.6128592,25.63905958,3981.925961,0.555698449
1893,18.78577946,4.860177609,1.712735965,2.982579853,1.177106095,2.260234147,4.205137933,9.205770047,25.05976922,202.7385636,1.277645798,79.80367428,17.77263691,-24.46564088,1.042551423
7865,-3.636056238,-3.374961804,-3.786841226,-10.77288687,0.784993679,-7.154313873,-7.074147762,,,,14.05475765,0,-15.80284022,-250.9158841,0.966113127
9248,12.56170621,6.370154332,3.40118302,5.836812804,1.172134282,5.484516354,7.180758525,20.64615385,17.44561915,69.03426791,2.147578728,25.52600048,15.49706134,49.86041318,0.859780395
3053,-3.336259877,-1.900316719,-0.78334364,0.295471724,2.495584327,1.243729815,1.77970178,,0.116686114,0.204858063,1.89423615,24.81709102,4.039176437,-44.87179487,2.22139715
4587,-7.276014718,-4.819418849,-20.24273329,-26.85825361,0.216106091,-60.43048212,-15.37678321,-13.7007822,25.00581442,37.75199447,1.661923531,36.73572695,-60.32002212,-123.2545355,3.089046793
4882,-52.92626532,-41.68152506,-751.6510903,-689.2635514,0.068538057,-679.6053998,-686.8992731,,0,0,14.2230391,0,19.89303002,7.291005551,6.180886578
2181,20.61824682,6.972377267,2.471820611,3.994865074,2.647406341,5.212515108,6.267683178,39.57337884,13.78105105,47.06301118,1.127048118,31.5303771,9.35218514,7.82836737,1.612719984
7140,-13.06422542,-4.836762621,1.420868357,2.529533383,2.731828877,1.961124043,2.632128712,16.99888401,33.56692787,106.1683318,1.808826435,1.552012397,-8.814240629,-7.518133541,1.167599452
2929,-14.59253486,-5.139859073,0.563898253,3.630095005,1.881884768,1.860251302,4.832975789,26.03296703,38.61452582,128.6134927,1.1932017,40.66857192,5.009091348,-53.67618303,1.428865068
2796,-1.586839423,-0.340731479,-0.579454557,0.464508408,2.064193197,2.002897273,2.815393336,1.657303371,44.63582369,213.5827631,1.104354354,104.9497743,16.60118239,-67.79475983,0.955924943
6523,2.49931163,0.664811205,2.899392411,6.062064255,0.659354546,12.03977953,13.76990152,4.165716458,50.56734312,174.0008049,1.229340827,34.15302283,2.173777903,163.7151107,0.97685047
3267,11.90239769,3.993809388,4.834842512,7.162259572,0.941542736,6.334969129,7.990375909,18.99394466,30.73970205,91.61082143,1.820638752,14.28564594,14.59365728,36.91272207,1.153625825
6190,-15.01077335,-8.871772718,-29.12524296,-8.770277179,0.60991771,-14.80457873,-6.941016798,-25.76896683,24.47223778,34.59227512,3.031001212,38.64799188,-10.13996797,-3084.853168,1.055936962
4379,12.16221229,7.509236507,8.620336661,6.829376811,0.923535408,14.74099313,14.83381898,416.5099099,1.882610661,3.049139616,1.555352313,48.4351443,14.29342748,202.8190786,2.089635167
9325,21.67303553,8.315693711,2.906852282,4.634191226,3.515305707,4.086533261,5.358749464,92.91007673,21.41124269,101.8549394,1.664138243,39.51378477,14.83679203,11.00286012,1.602576972
4337,43.72581537,3.088335774,3.507340946,5.81103126,0.469997047,10.66531458,11.66835677,9.482014388,17.20741825,232.960199,1.044542057,160.7794362,14.58812236,117.671346,1.324963484
7044,34.84056735,4.747410789,1.266826595,0.257691754,3.721854113,1.078322198,0.527690262,1.841213608,35.03512789,257.1177821,1.009916548,0.382869141,16.62615335,,1.804882458
2935,6.84938769,4.272204219,2.307432921,3.083000145,1.432766802,4.280071294,5.739679175,98.46153846,17.65094901,18.45941791,1.357775284,94.30101256,-3.509342754,-23.99049881,0.772360755
2818,-1.073134243,-0.662057531,0.51902878,1.59185051,1.064001767,4.462620121,5.694435613,8.926923852,14.71603144,87.76750897,1.044348158,98.55705972,10.28617283,-18.91037518,1.547113725
7956,10.33684287,7.78558971,7.851057983,12.05367775,0.999743585,13.06860859,16.26820555,153.0116279,1.950257975,2.589336324,4.223589121,35.79000687,4.798840368,8.402669083,1.970994536
6490,11.79966964,8.887869053,14.31158171,19.55059668,0.589039565,19.73166862,26.1105746,81.56115108,12.58477385,15.70581386,4.812075472,46.23331257,-1.052811194,-20.20130921,1.037922647
7846,8.294544329,6.7057241,9.544983424,13.17340633,0.708853163,13.89735029,18.34624301,200.6024096,3.306171,4.089518375,4.039166117,31.76664719,0.176748462,-6.492193643,1.195593603
5988,0.624682131,0.533895262,2.82868463,3.763160803,0.556159357,8.995911667,10.63440198,170.2857143,0.580197683,29.7614046,5.270748077,37.11828052,-1.858995213,-49.88438091,0.903703091
6731,-105.5179809,-79.23726632,-85.29360352,-80.97967395,1.147042564,-76.1118697,-79.41024583,-103.8574174,0,35.46640091,4.57645944,0,-13.9284658,5.061410042,4.248056821
3416,7.809593485,3.848590085,3.478597448,5.677588224,1.058665297,-2.807558554,6.734040864,5214.827586,0.032605666,0.06616371,1.845837615,0.794301661,-7.589211836,-73.66234933,1.190554624
3993,6.447393204,4.089281135,12.323856,18.01526976,0.45284519,24.29883675,27.14188877,7.411573406,20.01228137,32.06767889,1.726004964,8.462164069,28.87677487,25.61302474,2.566690691
6347,0.575749216,0.29836947,-4.300528392,-6.244952761,0.680238958,-1.243119033,-3.39681726,-9.144143552,37.37139769,60.48422277,4.874814731,35.69569381,-34.69341388,46.01618129,1.146981978
4165,21.05475184,10.42887164,8.204084149,10.68844683,1.579573102,10.21561345,11.29785345,60.50857843,18.84687931,93.12209211,2.297214755,1.092521098,21.86685853,448.7877325,4.806819605
2391,7.563477609,6.252640386,12.67378531,17.83647192,0.466471968,18.50550879,26.53588029,,0,0,6.885494857,0.201253157,-0.32289473,-12.18480853,1.402747568
7646,8.028196593,3.230126842,1.375762039,2.052902909,2.525614198,3.100323227,3.376498507,25.40506329,16.2583051,36.02897983,1.359724613,110.4627635,-0.832783892,-5.730389854,0.900328919
6836,8.024266218,4.610789673,1.031878943,-3.94137324,1.703637168,1.288435263,-3.94137324,,0,0,2.484469858,0,16.8616722,54.80566169,11.74026132
7813,5.913124038,2.929139105,2.291169525,2.178403223,1.345029542,3.610848693,3.840881026,9.683907743,34.04935792,75.01579598,2.320442608,18.1483556,31.86315974,389.4262317,0.883318673
7502,13.67219785,2.611307015,1.479591177,1.846083063,1.646152365,3.411647962,3.54132459,3.905246556,56.29922869,305.2308374,1.240228252,124.1967499,5.701948143,60.77626275,1.163074904
4071,24.67963656,19.59382088,19.07405288,37.33417348,1.003786597,29.57029374,40.08870694,,0,0,4.61057196,1.920230015,22.78097313,40.8354387,5.882049044
5132,24.44725193,19.98234547,23.70359209,33.41084825,0.94651768,32.72530683,37.62400824,,0,0,4.524187167,0.404673471,26.90748715,106.100582,15.52781737
4927,5.808584096,4.771355746,5.56243944,9.216313827,0.852561038,9.575711308,14.01415274,136.4695652,0.804461056,0.979340034,3.997376925,34.78159552,-0.043437682,13.63405981,1.629634471
3010,11.79316372,4.973493414,9.36347419,10.05721152,0.616962705,13.18773782,15.33509776,3.903653773,47.3855209,103.405615,1.592103925,76.99658952,23.66861758,-17.09222465,1.239429765
3657,-41.33335297,-15.58354815,-7.124872511,-0.481117775,1.923878963,-0.665806949,2.170715142,-2.591252468,34.03669415,90.27794441,1.21256345,27.50940019,-6.48733305,-129.2626034,1.123199697
5134,13.48684135,9.383774644,9.98641187,12.55369039,1.193077573,10.22693904,13.76258773,60.64916551,10.23440368,12.84164175,3.371139764,0.969055542,29.72329019,138.1483555,2.983818257
7601,27.42792304,5.659778013,3.128811403,3.415624312,3.161450129,4.413433599,3.880229962,21.14208522,14.1015592,391.0344913,1.071986525,1929.764202,-2.764907332,2.586940942,1.44155359
7358,12.33128172,6.882835101,3.318899125,5.350344387,2.060912793,4.295387835,6.059461187,83.68181818,14.67574735,26.29305691,2.362146341,18.9936292,8.579993689,16.88888889,1.273839048
7047,32.08788626,12.01548682,8.550744434,12.19323408,1.127348322,12.9581569,15.23926604,32.26506024,37.14637688,150.4641053,1.065662474,32.14663377,40.96919127,37.12237583,1.696965482
5126,9.28208847,6.826666667,5.989705194,16.79925129,1.211451247,9.171736079,18.24988301,,0,0,4.65625,0.652646846,11.12844514,-8.418367347,1.6634664
4247,3.842754094,3.065720494,2.383086604,7.063056385,0.481547678,9.113318429,11.32604078,447.6435272,3.075800732,3.855389256,3.182787989,56.94837529,-5.896130885,-24.93030866,0.640012446
5695,2.342821958,1.893381756,3.485231158,3.636474085,0.593120479,12.73033544,11.73284138,43.49816706,4.51838272,5.399389242,4.35612116,53.33850525,6.870888437,-18.2116499,0.583295004
4450,10.87329276,5.936274493,4.791257045,8.804621553,1.322076264,7.793011868,10.29761621,227.4867624,9.219511986,16.88709864,2.031475873,1.741256594,20.03046714,34.95907728,1.415209704
3922,25.85232786,20.69832579,25.11845169,37.97152969,0.962979114,34.23461474,40.58845016,4491.790582,0.011946577,0.014921344,4.163063074,2.028019782,19.27749772,92.96173743,2.994235224
2449,9.158228968,6.962909177,6.445037407,9.722197784,1.048871812,10.13506252,12.27627978,1032.024425,0.287578946,0.484791259,4.323980858,2.640546114,7.305750775,25.36044078,0.893870338
7707,-0.934086651,-0.711462467,-5.39350117,-2.589039108,0.828049797,-1.017787684,2.485003609,-5.914707171,11.42686209,22.24734404,2.937021701,38.40566839,17.906614,87.29467866,1.339714751
4934,5.068845514,3.303747535,2.91460396,3.824257426,1.525103813,6.256188119,5.668316832,32.52631579,10.91715976,20.69904675,2.693693694,8.367377818,-20.62478511,341.4285714,1.090205826
7199,24.31432648,2.487188358,12.90295733,18.50690784,0.232358458,18.65394218,23.65588415,162.7073171,29.50137306,426.1744966,3.162603193,28.51556307,17.1694188,24.45895522,1.325184006
2588,27.84451451,6.207019261,7.322972885,14.90734118,0.724833037,27.35678523,31.06443852,10.78363123,60.29091233,295.9173085,1.098616399,130.8895718,-4.570726501,33.3061984,1.528891311
7246,6.421503263,3.701381445,3.202498381,5.079970297,0.974993967,10.76873654,12.1790787,25.3175853,5.127323476,6.614499263,1.637335174,82.06628535,-4.010777638,-24.69357483,0.635945566
4290,11.65809328,7.538344931,7.642903536,12.4702412,0.914023107,12.18450428,16.12397352,1911.93768,0.449023482,19.15737917,2.211241992,35.04169984,8.480060079,0.309347665,1.477259857
2281,5.548575162,2.7644923,1.543784935,1.952421054,1.892449056,4.033999921,4.484525061,61.29452055,9.212887609,16.55107135,1.218348467,81.25680588,2.21328237,-23.32933516,0.922609979
7805,9.990981293,5.547995851,4.699920803,6.11343849,1.254374706,10.32575115,11.39400229,57.86696117,15.15678016,36.53698449,1.332746971,89.68834026,-0.997668321,25.4950495,0.893465667
3763,29.41288768,22.93098111,25.51999041,30.52938722,0.714685054,26.90671522,32.05579841,,0,0,4.764188208,0.571806142,11.03585722,41.45579874,2.121318493
7384,0.034111798,0.000890848,2.052457261,-14.6682948,0.009935375,15.78066977,,,9.434044439,328.1542359,0.376121057,18.61809315,6.113103057,-327.3391813,0.981850084
5580,13.21846002,7.352998573,4.19508165,6.300471431,1.935423349,-2.712846042,7.960393287,87.29423265,14.4703032,35.16447151,2.091126866,3.941221501,29.03527111,-6.367005856,2.111306202
9560,34.50873031,17.54067072,15.46343341,20.93028395,1.372612114,17.33485121,21.79731968,673.555991,5.561429299,9.219755228,1.827168388,8.913450193,29.06274961,45.84418907,3.514364367
9246,5.603203019,2.733683307,2.308606042,2.838054674,1.078457183,6.116414165,5.570941523,5.985697259,26.56883123,54.45786459,1.948628662,23.58841441,3.896262796,,1.800774134
7893,-1.987532366,-1.283516318,1.45490041,8.516190639,0.802545064,13.82761921,17.05649412,195.8214392,7.008792833,9.306457513,2.009467904,28.61881743,2.91753007,7.250939781,1.177610967
3236,15.53182752,6.265323703,7.029706527,11.97959697,0.897019494,7.1626136,12.0370703,6.364503817,54.67828507,197.3634497,2.499957516,0.205338809,19.47555899,9.093882892,0.805998787
4389,16.53109336,13.15530658,19.11016038,28.21027261,0.75936595,37.43273372,38.1782125,16148.01724,0.004217664,0,3.804613284,5.21638124,31.93186781,115.6683269,1.876965056
5527,12.89878172,2.483676674,2.125993043,4.269741064,1.206712146,7.421321231,4.659751464,4.551997889,71.52362403,371.452381,1.255024031,14.80048728,22.34149548,50.82049905,1.017033577
7034,7.448378683,3.560325351,1.673146551,40.13691154,0.893445839,41.42161453,41.22385287,576.3883506,5.3864706,10.47400606,7.677690234,5.341931629,158.7186593,395.9134176,0.598214787
1871,16.04353836,7.004759857,6.058528169,9.099220657,1.057326728,7.396019967,9.945659788,51.85294118,14.76234659,51.46855563,1.694405753,28.88389772,4.898139125,57.63188147,1.082530899
9264,11.83806647,3.339711564,5.670617675,9.016051045,0.765188538,9.112726097,12.10757645,16.02203247,58.17541936,216.2258261,1.288251464,125.1182218,20.81174188,64.23886145,1.238881074
6894,10.50221964,8.064277309,14.31631322,13.51878186,0.48649977,9.469030962,15.88535592,3028.387387,0.074332464,0,4.901844707,24.62592556,-4.805606579,-6.227229869,0.705006308
6165,3.993457817,2.665413306,2.126304444,4.132575572,1.303384419,5.781196414,7.135858116,44.39473684,9.973315544,13.60228976,2.71319797,32.97896506,6.462549551,35.82930757,0.670322578
6571,7.539331199,3.23580135,4.001096191,6.534079787,0.768118121,16.99878636,20.51051169,7.320175439,46.04367016,107.2600967,1.12208639,59.36116597,3.174859636,-23.0875576,1.010361663
6613,-6.530632187,-6.19068601,-34.05746942,-34.05143368,0.224655883,-27.2341027,-26.50354886,-61.12026879,0,0.078823359,17.78583031,5.424920942,4.920700449,26.21214078,2.350252907
7075,30.99374895,9.947456835,3.528779156,5.789040389,2.256877154,4.929100383,6.463026154,33.71494037,38.56202108,101.5007318,1.507987703,68.08134492,26.17055875,48.95015684,1.771651803
3034,11.04789581,3.952551842,1.956268089,5.100919795,1.902857472,6.999984847,8.267922355,60.38116592,25.85598958,64.34598417,0.813293442,31.75722989,46.60875747,63.15279292,1.036270757
9165,7.998233797,5.99400026,5.460781632,9.559467086,0.945592844,14.05800914,17.36679459,247.4514469,6.025604319,11.30955977,3.788646906,47.71357847,11.07262311,0.908151598,0.987905159
9552,48.79095666,30.66026732,16.54765809,28.92623046,1.608223231,16.60364335,32.03185528,225.6390716,8.836002526,116.9782664,2.340919063,18.67537206,0.320116363,-41.84969827,9.048335059
2338,-571.4230376,-418.2354972,-45.44463528,-68.3971528,0.946934352,-66.22593967,-68.33168837,-2499.858639,0,1579.019701,3.291775877,0.085895099,240.1263862,49.31548147,85.98761298
2332,10.51343772,7.462045566,5.139150354,7.067894221,1.517896851,6.289339968,8.14557517,1334.603034,0.114271098,4.367846517,3.30986644,2.817634619,4.999763444,5.817676257,0.985011593
4318,21.94731737,15.57917291,11.02599959,13.94875428,1.37794483,12.76275755,15.71360982,3141.709633,0.480448733,0.504516573,2.768318426,8.01721119,10.22083461,-8.686610178,1.713311207
7837,-24.85988733,-9.187886085,-4.829382321,-4.471970106,1.529677932,-8.820068367,-3.911462295,-46.57761562,12.6225244,29.89509855,1.868543085,40.59431222,-9.491858098,0.946025745,0.837419824
3031,16.50859362,4.665030863,13.72378515,20.57465846,0.385882425,22.7401919,22.99296291,124.674682,7.811995309,63.09615505,1.244859503,30.38104406,4.998892919,121.3061147,1.747457612
1926,14.04597361,10.09500119,8.165852936,10.54858921,0.984829074,10.45555217,13.09681616,124.3883495,1.359965305,2.053897738,2.47189559,30.42364487,3.522723398,13.92495109,1.171368512
6379,12.56849235,9.27896802,5.147708282,6.899619371,1.393021218,6.628921466,7.695827058,374.4137931,1.395881801,39.36693084,3.305633376,21.72941702,12.11475713,8.90672016,0.964664632
4384,19.27891838,6.952752884,4.361581921,6.18401937,1.405367392,7.99677159,9.375302663,29.9296875,38.69161832,99.02979469,1.522238787,16.46219329,21.18307545,51.78288431,2.280574523
6037,25.78950891,22.28032292,37.04289599,48.8952212,0.512049165,43.98257168,49.61525022,,0,0,2.146588687,1.222782827,33.63312913,45.62014897,3.415969781
4060,14.43050063,6.528652914,14.87964583,23.23392113,0.507898548,23.45620929,31.65928712,73.49939499,29.1599945,64.45331441,1.828791524,1.710583423,26.78310027,10.88093171,1.947981632
3923,54.64349092,37.93833323,16.36471454,20.84287584,1.849342006,19.41967937,23.15352527,5096.5,0.682378214,0,2.039315155,9.53269327,27.32764007,82.80129125,11.75277899
5838,22.73504783,0.465914177,27.64325454,39.39921827,0.013014508,34.31794179,,,18.83553459,959.9503055,0.721015934,1.528220297,34.03429405,50.27511887,1.054479791
4755,-17.92479257,-0.617565372,-7.125201526,3.901665281,0.090260823,7.769564303,17.33050279,1.056417153,20.59082987,597.6474251,0.797396888,107.6689688,9.53575172,,1.028621116
4579,3.960333299,2.595399449,6.862261794,12.15390321,0.394474423,20.61758974,24.41941569,7.922692654,27.57654796,42.07919565,4.456760833,6.328151928,28.07272552,,2.692173349
6096,3.807537944,1.248451148,2.767755669,4.551314763,1.59958544,6.530700383,7.715036072,24.42790852,35.65141748,122.4826543,1.411604154,5.452629149,-4.517524045,-36.55744126,1.307656298
3023,10.58506015,6.957515259,7.825203252,9.530261969,0.807206769,8.201595905,10.47500753,93.77777778,12.13205448,16.09258497,2.373679267,34.56383514,-4.82877203,1.361088871,0.82118569
4022,15.64730782,9.311161867,6.893287246,10.42909667,0.988713417,11.86455604,14.37881156,38.51219512,18.07159477,27.60698784,2.142948019,63.95236216,6.153594466,31.91311612,0.868532862
5893,,,,,,,,,,,,,,,
4317,19.81960611,14.76612597,7.129963467,9.186030655,1.128261948,11.51459593,14.17733118,161.0358759,8.435836283,8.314727478,2.487551328,46.18717323,-6.819552065,-20.62754035,0.860170505
5532,30.15431105,4.739758441,5.710989729,10.67338862,0.52536365,11.00786581,14.74562188,6.538119397,65.37840231,436.5530326,1.146315438,430.8604499,23.19324712,31.96286841,1.670885425
5138,13.62451141,9.578594411,18.83449194,25.27722204,1.123278584,20.53864138,27.23473378,,0,7.245038055,2.978081969,3.748365338,29.3141979,45.34421533,4.032880666
3323,2.606943276,1.037236628,1.503002942,3.214527505,1.032634993,3.91813899,5.317530555,4.970265449,38.24210243,110.9907168,1.52302326,23.59728021,11.98790445,552.3015861,1.419414434
9214,16.4922879,9.472591929,4.74829158,7.562183505,2.254368036,5.592723136,8.000312312,106.3220073,13.190468,22.96530848,2.962991227,0.896602132,31.64342595,12.37485911,1.846150188
6098,28.55329745,16.66057054,11.48293819,14.81358423,1.202480759,16.84564177,17.8842146,49.59905882,7.536832871,11.53765311,1.832966211,12.94951353,4.126630474,18.91212521,4.464070456
7375,52.20949979,4.100376305,3.58881596,4.47672129,1.186747601,9.492273514,10.02488896,4.742329213,73.89263566,899.063796,1.293097023,638.8304192,5.654333472,457.6692374,1.681396763
7938,4.291542445,2.043561101,2.971389761,1.799813227,0.856280896,3.9137448,3.565667714,4.608695652,34.74053872,75.71787227,1.603387287,38.96124274,-0.729004256,-18.61804223,0.807951739
8876,30.2926772,6.814193736,30.31110925,19.19416688,0.481706135,27.58907829,31.33344529,55.30241935,48.03843312,120.619373,1.317618199,76.39373589,7.790013577,10.0633978,1.682071434
3825,-10.85924851,-9.467945285,-2.80656917,-5.731459132,1.049705641,-2.31908751,-5.376496758,-403.6666667,1.552840384,1.116632237,7.40651052,2.718999498,3.133694538,-205.6719023,2.605127839
2378,4.663085365,1.008047221,1.201812892,3.054515723,1.166863811,6.1734869,8.103042998,2.576609771,51.75367476,308.2424874,0.807849897,254.20001,46.09469659,57.88962329,1.183499251
4889,-15.05606194,-13.83949231,85.4807714,-134.7682244,0.067013367,-121.3485263,-134.7215,,0,0,12.37518683,0,-31.6596709,29.13071908,7.199607345
6723,-2.11879982,-1.239190331,-3.917842103,17.65469887,0.304862281,31.09220927,31.92924375,0.949580892,29.36892815,50.21575631,1.173884617,14.56529054,-2.022055961,4.918563698,1.342836821
3556,53.17109616,7.669707075,4.777351918,3.779287062,1.344150804,6.223105336,6.721513494,4.420560118,66.86845971,665.8516418,0.74652419,176.1043392,-10.83171105,,2.717286951
3941,7.059754121,2.634910982,2.9176915,3.766318886,0.822353248,7.750004782,9.771145461,8.631518228,36.08086454,106.5314849,1.140959806,113.3948893,10.26431214,-23.43008024,0.755529899
9519,8.147948103,1.366706052,3.825128833,3.8991544,0.141201396,18.69715002,27.40654272,0.465341488,62.83676913,390.6086487,2.002784709,262.6461421,56.9813176,12.62335526,0.856322685
6045,17.89202364,5.969025704,17.30349238,29.72656432,0.384748033,28.02379165,30.15194035,40.5325991,34.90828441,66.95494869,1.421428192,1.344862751,17.2223045,75.98155964,1.439137013
4978,-3.612854212,-3.356645888,3.466194324,-4.378158125,0.318171899,7.751658734,-2.675863745,,0,0,7.643702241,2.690199808,22.73801444,68.13798428,1.510181505
5261,14.50575281,5.393160231,6.866197183,9.443661972,0.65676264,14.43661972,13.78169014,14.73626374,34.95779766,79.07336385,0.892554829,176.6732649,10.43204477,26.33584137,1.26666521
4004,4.154098436,1.378016949,2.155033868,8.102069221,0.629593426,12.79962884,15.09874733,8.078232551,46.02062065,138.7313766,1.803201025,94.85856805,-3.187613189,60.12352743,1.215254399
4681,10.81084827,3.1650333,8.077550906,10.36204594,0.518625834,13.17434916,14.42809416,72.98305085,6.796646306,21.20664089,1.155201318,141.7931235,23.55267266,24.41490899,1.317906178
3156,6.840500791,1.896317036,1.332083187,2.526555211,1.864639387,1.518357365,3.362026093,4.502541296,40.25327235,150.1943126,1.657375129,35.35325328,9.467027263,-11.03439618,0.884931109
8167,5.602992334,3.771258285,1.84689267,2.323533324,2.101669947,3.525918684,3.900473406,59.85185185,10.57317548,15.70866185,1.19753266,73.50410573,4.294802824,-5.192138457,0.760197842
7356,6.662756529,2.4248158,0.719798255,1.199561521,1.630237689,1.296422049,1.734533447,3.256995336,48.74581267,128.8102473,2.891397475,0.48925842,4.35556631,,3.942166886
5022,-90.2867855,-3.348897542,-3.385476651,-2.338159316,0.359784172,0.996297891,2.420057485,-0.472977536,77.01349096,2527.912658,0.251058932,2063.366441,18.59174798,-885.5140187,
8894,-1414.284056,-35.39527387,-49.84656987,-12.12585288,0.702431282,-6.96929711,-9.440875517,-12.25609082,24.97857422,990.4313088,1.03419949,855.1172915,521.068234,-1349.404054,1.114754102
9425,-20.21473426,-12.19791486,-3.605243578,-2.617651152,3.011603928,-3.75243583,-2.025175579,-17.07587285,28.06193015,45.77467001,4.732278397,3.776000865,32.27330737,-155.8447845,2.395307222
6272,10.45917341,8.223163037,9.919397018,13.51072297,0.835975084,14.92311376,17.29780339,445.260358,2.881220132,5.690926964,3.278850633,38.68303542,4.007573633,8.490609117,0.901291015
7769,7.787147055,5.406604129,2.32045552,2.504132737,0.736832608,6.168493235,6.603195984,14.10344828,17.7743774,25.60687364,4.46591088,35.23380606,0.196306975,12.05479452,0.985637212
4591,-34.24050608,-32.71207423,-48359.70574,-49861.84148,0.000625863,-47926.24585,-49818.27243,,0,0,22.13304362,0,,5.877478178,1.416279132
4429,10.65936221,4.828176932,3.931047934,5.071657551,1.428923113,4.238549785,5.552393185,,0,0,1.739750684,4.94625651,20.72202166,-31.09096618,1.117173848
7752,6.280803839,2.744835006,1.80819787,1.99096,1.088828984,5.845104744,6.495532218,4.80559534,21.9003461,52.00595666,1.411244844,26.55199897,7.615580674,-1.913819649,0.933308454
6082,5.239969156,3.165708912,1.426039006,3.341503607,1.775101683,3.498438686,4.540644403,101.4408253,12.41534413,38.42305627,2.607170761,8.26706729,-2.506128543,-26.75594842,1.132256724
5572,6.598125272,5.07617109,5.38413664,10.91796545,0.993893088,11.3072345,14.18458641,623.6519824,0,0,6.234860753,2.904077682,141.9247468,85.37374214,3.628826299
8226,10.86754147,5.249444086,3.531288949,5.978885705,1.748397903,4.655048861,6.193231722,91.84528302,27.98432389,76.01657668,1.909937499,8.039577241,54.3545883,96.98954169,1.010626838
7734,10.91816346,9.121610936,16.32897386,21.70170942,0.54080629,19.73235845,25.90603493,202.9112645,3.590278283,2.334725041,5.143671779,24.27029262,7.585540018,-7.26554887,1.439693087
4220,12.73297991,7.091697887,5.7519012,8.185122805,1.104093404,8.652928836,11.37840474,34.91224099,10.13070494,17.07479756,2.126060886,47.14642079,1.910326775,19.52045093,0.807661779
4526,12.00560868,8.4106939,9.822979222,9.128287753,0.824782656,10.20589651,12.48038334,70.93495935,8.831051602,10.33689981,3.109423068,32.24359865,4.47947182,-6.903542467,0.938600639
8200,11.34353746,5.551178449,3.83223747,3.145585152,1.494648905,7.162945373,7.758347181,12.35302777,25.28904168,51.67680958,0.866781292,122.0837655,2.944869817,-16.28486982,2.382352317
9355,3.930000572,1.83552114,3.890147477,3.497411976,0.351354561,9.304363884,8.86869832,5.756949256,24.86258234,53.59114692,0.497297456,159.531413,3.297869119,210.2381545,0.648996746
5947,8.464294338,5.663170597,6.450092219,9.921597848,0.777780031,11.96648411,13.28035558,470.8350515,0.582110369,6.458114654,3.337617973,37.52482469,7.004644503,17.01511658,1.040110415
6823,9.476980857,7.613001113,10.25820508,14.47021848,0.728504763,15.99288095,18.92675551,1869.318814,0.029980152,5.517634672,4.15839407,37.66528583,8.360408329,16.08971795,0.969858142
9168,17.32536383,13.12349099,14.7970114,20.18081299,0.896071382,14.60380823,20.86134651,97.3179866,14.06043034,18.56229195,2.503373415,4.225324109,9.652785608,-12.82283039,1.565647818
8836,1.82038835,1.642935378,2.349869452,9.138381201,0.180023502,17.23237598,21.40992167,35,2.300109529,,5.113402062,,9.742120344,133.3333333,1.88633582
3768,20.58475579,16.975284,-1.330355708,7.080880552,0.53546564,5.010767784,28.13858294,124.4076343,5.115962966,10.03248455,2.987952578,17.08306617,1.684693938,-12.29293607,0.617884194
6413,6.93932787,5.190583842,5.192891531,7.85539169,0.886824867,9.759536603,12.3051713,123.68,5.795683324,9.400796933,2.291939967,43.8643711,5.52398059,17.63363135,1.150574688
4714,13.17365723,7.128650854,4.719068946,7.897534202,1.529405861,6.94896178,9.778046903,,,,2.073355272,31.77392828,2.533269707,-7.824768862,1.976534733
6666,-2.689489216,-1.121114033,-1.394846716,-1.328742981,0.543537664,9.981470949,9.731006758,-1.516340916,44.81575588,107.1163942,2.266459293,89.92820039,4.478597873,-943.7708937,0.883679795
7525,12.20414756,7.102401902,5.191723802,7.107655354,1.28874589,6.469216762,8.087169618,357.0643473,4.078858253,8.981733758,1.990121913,21.27973898,9.999677404,9.744137363,0.958758541
2928,1.115768231,0.339181011,0.347770179,1.588053071,1.047456662,12.54193699,14.72324508,0.790285049,42.00476623,131.2783793,1.084351122,145.4263205,5.218813805,,1.458860804
9407,2.392490169,1.69916033,3.261721166,5.636880953,0.441485149,8.799637128,10.45317719,683.5,4.598363905,3.988329316,3.051945701,64.88900165,1.685605266,6.381322957,0.448052145
1435,17.82158688,12.4929122,8.266208125,7.337530683,1.650862453,8.17817913,8.095829826,20.07653131,8.339722556,11.89691304,2.818918501,20.31098433,82.92058626,69.16228837,1.292150103
4374,41.90462498,6.366828967,16.64783217,23.78038444,0.43068241,22.0880742,28.17736937,,0,0,0.99358806,0.33747799,17.9007782,61.43378007,2.146927575
2910,0.117614501,0.095869167,0.642778993,2.430447015,1.429022126,3.721866208,5.894420131,414.6666667,3.152403778,1.03777501,3.399565689,48.47792998,-0.336857682,-28.46463485,1.319521741
5868,10.73336146,6.347157944,3.457434509,5.714801507,1.964436468,4.277262462,6.406812907,67.35603437,15.26268066,25.80995618,2.44741664,7.723251642,17.77159669,22.55840004,1.188195466
6963,-3.987586526,-2.460567823,-11.16338808,-8.932895693,0.306954151,9.920930461,9.711996004,-38.52019231,27.95882743,44.99265495,2.555492822,55.26279085,-4.128863996,-192.4619752,0.765204895
4527,13.25631019,8.1728,10.04617254,12.46334548,0.803658616,13.91624139,16.72191171,40.53213909,14.51448889,19.91233972,2.302965923,34.77613949,13.95104121,-4.237309234,1.554494405
2266,4.45820858,2.437927472,3.431776791,3.315671189,0.760761329,6.361176149,7.898837387,22.19333643,18.35823475,33.57148258,1.571928105,65.74461962,0.860288777,-23.03586546,0.835512742
7944,5.277764253,2.597122561,2.147555274,9.325223869,1.223193569,10.95273001,12.27216895,36.48837209,28.79475784,58.51550708,2.914972732,34.65115147,1.527661843,-5.405948553,1.632282934
6323,14.62554998,9.653728802,14.78873239,24.18979145,0.668990235,16.61024582,29.03939625,177.0170455,12.05968515,18.27061145,3.842739536,19.88466648,3.527161069,-2.716627635,3.216846573
4680,23.0327587,5.240687192,8.700587946,15.86381787,0.624784307,35.45581366,40.57676342,7.622252374,53.48358564,272.2500486,0.960124472,256.0471271,11.22998348,11.46916422,1.651027192
8179,10.3426222,4.049712728,3.420042902,4.644853319,1.237341169,9.049820236,9.637149159,6.239448052,38.25261335,97.69392417,1.14223046,95.68752855,8.770949721,4.343694855,1.531898148
9713,8.01862631,4.488934074,6.902718169,3.628199014,0.719701411,4.876013352,5.14226673,304.3333333,1.83780402,2.460526316,3.464092141,54.26315789,21.75343526,63.62007168,0.770885739
3445,11.59134825,4.519340132,12.12144915,18.61890049,0.395181256,22.40994955,25.85031353,74.38541667,11.39313107,29.22146731,4.326344052,61.6904569,29.57045301,8.948632726,0.741356712
3326,38.67681238,2.238735634,0.802600983,2.325486797,1.395623195,5.7580445,5.910492092,3.155027092,71.81029667,1158.15849,1.339252419,807.7675643,-26.58065807,9.227335493,1.545258072
6786,-40.32798921,-28.76697589,-15.71006662,-3.45346408,1.252699103,-7.422406108,-1.397472627,-19.8393276,12.97290143,24.78207473,4.512056716,1.603102348,15.09419332,76.57774496,1.998586743
5851,6.231159699,3.253387794,3.617794255,4.097557188,0.913286651,8.937889625,10.45902605,8.982978723,21.96145857,42.06241746,1.725889596,72.05366944,5.385695875,33.67810026,0.702103809
8084,5.900025784,3.706468538,2.178506882,2.541359655,1.448148123,2.048751101,2.901431948,60.93333333,1.891615902,2.559330964,2.551971762,5.826037241,-16.68597109,-34.13403795,0.752266214
7453,17.95466317,10.45204673,6.480260097,9.436689187,1.443275891,10.58334576,13.55379421,26.76898048,17.90201798,31.23532033,2.725300507,33.10197174,18.58187605,31.89931595,3.375637171
9691,15.45465884,8.515920402,6.979917263,10.054701,0.965578589,13.69473683,15.91392888,26.77192962,26.21215264,33.07339413,2.41785719,47.68966648,23.75015733,22.20124528,0.827042957
4685,20.19200668,12.79973541,7.913383065,11.26674929,1.497828371,9.494188902,12.04078292,,0.046303952,0.052175728,2.522659936,2.780966294,15.38233231,34.50586265,1.845574225
7364,,-63.27107979,-12.84972059,-15.40702846,3.771308938,-15.75830813,-15.11054677,-23.5398313,165.7276617,,0.448781925,,-16.98650924,13.23307578,15.67850994
5721,-63.36219313,-60.50441494,-15.24743549,-46.03753302,0.207029456,-47.49884936,-45.81670418,,0,25.79526974,87.52501728,0,-11.72684393,6.259728672,5.507936346
3423,1.99047288,0.872391793,2.100755385,3.285271435,0.994414749,4.930230672,6.167749238,18.38542522,21.86167841,45.90213098,1.773266365,70.37893245,-2.218646667,-37.68332894,0.882366068
2292,6.992853466,3.673654445,1.955698775,2.218237098,1.959662596,2.640839106,3.171208862,16.63015873,22.79320233,43.38718469,2.201435308,65.61865972,6.245922807,103.6741835,0.843619289
3280,13.12384473,3.770278523,6.364003048,9.393627034,0.546512198,5.862053511,10.27652041,9.357142857,63.9513581,222.6062847,1.454796957,72.84658041,16.10469352,4.904904905,0.902042416
2805,9.79356398,5.734063738,6.124514249,7.644106218,0.88092657,8.381638601,10.61690415,25.17866667,14.81111362,32.82544508,2.210818571,43.58702829,-2.311713578,21.37806916,0.884630355
5599,20.88228454,15.46558678,15.90955296,21.64286152,0.752059969,20.62784654,24.71081003,,0,0,3.195247614,18.96444173,20.6222055,20.49820616,2.543450759
2471,12.52325468,3.069575443,5.547658381,9.539359945,0.639682481,19.96619156,24.01552115,8.36026936,58.71793026,244.8643885,0.674011346,309.3997846,1.858808797,-9.544626594,1.27613731
2750,12.31236036,3.839039898,1.367287703,2.397789352,1.71125848,2.433756347,3.464151767,12.25323746,31.54325045,122.0814715,1.409289545,58.62554786,4.721457335,-5.87528563,0.815963337
4951,6.227162465,4.266060836,5.892255892,3.450139253,1.030808124,6.916905682,6.476285489,57.24137931,1.461988304,1.593637731,2.267203514,28.52273774,8.189422558,23.69597615,0.947013365
1447,23.64337661,3.684415441,-0.447659173,1.132727592,1.646550478,0.986697306,3.522265893,1.992344078,55.80013385,352.9028758,1.135979109,103.9662028,-1.416310061,-53.03320736,1.317281533
9990,7.077064134,5.186059588,4.867459058,7.734898648,1.312178911,7.247898772,8.939739976,171.1106739,3.471988448,5.782298049,3.50179162,19.05061658,0.376288651,7.44709791,0.881281932
4375,4.812847449,3.624709172,2.301147731,-0.428745013,1.647201713,3.177120048,-0.396583619,-287.2746479,0.093174311,0.123715787,3.885866617,0.169889385,26.43990395,85.9471377,4.118437925
7464,3.058999811,1.77919098,2.230218883,3.440944321,0.830311441,7.074429781,11.46634598,9.359138027,26.96953741,45.8965403,2.296560304,51.32750197,1.865963752,-33.73515576,0.682629235
9900,8.326555201,5.866915516,3.870686173,5.8734549,1.394662527,7.025316727,7.984306741,873.0229105,7.593063484,7.851495006,1.514059681,67.09490174,12.99074521,24.76875474,2.255185859
5194,0.405579346,0.23587004,6.901282881,-0.597197665,0.311347911,9.5095043,11.83109967,-0.244578209,30.34797324,52.18107315,0.914096772,104.2842802,-6.94750326,-107.7828822,0.937651529
3123,7.212780288,3.050165118,8.346942202,7.827123394,0.240936286,15.9244205,21.5439211,8.78652408,31.17842653,69.58083705,2.774922968,159.4997494,-9.847760148,-18.35914671,0.665671786
9536,9.597233993,2.225453019,2.500766383,3.874360365,0.578567214,11.27801228,11.4391492,6.062730627,62.60457284,267.8576932,1.011407895,222.5614454,-0.735776037,5.253042921,0.891869133
8254,8.171062766,0.539429159,2.379813535,2.477311315,0.389260441,10.41132537,9.967869118,1.53812753,72.13494215,17142.29672,0.229008144,14593.83817,-6.408239116,3.82378217,1.130544941
7992,-21.31833369,-5.122513265,-5.155454691,-4.620786354,0.94602203,-4.006640918,-3.790927334,-6.799028329,44.2153509,184.010769,1.434084603,79.96721233,-8.063602412,26.41561135,1.544521137
3395,8.068520559,3.483903772,3.583587941,5.140986716,1.172854181,7.180341711,9.551774904,119.8453242,32.19119658,68.31325175,1.290410688,57.40210935,9.819199247,39.06758067,1.277099913
9640,7.618885646,5.061974667,6.176452796,8.784031323,1.098845552,7.53494768,11.74411025,4867.797727,0.031102849,0.037168448,2.559743103,4.905293866,2.174618482,109.0735515,1.675365468
1999,8.910626548,5.532338392,6.225840557,12.57352638,0.870808728,14.412899,16.0196753,90.13666697,13.60419501,20.75857793,2.763370145,32.52651134,67.69234849,405.2393982,0.533900533
7581,10.35362804,6.539788656,4.348808402,6.037847566,1.451936564,10.6951705,12.28526687,21.61785216,13.58960535,24.86492484,2.731249469,58.43611564,14.32783176,4.871447903,1.779424261
7567,1.519273667,1.015655912,0.57969504,0.986889387,0.902723528,0.447282208,1.426020241,11.54942654,7.471134525,11.17573168,2.089151754,34.81586864,-23.16438825,-80.1290464,0.67373958
4078,5.349273863,3.396070354,5.940124868,7.219609283,0.678627133,10.56403938,11.67411058,43.52857143,17.77260601,23.7319743,2.55879613,56.86477373,2.80616284,107.0676181,0.712491142
6358,1.589371627,1.120524272,5.155278109,5.685944111,0.641340705,5.445422579,8.24745266,5.755549256,13.08239343,17.24636214,2.55148903,26.23833031,-15.64693816,-52.28094047,0.721820624
9446,21.92447163,4.938564031,5.80060919,8.612140913,0.816908539,11.16625393,14.74083922,8.528010055,62.88646993,268.4780444,0.744116747,270.9440731,9.894750587,4.213021134,0.963242678
9039,8.809375,6.646808243,7.242424994,10.67978814,0.975814872,9.122232964,12.20842319,478.7037037,3.300218495,3.952083333,1.640695026,75.57291667,3.561496136,1.412318556,1.042460047
4633,9.742526729,5.139818652,4.505410063,5.909930608,1.152016167,7.423894314,8.352608783,14.29859155,14.8753232,28.19617651,2.04366118,48.11594689,4.926497536,15.69670263,0.955115524
1377,6.565161866,5.544909051,10.45200172,13.19199311,0.484332935,10.14098149,18.29207921,35.32564841,2.941053271,3.272661897,5.681888506,30.23012163,4.784780721,16.78734756,0.935367524
3778,2.475984335,0.911965005,9.351280651,13.19903725,0.561046946,27.42619455,28.38010183,16.22358567,28.99222588,102.4703813,1.034626739,111.3599544,43.91661002,368.6107479,2.433175247
4761,4.902849089,3.811238065,5.080534233,6.11438967,0.905245823,8.350712162,9.073967254,81.05882353,3.611676319,4.736736132,3.005697405,11.80912111,-1.018929246,22.16312057,0.730031552
5189,8.033102459,4.386883407,3.494433387,5.294413056,0.713650011,3.895148128,8.05177286,15.59355291,18.17615756,36.03127018,2.240332798,38.70666409,-8.726018572,-43.22290694,0.675002502
7255,6.872992917,4.532056886,4.268870124,3.294932774,0.684972139,19.40824044,18.18666391,14.87477264,21.77725976,29.41928569,1.841213974,66.48086469,-10.38422079,,0.6255135
9353,4.459205459,2.800746604,5.370860674,4.681428222,0.409752032,13.41351702,14.40042266,8.046354992,15.08489398,20.43461308,1.954532547,50.66623973,5.491729092,-13.85877403,0.613679086
7097,13.24514688,5.815356766,3.32281923,6.194257124,1.367340869,7.107896454,9.544268001,18.67213115,28.46583195,89.67531352,1.616689281,121.3193609,6.832442482,46.77835052,1.398060676
2734,7.288884043,3.06166846,2.334087376,2.934803783,1.195993591,4.493644969,5.637033709,20.00542005,28.2337585,73.71858475,1.453192562,90.1640953,4.588395745,17.00744968,0.907319765
6387,12.78960518,9.726457902,18.1682377,25.14415643,0.549048869,19.57605219,26.02139392,299.4694034,6.023176115,7.761230356,3.895257628,32.85751004,13.88639425,16.45262007,1.529378097
3459,6.448202372,3.063347529,24.26637502,30.28868087,0.113842419,36.03156078,42.0112992,5.024763643,51.32853625,108.044153,0.433867012,30.78125813,35.04378575,16.76898601,0.996767931
9628,12.47713333,7.293829024,14.76050525,14.13831916,0.631047273,15.74537269,19.93809405,21.53333333,27.98169466,41.6092758,1.579780629,85.0505757,42.55025182,19.50317125,0.797743616
7322,5.684267765,0.259554041,14.66133568,16.79259987,0.013196413,20.24700979,,,6.744148617,146.3514458,0.168987595,11.13452314,13.74778386,27.01178883,0.967980246
2659,6.826710993,4.914531881,4.348658302,6.941237319,1.201532578,8.008650075,9.760249565,681.76,0.121505564,0.168781766,2.204457824,61.7504715,3.538177402,0.768594064,1.143030436
8097,7.285666473,3.994012843,1.322730301,1.828992488,3.074361606,2.154479496,2.752428164,139.1744186,1.997006422,2.854550899,1.344501479,46.50953866,-0.785945166,-29.70988959,0.938631047
4592,-28.24480954,-24.59816539,,,0,,,-46.814251,7.929436402,9.104964429,28.99073355,0.508024232,,-7.926925689,9.365242602
6444,1.025756214,0.147603066,0.143549443,-0.797380485,1.057209797,2.568696791,2.902423052,-0.653218884,44.01049382,305.8475591,0.729797909,202.425876,3.822179192,76.41772544,0.929515723
6230,8.87240947,5.170885575,4.406963994,6.617844434,1.169397978,6.001932799,8.877805432,127.4818299,11.47272795,21.0541852,2.238791571,45.08471428,3.387594897,-4.639451588,0.758443679
8130,12.34031636,7.586792053,6.272145645,9.070357025,1.130134881,8.105181208,10.77413688,74.48770492,6.953154319,12.62341201,2.007876313,36.85993843,5.54042737,-4.862855946,1.310662956
4651,3.559488692,0.98648354,3.267772094,4.914887987,1.230351862,6.31725172,8.66554948,8.443181818,29.90516678,106.4405113,0.820402129,190.8259587,-3.848029343,-40.48064085,1.034121858
4995,8.610781427,3.515482051,2.81461447,2.799717896,0.817145792,2.945316385,4.891119237,7.430442303,25.02172866,66.6077372,2.206948156,37.18222751,6.477682089,297.6944102,0.752266317
2972,4.447127506,2.142546953,28.88911483,34.69739111,0.07417187,37.34128403,43.00680559,5.808153508,47.85558458,99.33032563,0.627224061,0.182823203,-80.00962032,7.210446443,0.944800587
6707,-2.546919618,-1.449432,41.87996941,-3.114644916,0.378487469,-2.228270254,5.800902819,-2.097452935,24.37245963,52.79889848,2.51926862,34.62996751,-48.29585794,-119.3858751,1.029977072
1961,18.88324873,10.00204144,6.795951583,8.649105619,1.256258065,7.252623096,9.401270463,180.9421488,3.684045429,6.129911638,1.687274407,11.7644294,14.06633021,88.95313714,1.340298209
6044,17.1339749,8.289213044,3.339143225,4.938318688,2.223622763,4.924895591,5.501764095,207.8896369,4.777747331,14.08318048,1.878478436,14.27554203,6.20189416,38.71854731,1.271694286
6964,3.071909188,2.166082116,3.382621108,3.243057372,0.766589494,5.629312185,8.025467115,358.08,0.49627424,0.538696719,2.804096253,33.63395778,-0.577932393,-29.22797382,0.528088478
7888,13.18920262,5.583022143,4.23486021,6.209591552,1.206779616,8.990022063,10.81766391,11.93459916,31.81901857,81.95570466,1.531588999,105.8925853,-2.860829139,36.9070668,0.817025841
2762,-251.4195584,-32.79835391,-8.430622998,-6.880876124,4.022023686,-5.744395082,-5.951027999,-111,21.44032922,167.5078864,1.147058824,131.5457413,3.762864494,1.914580265,2.259190084
1972,9.932479799,6.466024548,6.483400203,9.067060535,1.10667366,8.310921035,10.56611261,4113,0.204164965,4.102866841,2.940974108,24.76847581,5.70443212,10.80280172,0.860154906
7922,0.287375838,0.212887839,0.890655063,0.857934124,0.817976802,4.350964192,4.443706278,7.850530102,8.7244592,14.16702827,2.441514602,39.190058,-6.665612946,15.38825428,0.511387929
3435,5.383711366,3.737115086,5.28443082,6.033598353,0.830295805,4.968761275,7.986673372,81.71327513,13.31932726,17.82463825,4.7918439,42.53791083,0.511625601,-37.96631835,0.646345849
6417,18.90569957,15.94637387,28.14707462,38.37223245,0.607555285,31.98242111,39.83192664,,0,0,7.036335404,9.642671682,-3.655467883,1.532519484,1.569153161
9639,10.84492899,8.073226545,9.808885403,14.3585538,0.83506275,21.02795408,25.25315553,383.5238095,3.707093822,8.40215587,1.3059252,82.5931922,7.109167637,-0.222993062,0.935674391
8138,11.0161091,5.932215543,2.320828461,1.71134336,1.593111848,2.76847797,2.106204359,214.7505784,4.452490181,0,1.693923231,18.00135122,3.395010079,21.47664183,0.653228151
8018,2.659741895,1.936324707,9.33433655,7.820660352,0.331205336,10.76834558,13.45047358,28.04761905,8.007390115,12.05736544,2.347863867,31.30311615,6.219735791,-28.57720291,0.604193794
5932,-4.329241561,-1.314677122,-0.649650552,0.429854434,1.217501173,2.035757212,2.907151442,0.959627329,29.74498592,102.7871548,1.210648395,124.6821569,1.812042705,-59.41686367,0.748596426
9065,10.93713763,5.882180308,5.067313128,7.242361868,1.155534862,9.216352912,10.48499401,34.76740506,16.41540823,35.52583114,2.015215359,62.8725973,7.673539208,24.78632479,1.046072512
3441,17.67140783,9.262560288,7.06986796,7.351778868,0.866537003,10.97510778,11.5308874,14.11646337,34.74891063,71.13334472,1.747063306,51.56860295,23.04283686,241.7392013,0.812471498
6584,2.809965892,1.061995253,0.461958906,3.04692299,1.397109242,5.430054282,7.289799295,5.877871826,33.86945312,105.3308035,1.679831893,82.83978225,1.737089801,-39.64489695,0.791251853
7022,17.34342739,6.37398374,4.726865552,4.266975926,0.910567329,6.578421179,7.798128449,9.042372881,29.2429991,109.2419624,1.228982726,79.402222,7.082905104,109.6267191,0.849020402
7486,3.000287109,2.156936943,2.663336145,2.121585674,1.084677774,5.076883151,4.668137287,46.71428571,10.30651209,16.31735094,2.233023937,41.02306441,-3.795019038,8.099173554,0.556234202
8136,48.22763286,25.50270249,28.79906697,35.67051289,0.80846268,29.9094573,37.31504996,304.0470588,22.39212276,14.32281934,3.078474745,15.71305778,44.93153699,91.76374564,8.522258327
9366,3.669648356,1.731350332,2.329262307,4.768031426,0.871363721,8.338728745,8.907716893,8.397445997,32.22216379,70.83262889,1.268476888,116.2534632,3.731657477,10.85069976,0.707367882
4443,17.80555207,5.898140057,0.979121337,6.485810842,1.007779605,3.620202768,8.964862738,103.7777778,8.398868223,19.99120713,1.273459988,16.5619897,27.52228585,109.5736724,5.966665504
6307,14.48168639,10.58012151,5.98457101,7.869521571,0.872422494,7.979802767,9.394034576,84.34983315,5.889091459,9.520877456,2.783457658,51.90531289,2.558324266,8.152893495,0.725853085
3277,9.555737349,3.183244344,5.546029523,9.627068257,0.632872548,6.277323576,10.0966453,6.261352431,61.81135063,185.5506421,1.658084311,2.708111739,-8.866040689,19.3868381,0.931380915
6357,12.3473375,6.33934304,4.842196128,7.754931977,0.732056509,10.48338064,11.52956115,19.52966297,19.52339567,38.15143183,1.962965826,30.76999621,18.26626673,52.01246817,0.75934131
6882,0.35331334,0.256173483,1.97327044,4.221698113,0.738407953,3.054245283,7.802672956,39.77777778,10.22310923,10.61583337,2.865032793,26.72445668,-17.94871795,-68.48591549,0.617541926
8150,11.06308354,5.329034254,2.238436018,3.681153157,1.931370563,2.822514014,3.881989551,9.589403974,28.85935585,57.619918,1.750794987,14.98542706,12.22922031,0.730434783,0.816257286
6518,5.446291371,3.463331897,0.738858758,0.434845916,0.833783404,5.833943559,6.131992429,6.075481565,10.72117629,17.86578325,2.489583396,51.60629627,-9.266424149,-89.71835515,0.556950836
6777,28.7829488,20.8879774,21.09253716,30.92011409,0.868084639,24.51916442,33.71412473,1124.767298,9.839967816,13.90896795,3.879309375,23.75651892,27.34186158,33.51655323,2.207992152
4536,10.68920703,7.475865978,12.08217224,18.74341675,0.710088807,18.37575499,24.72600365,51.92151431,8.363284524,12.6277765,2.583000334,25.48682583,-0.649413011,8.338631678,1.48591347
1788,9.565074826,6.365235292,2.819386548,3.9883401,1.707598399,4.529663,4.811087003,121.0784894,0.868205552,12.17418276,2.416120573,25.04103179,10.80498039,64.09411127,0.802853509
5929,18.07520263,10.89169842,8.682780277,12.15556025,1.290799076,11.66324466,14.59902171,63.24901807,10.65919205,13.84850827,2.439526218,30.56220374,8.390183716,23.18660975,2.310063209
4125,6.745146443,4.028821831,3.687362418,5.137891673,0.768236977,10.57223938,12.55219759,32.98947242,24.5292885,70.97380567,1.456006737,106.8842987,2.606312629,-35.60447065,0.709165514
8119,2.799955725,1.580207194,2.444658501,5.260339599,1.774170459,4.29213258,5.870268076,87.97776286,18.0265984,32.1183737,2.121899153,11.5940297,8.648901913,80.1951082,0.81366637
4471,9.837869779,7.551909098,2.918640779,5.932882509,0.744447701,8.374221485,12.70438218,65.9375,1.938015264,2.642094767,2.800408809,34.08206227,-10.81562284,72.70308983,0.705002146
6516,6.522448764,5.076633614,5.762057089,7.528079553,0.660423332,11.40862776,13.61819984,24.63545151,4.999725328,5.080857897,4.031020269,24.07739067,-13.33610855,-32.98762737,0.986893016
9052,7.08504134,3.324639335,7.874977266,10.56405726,0.32449636,16.51380914,20.32528774,11.92375367,35.20498818,72.76801223,0.952141684,151.2731884,-1.863844977,-6.031892766,0.892389808
1960,6.792493518,3.505257542,2.575929501,3.130019599,1.258515996,4.294198264,4.283882757,35.4,5.337150019,12.70226803,1.476176362,27.45593593,33.76002345,,0.693798467
1420,3.353435028,1.016320596,1.478696312,2.100329276,0.938911221,2.248504718,2.459564704,4.625498336,36.41111754,155.9026848,1.942474096,20.1437482,-0.745229481,0.323310464,0.850989004
5958,7.205531712,5.054356916,5.380132809,6.982653476,0.970649654,5.227673126,8.520802277,687,2.856664994,5.617548879,2.527243391,31.67381974,-3.175436294,-16.08306189,0.617163813
8011,10.05794196,6.870407482,7.038735286,2.222488366,0.989930982,2.934232138,4.166096359,9.766917293,14.32030728,20.96423245,3.57037447,22.61692296,-3.433235304,-52.17231222,1.054659962
3176,10.08841324,6.353029926,3.477972047,4.845643529,1.691716567,4.404687046,5.536588335,78.16632833,3.787354436,7.408282799,2.487559879,6.750163457,2.661736074,-9.084684311,0.937302864
3058,13.12710773,2.983548056,1.070882805,0.744543012,1.333980973,2.167191556,1.89583492,5.874928721,21.98766271,99.38324479,1.298609552,90.67748056,-4.002461178,29.74697493,1.172957029
5697,5.777258944,2.950669691,1.844619826,2.735239928,1.259136703,4.102056039,4.572508487,71.79458821,9.869067511,12.85185281,1.68900301,47.09745435,1.801832642,12.24797118,0.609117121
2501,6.877849969,2.302773486,2.969847749,4.933897064,0.768755692,8.056449401,9.425858371,6.32633443,30.37295966,90.71698148,1.563490496,66.2380861,-1.08755469,48.61829203,1.668750864
3958,2.630341708,1.717660321,1.960064532,1.478301718,0.853442943,2.972222019,3.760558274,10.988633,5.053009501,9.588301518,1.410128721,55.03524383,-3.069731735,-50.98021609,0.562138907
1826,4.922046128,2.779293536,1.89375155,2.978551946,1.19904861,4.432184478,3.508554426,41.7826087,4.831023318,20.94446592,2.103894876,26.88442211,23.69742744,378.1094527,1.049885867
6287,8.703887554,4.767560838,4.619300161,7.972507703,1.137391905,10.38389737,11.55180321,17.65665236,13.94563421,23.24563695,2.196847182,50.58652942,7.920053539,18.84448724,0.915982152
2923,17.86577991,8.14903402,4.194259579,5.803462835,0.995218931,11.41612563,12.26811853,17.35595434,37.72319949,100.7667431,1.96736371,83.74113632,9.15338923,1.530947936,1.298236156
2814,3.44335999,3.139219874,9.376850233,10.58296228,0.29258492,14.12237611,14.86743725,114.6761499,3.165812701,3.472529236,8.211753198,24.77763115,4.250417899,1.400462754,0.497633756
3450,0.280064851,0.095155792,0.054824974,0.04429395,1.450957082,2.820086713,2.453121031,0.279634703,38.07451879,112.0618537,0.744769582,135.6317864,44.95946198,24.37043054,
8065,8.727734997,3.490063865,2.114200568,2.39604712,1.654309576,2.12158059,2.800542607,16.960199,18.81584406,51.79508161,1.361370953,35.92647252,3.86057122,5.216049383,0.782095481
9996,4.889435296,3.591723151,2.676579538,3.394532667,1.346609855,3.851555129,4.259824295,552.8597945,1.913936331,2.931721977,1.918248944,25.63959076,3.215612705,9.19566642,0.744000159
3544,5.614536546,1.184196361,0.766666001,1.672090562,2.187491811,2.497654082,3.056681374,8.957219251,37.04596835,144.160882,1.133601547,151.1229073,4.872278057,20.93862816,1.039942312
6901,0.310089847,0.155254777,1.046565823,0.326257362,0.910339241,3.792212194,3.885428584,1.790697674,18.97292994,49.92446529,1.362925099,38.3875328,-11.74556877,-86.32326821,0.643864981
4887,-0.718994098,-0.352487007,1.14958947,10.70763501,0.513201031,13.09622059,18.7706323,19.48026949,26.81918544,70.45451931,1.953246122,64.35054701,6.876547817,7.16933178,1.154845508
6675,5.675464829,3.862575493,7.964340133,7.377589775,1.014606119,7.575447454,9.02412954,85.36842105,6.083667013,6.101287219,2.537316002,29.8205695,7.382533945,-3.048416019,0.713805517
2156,0.675580183,0.324802787,1.29964608,0.46447259,0.503944181,4.890477335,2.12056551,2.011354253,12.95226317,47.53774161,1.271989893,42.059835,2.275100854,-74.29830115,0.880419227
7198,4.885365331,0.997671128,8.541180693,15.74107303,0.112293781,6.10981518,22.49237395,3.830786026,53.42013526,278.3467848,1.425770713,9.49217913,9.247733399,26.40489914,0.97724184
4765,13.81991474,11.53704093,14.23578031,19.60318922,0.627312689,18.85755801,24.31160369,,0.96319321,0.759604022,2.619665924,1.761273887,14.11965914,7.415482024,3.4662056
7326,7.128876312,1.386004246,1.714078887,2.16909832,0.541269597,5.880781461,,,0.001833945,43.35337814,1.087392315,2.3629289,8.172682527,-22.26683138,0.932723892
5834,25.046677,5.956373461,10.46855616,16.05353564,0.461731659,10.99580113,17.78795687,7.451827243,68.39862829,278.0558535,1.338050448,30.07190244,-22.58707938,26.69930333,1.011150732
2384,12.1833709,3.397414459,2.403210807,4.343073434,1.476630645,4.977525982,7.056474638,14.07534699,30.7661481,110.3296044,1.193356985,113.7435123,9.416371933,20.28920018,1.067970337
4845,15.40472539,7.173781798,11.06371742,6.737086863,0.707874254,6.500764981,11.13338782,10.1392773,40.76260855,89.72489577,1.736730735,30.37818167,-0.163462071,,1.207797462
3974,6.667350125,4.477255015,4.817539205,7.418803104,0.869810478,11.48110447,13.09268284,146.8693009,3.896171058,4.974858374,3.3470111,44.69234803,0.398391635,30.54784435,0.901719722
4412,11.85834436,7.913188632,6.779320932,6.482213439,1.085109502,7.380909212,7.442192165,64.34073185,3.218469819,4.432226759,3.004188705,7.868881154,39.65689688,,6.049556498
2376,1.706004249,0.924655335,1.666874047,2.899062715,1.106224747,3.262844763,4.665467016,33.90525495,21.33729825,36.89834135,2.786919682,63.46493927,7.150172185,-5.273669299,0.745536222
7735,20.18324414,12.64719859,15.90803318,21.70010028,0.927633438,20.24136812,23.75217706,1005.066667,0.679590101,0.964955865,2.002502889,26.84807235,23.83624207,44.09328406,1.740235226
8005,6.945434604,4.473210186,5.077948352,7.270022611,1.521731257,6.482208735,8.557657979,610.9,0.008829866,0.625171374,2.160475898,32.57746093,5.266454539,14.03770767,0.970319114
4650,6.77575327,2.552370829,2.232860976,2.33498317,0.994820072,6.102104584,7.393827783,2.609639323,44.93093439,122.6566182,0.680344588,151.7391159,12.49768409,-20.21468651,1.212820858
1711,-17.29362643,-2.234192799,-3.759492027,-0.36402005,0.950060457,-1.440146579,1.202951214,-0.195236703,74.7179576,687.4280666,1.13420771,259.5932576,-2.426255574,-150.5906258,1.42596286
9478,6.124930901,3.563846896,7.332228666,11.30903065,0.482590877,8.492129246,12.06848937,40.95,22.46381473,41.93477059,3.533762887,15.84300719,-1.038535119,-32.70336894,0.714185858
5304,4.690464574,4.224337849,18.4419,21.84803874,0.365729635,17.22633824,26.03034093,,0.010984987,0.078603567,13.29773651,23.88328726,-16.42587182,-33.26802508,0.608891187
9735,8.433043544,4.993018192,9.009518793,12.02499787,0.567837502,15.54883486,18.46214234,110.0633105,3.385477839,5.214397945,2.55405669,35.36353818,3.914474254,2.584282444,1.310775614
5028,12.61046639,9.61609243,8.476537533,11.91552704,1.231352071,12.01808265,14.58155503,170.8003992,2.369507285,3.185267924,3.136149673,5.83965786,25.86946958,7.038007618,2.656188503
3042,6.670955297,5.092359883,3.725692405,3.056545482,0.756876156,-7.102408459,3.137045014,264.075188,0.146032943,0.704420099,4.041991289,0.381508193,4.560410862,,1.587713214
4264,6.409966396,3.564607344,2.742158245,4.713735905,1.511125661,4.794281852,6.062902437,22.9230113,19.78738457,35.58217158,2.683106173,4.81702554,9.501376768,5.468044744,1.997738016
7743,6.495065989,2.266557029,3.287427976,4.700361851,0.655873768,12.23677151,14.88642463,4.62794949,50.73884361,141.946891,1.139912228,154.0575076,2.577051551,-23.80970266,0.929568531
6460,-3.563341894,-2.108791101,10.50290478,11.21907551,0.660544469,13.52331751,14.97407611,26.41273326,24.14819387,38.17259814,4.127714246,12.82326118,-8.525243909,-16.8340102,1.362012265
3968,28.43138518,6.388049117,4.750630352,7.395107608,1.553430339,5.890498321,9.173042571,39.24495757,21.33164029,94.94104859,1.218184532,10.31428816,33.96159724,157.4630596,1.882479354
6144,11.37884003,7.549934283,7.04605421,9.576637083,0.690961072,10.98584793,12.52398657,638.8,1.185063886,5.238033383,1.985833051,48.60362408,4.40444514,14.76823572,0.94355886
6223,10.76903901,7.112867375,10.06934328,13.20144514,0.747552409,13.02080298,16.0567566,156.2413793,8.613237837,13.04063318,2.218681098,42.89542565,7.025476317,10.94515181,1.016839714
9024,35.4098168,10.84525549,28.65088428,32.4853989,0.519512767,36.9308125,38.52114731,38.1464686,36.51494995,116.3227124,0.836627689,231.0117828,88.67981022,513.5479544,1.168287087
2179,12.6976135,5.172941091,3.23004059,5.465393387,1.558402421,6.293882256,8.241499882,30.7637696,24.7260307,62.59564535,1.106223797,103.3931426,9.041799432,11.08098419,1.045924615
2872,0.764744964,0.287670814,0.239249911,0.737471798,1.314153417,4.058179674,4.261758916,2.02298982,31.38584838,83.43623449,1.29621745,121.3682777,6.958006234,-63.26725579,1.352745291
8061,13.50080488,4.920753785,8.32035334,6.920647791,0.755687773,6.134380268,7.805065398,1081.166667,0.154400809,48.58722359,1.372333666,10.5778192,8.007144092,16.23364988,1.032078038
4548,-1.031603973,-0.882669285,3.083252908,3.388022553,0.465606338,9.292934424,8.4548179,333.5,0.444257389,0.494623362,5.017217369,25.21212784,8.728909508,208.0831409,0.615891247
1898,9.946752375,4.953593655,3.912115783,5.879747982,1.243848547,6.498721794,7.932929407,67.93023256,8.010320484,16.13498993,1.397670231,62.19898302,12.85936595,42.76637341,1.163593038
6286,7.665318699,4.416623691,2.607123607,3.56397052,1.431002791,5.232476859,5.868793735,70.37993696,10.35980185,18.09990399,1.523362007,55.74454046,11.07030236,61.89174555,0.637330581
6653,11.25545912,5.864899899,6.48820905,8.336520076,0.964855641,6.845124283,9.738687062,113.7391304,4.37851073,8.402896788,1.616092126,41.1576096,7.838757346,29.69757065,1.396772379
6724,5.373456667,2.969046202,4.048442196,6.573270802,0.949934049,9.457762021,11.86637162,48.82288828,15.42835682,27.65497942,1.983385009,47.18372865,3.724967618,38.42279287,0.97226546
8050,13.41202267,5.665482239,4.369897356,6.970112619,0.817558196,8.799845116,12.136088,13.55520102,32.02612963,67.97309774,1.164106985,72.44569538,10.09259159,44.1142547,1.029453125
6834,17.05223016,13.88335089,11.13638728,14.09838327,0.599999291,17.39868004,18.86779782,,0,0,5.022875444,29.05126908,26.58770807,167.7042879,1.173714305
9076,5.910357231,3.043952052,2.611147351,4.052743712,1.009853016,6.763568704,7.618490948,49.07060755,16.33970733,29.7218122,1.005717952,107.0249724,14.71132261,27.68757477,0.896435859
3569,10.99525009,7.912740999,8.698239306,11.19051944,0.825760769,12.13882608,14.96746068,71.17928287,5.231323693,5.997726179,3.136375978,39.21853094,12.49903111,26.98841424,0.99880148
4341,10.72874494,4.802306425,0.419776119,1.451077944,1.621444477,1.35261194,2.249170813,46.66666667,7.454695222,13.98601399,1.628659954,14.07802724,4.364757423,42.85714286,0.783898441
7531,2.178018219,0.959691781,0.695651044,0.800095949,1.3574521,1.6593367,1.740825714,167.8234801,0.744569195,1.68979802,1.414643904,46.28712885,-2.807954029,,0.710366515
6748,6.46440558,4.076554671,4.853223608,6.494215505,0.837796989,5.980972221,8.637440517,27.86580913,11.70969046,18.56866753,2.332397219,16.25121238,0.675818205,-6.973764026,0.719273498
9170,10.30341267,3.395111404,3.940838689,7.45480305,0.946730021,8.017292888,11.36998969,7.75042785,43.4502608,146.9602176,1.232736766,166.0119024,11.59120559,38.51183237,1.199360351
7857,0.656428207,0.544144041,2.279420294,1.823606141,0.659364338,5.731569318,5.167822927,80.38086707,1.172532934,1.21676423,3.92744254,37.9671578,2.614927697,-15.67954597,0.454652986
9976,3.375713905,1.706926032,1.255480209,1.943737142,1.351798654,3.086527705,3.393024966,12.19462929,16.56352579,32.75696971,1.35536296,79.65979781,1.231210484,5.115303485,0.737560662
9878,-319.1254724,-15.61686314,-7.277137603,-3.693203008,1.481103814,-3.884599532,-2.644338318,-4.79269623,66.23160344,1288.788634,0.990919005,296.0116707,-11.62592893,-288.2122141,1.259040812
4204,7.587929864,4.603369738,6.312829704,8.318371587,0.977950128,9.788835172,12.46060501,104,8.328085808,20.52497808,2.067940777,50.02427702,3.280123641,14.3559322,1.17062918
3309,6.830008262,3.456470681,17.43533618,19.89380269,0.197929874,70.47254273,24.07243481,9.151832668,46.88003036,92.63524106,0.499176505,0.990774167,-27.02156698,-1.427056871,1.094448971
1928,10.84751229,4.63574651,5.528806872,8.132666591,0.855367208,6.091632956,9.151289614,8.713038818,36.92876076,86.41222837,2.794686058,21.78644289,3.433193309,3.028666101,1.008069143
4212,4.398453016,3.019842836,4.774285676,6.750548962,0.541115238,8.837278226,11.51944605,20.28744939,10.40726255,17.15480297,1.614250037,22.39991638,18.22105431,-20.46031746,0.725909997
4228,-17.83238944,-6.402031739,-4.582263336,0.46836699,0.96969697,3.244280378,4.901803432,0.722972973,31.47800173,83.1428513,1.118809268,100.9323056,5.225501862,-49.36908517,0.754184504
6540,10.38495533,6.749906868,4.614806611,7.021755114,1.427573779,4.679393345,7.397207953,,0.029799605,0.04584768,2.790383311,4.048667494,13.3814422,20.58030353,1.196646028
2916,3.085337179,1.768809039,1.709046229,4.040083473,0.856531182,7.346850774,8.409308471,18.62814665,17.62026646,32.19824417,1.672229455,42.80067307,-2.281946064,9.396144184,0.822751262
6626,12.95351414,9.643647307,12.28821469,15.45718826,0.85232658,17.34521582,20.05712961,54.23711583,8.927847253,10.36884545,4.78146787,30.51454144,11.72509345,9.643175731,0.838166443
9069,8.198930914,2.47975969,2.177871394,4.089637821,1.216549515,6.342402434,7.930489731,11.04551201,44.58781282,170.9414763,1.241211826,166.7437966,9.787119236,16.85558565,1.019838918
9051,5.385102582,1.684847079,2.690095292,4.322051163,1.018607925,6.809058353,8.142876153,11.83807418,45.40318828,153.7018992,0.853193297,174.4021642,7.304266894,44.96629826,0.942370317
9824,10.99049508,5.791787535,4.954606132,6.529194416,1.213564905,4.366809006,7.115516517,1770.6,0.618006883,1.155634573,1.546823997,38.02140317,-0.412770927,-14.06523005,1.168533261
8714,6.496772889,0.239779666,16.57034924,23.50270189,0.012420002,27.85825078,,,6.458828598,162.0603798,0.217721684,15.4075597,10.29801325,16.12484549,0.98145171
8165,23.12026765,15.01601098,9.362743933,-6.096836301,1.627001315,-5.364740558,-4.777637803,-30.90361446,1.166514181,1.796090861,1.993980693,41.38639432,-8.260101616,25.84562012,0.716000062
4293,5.246347242,3.623858179,11.51935608,14.28856918,0.312492122,16.63190405,16.71125698,109.9164467,4.998512941,7.236468231,1.556098,2.647668366,7.158375898,39.36555595,1.361692082
6199,17.80777542,11.89731775,6.900443622,10.29481411,1.952619655,7.609567358,10.61270816,6001.632941,0.209041636,0.218662183,2.547493476,9.874450368,11.49737001,12.17448017,1.972155696
7318,43.5357606,10.81655063,8.311230159,2.923820148,0.956878569,7.155243412,8.018958792,6.253760695,41.43178075,292.3819819,1.236220154,140.6893761,26.97379067,67.82448974,1.00202463
2782,11.98218552,9.053068991,4.746812679,7.124450444,1.70806486,7.286514025,9.315059219,2104.625,0.998978635,0.924056962,3.907791793,23.528268,5.880323653,11.34845579,1.563458557
4434,-2.920117818,-1.632972959,1.89638436,3.001582915,1.842324277,3.035015154,3.502358161,,0,5.235406566,1.747862397,0.96894287,29.82934378,19.45322824,1.354424191
3382,8.08631077,3.202038465,2.80684063,4.055437502,1.016146276,7.700386989,9.039959472,8.548421648,41.49399368,104.7874133,0.785273614,124.2377195,-12.88335975,0.475305944,1.156086465
7896,-0.443529225,-0.254846637,1.193332901,1.193332901,1.431462656,2.205071665,2.042934042,20.44444444,17.55711295,29.79565975,2.24867374,60.95358783,1.015461216,384.2105263,0.633148924
9213,-21.17914407,-12.24957438,-9.362355579,-5.869500504,1.198010959,-1.061133002,-1.732165695,-20.02423921,0.906332931,1.567022259,2.650641439,4.834809786,-9.498723835,-622.4679162,1.078529819
3198,13.04022112,8.155115466,4.887111371,6.662567842,2.221387371,7.195102444,8.683980121,337.7879546,5.848744825,1.019804868,1.649412977,37.61223253,4.503353549,-0.11267967,3.692533514
9143,8.827590249,4.921416662,3.929047301,5.938729306,1.526827149,8.052924511,8.885514782,34.32903478,19.7357332,75.06856021,1.664742403,84.20762324,12.32394794,-1.521215179,1.337406761
3976,-8.494627363,-4.192491726,-0.862521444,3.763514592,1.319637235,10.71692103,9.851345627,11.23655306,4.860532171,10.25566413,1.432832599,9.222909193,-14.24213722,,1.594744739
4178,1.489144669,1.028728083,0.5377011,2.251431286,1.864413421,1.962426198,4.919277541,31.26791277,11.08207637,16.0419602,3.434342927,0.1566736,-13.75463699,-58.35373393,1.306871162
3989,28.20800079,19.29676771,16.47118183,23.04465432,1.225682513,21.38578187,25.29989986,739.6932286,4.135760771,6.544564603,3.159240412,12.96381444,14.3544118,15.65116072,3.532511292
6753,69.32109902,7.37434049,1.670905578,1.265608899,1.419392186,1.710717701,3.58290597,2.65530303,37.62982122,290.3198898,1.29447381,130.5547473,-6.967291307,,1.306265216
6104,1.929658363,1.132725806,7.489699211,8.380947851,0.742927565,6.274414208,10.03501971,74.18947368,5.451211631,9.078184875,2.114814193,28.99437574,4.692100365,3.53286816,0.83740212
6590,25.8532874,12.81465729,12.76401162,17.47142063,0.865984567,16.99190509,20.7724155,162.4942529,9.151381192,18.32322421,1.914046771,37.40516094,19.77470543,20.95311431,1.471501605
9304,10.59262136,5.806072578,6.24395828,5.938692445,0.683004804,8.646654795,9.561180361,35.64122137,25.82548576,43.29631068,1.779119187,89.29553398,7.086914475,9.318660735,0.840837323
6340,8.317117918,5.630198337,7.791996404,10.63968314,0.803021203,8.991838285,12.98666067,473.3448276,2.318944212,3.004021423,2.471127964,40.5941328,11.7668971,2.770083102,0.88265405
3697,20.59604747,10.88375806,6.882659703,11.97975643,1.841992125,11.41050231,14.47476872,132.9230769,15.83759352,48.87784195,1.722990251,19.30696688,17.34838692,47.5941919,5.65878542
7980,8.164106865,3.847674193,5.531093958,7.577159611,0.820682404,11.17282666,12.25879971,26.15084004,27.72462979,72.99730259,1.425426866,57.70522932,8.59697368,36.25039818,0.843308375
3109,4.208911988,1.731085959,2.338373372,3.446158569,0.462814517,6.549492159,8.703661064,4.845323741,31.32541379,85.00468604,1.498692697,158.1948823,1.04961092,-5.738278516,0.736240017
7049,10.23719259,6.052633258,4.499324911,7.5195115,1.340286567,3.990430347,8.501197966,174.9266904,2.186909576,3.698855283,3.602987996,4.960418013,21.75012567,46.79440469,1.71005938
6614,-3.963496929,-1.809484835,-0.223817916,0.864056245,1.160424395,1.408392343,3.286381806,8.961005889,12.65734078,43.10320616,2.26127338,41.89095618,-8.120648834,-90.66213556,1.408861197
9507,15.29594674,3.869649768,8.025027044,10.46207477,0.503690868,15.68923619,18.01893119,14.23362097,53.36176509,214.6934601,1.415888691,243.3409129,8.127477289,12.8547537,0.882883708
4099,9.019670558,5.84597312,11.96520755,15.37373595,0.504059998,16.67350258,20.37903967,74.96551724,16.83377673,25.97259982,2.912539029,31.75115944,1.744060553,11.59018581,1.166638741
6222,-3.348130991,-2.205570719,-43.89298893,-36.64821648,0.271177395,-33.01353014,-32.99200492,-248.2916667,8.460338719,21.74741041,4.208541289,18.25387634,-9.440267335,-2865.197216,0.606104303
7701,11.38820903,8.438253615,9.975939018,13.30514779,0.800878661,13.41404367,17.14173347,257.9892086,1.747605169,2.394294652,3.003919676,24.00498736,5.304212778,-1.419853204,1.862260946
8227,9.100492278,8.015620183,6.338895669,8.765954171,1.246236906,7.354174033,9.763410628,,,,5.666426082,32.28034265,5.195712884,3.784541112,1.443142295
7150,3.029287581,0.079467917,7.694251421,9.387239419,0.01435182,23.79027164,,,3.510477634,252.4495677,0.1880353,85.22741511,15.01017146,172.1611722,0.980838097
7309,3.914859212,3.62280842,7.29040436,11.08391976,0.491505653,17.20690713,16.91950335,474.1100917,0.429523048,0.464148822,11.30605767,23.16609387,3.381427206,-20.60043635,1.597070818
1803,12.37191554,4.216230395,3.395204592,3.65318151,0.768136153,3.552942871,5.374981999,11.80701463,23.47851687,76.41571627,1.255444884,73.09833887,-3.049486467,,0.9917859
7482,7.117833034,5.97232512,3.441001978,4.963744232,1.423577713,5.146671061,6.829268293,,1.290538441,0.390213336,4.278453039,40.36286992,4.993597951,-7.692307692,0.857087297
6086,35.39579926,13.86752531,4.018829673,5.968341779,2.960252315,4.76783262,6.552136187,503.7137229,4.3329902,7.384833328,1.618648778,14.58219961,14.99938603,22.22087688,2.291677818
1952,18.49799405,10.84745189,7.013160571,8.241335231,1.169206469,6.881700125,8.721420063,1134.7,3.263205998,3.653996017,1.915520587,3.267238145,7.58411602,22.85621481,1.08319961
2395,9.96963326,4.317540325,15.1936704,9.209704988,0.384234554,18.37331851,17.26519813,14.72399319,37.44618223,103.7495263,1.125912073,87.03182611,22.54530619,-28.28068692,1.210888344
4063,10.41940618,8.618704783,20.85002278,28.9743793,0.474983762,34.22435694,38.28065916,,0.601479509,5.221049001,5.975959515,44.31006893,6.05862596,5.858170313,1.614822201
7970,8.370008282,6.737783356,8.527608472,12.0019533,0.752857717,15.48262828,17.23698251,379.2,0.493502758,1.718985985,3.742151622,40.43149228,5.942766265,20.08686211,0.984244707
5351,35.77496124,16.30979335,6.786884336,9.20303737,0.822443778,7.284552168,12.4472486,27.7966457,31.71698751,50.60338435,1.845575168,52.40230118,-0.071440957,-4.40519106,0.915072969
3131,7.324474842,3.260134388,1.469369716,3.201997914,2.484456408,1.958241425,3.239563162,2.960804332,35.8779245,102.4708287,1.778596798,0.260495938,3.453225116,18.22575404,0.806464331
6844,5.810050798,2.81546712,-2.301804781,0.121893603,0.752796401,2.823396012,5.204573372,0.349593496,29.51075489,72.64302129,2.722800776,53.14163038,3.490089086,-89.921875,0.66860173
9760,-12.08591134,-4.764745315,-9.074172449,-7.029041822,0.265841935,-5.338556551,-3.92602704,-20.14180851,29.79020988,82.73811467,1.11917008,73.16361802,32.1933083,68.02370594,0.742383038
5542,6.908398143,5.179919882,7.241269692,8.417622199,0.712016875,9.355509018,11.22055982,94.62276786,14.28279592,19.04879671,7.498208159,24.62904491,-10.78482119,-27.65951175,0.872548884
9083,6.196550957,4.569647995,4.666314159,6.564187786,0.813781763,9.292971258,10.44113759,579.3333333,5.304668048,9.214968765,1.205033557,88.25788974,7.021018593,10.59497296,0.574521681
7120,35.20871589,9.646919821,3.033942016,4.06810007,2.614794021,3.798692133,4.704115052,1518.081678,1.345153794,30.91034227,1.652057322,17.39905473,4.699749221,9.700580653,1.232954321
8141,0.591864761,0.382256312,0.436176815,0.549962072,1.289952408,-0.536169919,0.859423488,5.361344538,12.67566926,17.02094737,3.364714185,1.259163266,-34.02901386,-86.92622951,0.678488304
7224,9.253126478,3.890513168,3.362095173,5.243187047,1.012035059,5.322754381,7.385124662,19.62078652,19.44355828,53.82630973,1.917028043,44.23040874,3.649342566,18.74203145,0.923151144
1879,11.34466492,8.022942517,9.734015889,13.90758153,0.77196665,10.11605475,14.19999696,,0,0,3.271615883,8.684277223,-1.389336189,4.169985209,0.821370537
4931,11.30694024,9.067257322,6.208070005,11.62372387,1.476695562,9.253767623,12.51093826,4782,0.267201069,1.902757683,4.942386831,8.294971283,2.739554978,16.69106881,1.900456046
2903,6.834104428,3.480778294,1.729371563,4.04676415,1.915952144,5.821234671,6.766578203,66.65714286,19.59200162,32.72967614,1.249455647,101.8307997,5.154582763,-1.561181435,0.85057365
2926,4.647237699,3.571030804,1.293780297,2.009712875,2.21916703,2.060831482,2.349041109,,0,0,2.538795568,22.14084174,5.544132439,,1.362325991
5903,6.633018231,5.224538668,7.95875855,13.24972859,0.859261275,9.465733905,15.05748562,519.886049,6.44916883,6.738817927,3.55767806,64.46398722,2.185999375,-3.811782231,0.959739123
8075,8.816903257,2.083904154,1.387446389,1.903667829,1.575882381,1.295252415,2.183814368,6.213114754,15.93429317,66.23285724,1.240040411,9.455587393,4.35317053,-18.71454269,0.890354867
5380,0.272516642,0.142531384,1.514859101,2.271013553,0.747499254,4.775434792,4.573580368,7.378317652,32.89674567,60.45823893,1.032214682,106.0510804,1.803649145,,0.653182567
2776,2.964802479,0.72071496,0.350133397,2.105846973,2.848740566,2.089486703,3.123379878,8.976793861,41.31157804,169.9432867,1.40363222,115.5352546,127.2106136,1147.568966,1.241856752
4615,-2.749797809,-1.16838488,-0.289045187,1.112823971,0.638197135,3.372193853,3.921379709,3.786885246,15.70134333,37.48989045,1.049723279,124.0570546,9.517779888,,0.681500234
7607,8.527216585,4.981197161,3.845014642,5.265510192,1.230582753,5.587847193,6.570012618,3064.9,0.891266987,4.780091567,2.155561219,18.98827792,10.66298076,27.45077214,1.007375877
3447,11.26368278,5.954273612,5.570682464,9.3640951,0.69122406,10.14882798,12.69774152,12.20211285,38.35393026,70.8029033,1.475650363,38.86521665,38.05044012,140.2049436,0.817321114
2437,-20.34867031,-14.42044222,-6.884346937,0.500534681,0.547574713,-6.377863299,4.82741009,2.336117381,8.830990158,11.32584331,3.708225379,9.938564652,1.551572471,,1.338897633
7118,20.90987049,6.904981168,2.834433534,3.246015087,2.969528509,4.274012387,4.576057357,34.53929585,30.11846331,92.310657,1.656185388,57.10524034,8.603496708,9.661047479,2.533369
3004,20.03414912,6.385603367,3.28950645,3.4513671,1.483596867,3.545993326,4.218337567,6.3,48.87889123,142.891292,1.302329042,43.72225384,-0.114416476,-22.74247492,0.909744812
4507,14.30747971,12.69138157,38.88807761,36.45691677,0.296902685,43.28766873,41.23321803,97.07108141,1.425213421,1.6740288,6.634907877,9.898276262,0.73250728,-6.812667678,1.357016509
3360,9.384412082,3.665162876,2.230367619,3.655255083,1.763319225,3.635940073,4.741761264,49.68136273,10.29625205,18.51190995,1.379995,34.13001335,7.486830177,1.411273828,1.101633391
6658,18.81547139,9.573105109,7.076388179,8.784129257,1.494726652,10.0589699,11.92691823,19.08888889,14.80551427,28.7268332,1.348882285,79.31103948,1.747997087,11.65511265,0.925417188
3192,16.65904011,7.255799961,7.482531706,-3.117751246,,-0.55420359,-0.001378113,-6.586847416,39.02610825,81.32929686,1.008629734,120.1355761,,,0.903770356
4911,-6.771290222,-3.210006502,-4.193745928,1.798468441,0.746404915,9.084095539,9.193890259,3.602106133,25.5006881,53.7919658,1.366750824,61.88825099,-2.078971437,1855.717489,1.227948221
6994,8.382519445,5.111976179,4.368643917,7.148202034,0.730958241,9.21621495,12.16520217,37.07512565,22.98647444,38.48790103,2.922315968,60.65535402,3.955847351,77.93217448,0.6527144
5831,7.86638365,0.584141342,22.26356321,30.27990201,0.021041453,22.78332582,,,14.58317703,168.1151683,0.148436875,4.29186094,0.63717792,7.506514969,0.981778377
9543,7.651596494,5.129854549,4.993862043,6.994289463,1.099266544,10.47180267,11.70386716,90.21153846,9.180438345,13.69337263,2.077592743,45.93013958,-0.509303441,36.59128409,0.753506407
1414,14.02650784,11.30946445,16.60199312,22.92419966,0.69316176,17.62942058,23.72673957,,0,0,4.88075762,15.25675303,6.196513656,5.735496009,2.029056682
7819,15.32096794,6.963734472,4.420489311,6.6425931,1.438901036,6.580271057,7.784830877,37.77310233,31.08132542,82.03421255,2.040164805,28.85715484,5.748815391,45.48540777,1.257962265
9475,1.899837555,1.343184956,8.652837891,3.02626534,0.335526687,6.961998915,5.334273727,17.40367647,3.474999281,3.777541647,2.431166756,27.23035728,-2.392273067,-56.7205321,0.689757035
9601,4.839753068,2.283101041,5.348654948,6.265712628,0.448337938,11.87187656,11.21945262,6.256097561,29.40740515,62.33827443,1.350103253,98.69972645,16.99930931,269.7297297,1.191663781
7839,18.57841439,15.69099301,19.52305216,27.49740658,0.880208171,24.78740715,32.02219665,413.145636,1.224520349,1.477960697,6.010202164,22.92622874,-9.57538381,-13.8527036,2.579106101
3483,24.42993304,3.79687517,16.60556342,27.74387202,0.228062705,57.3216542,31.37545085,2.902684426,80.32528146,516.8305935,1.667286334,518.8177559,57.07546484,129.485723,
9385,18.38534479,7.536274528,2.455734734,3.936150508,1.897867321,2.639498019,4.92341839,22.3335321,37.87426811,102.998938,1.477619704,64.84497572,-2.134179861,-1.52959348,0.998910708
8079,6.664820169,3.783329433,2.430657025,3.957560994,1.33943937,5.059525652,6.224561058,20.69287897,23.35095907,42.428087,1.947375386,41.5716616,8.409925536,2.023163384,1.09698907
3537,5.092256456,2.661313806,2.108562681,2.238175966,1.475061464,2.319965867,2.288845885,2128.638783,3.509100882,0,1.640763542,1.779405906,10.69683211,27.14294474,0.805532886
7979,9.953584322,8.493019162,11.15819939,13.93612073,0.77328724,12.4244147,16.67269626,317.2352941,0.426051126,4.625158235,5.274243005,24.85583009,10.31356899,14.50106157,1.646038317
9969,2.370642395,1.106054208,-1.154200706,0.277590277,1.128162511,2.393572656,2.96048447,1.039095794,39.64895577,43.47572438,0.970318021,119.506938,-5.200131077,-67.41050674,1.234138756
4990,8.062372393,4.794025532,4.458426965,3.746571278,0.679634882,7.251895175,6.507671093,11.54543635,21.12002738,29.13731104,1.851821456,32.17621084,0.444264474,-31.31469897,0.748565031
5103,-22.6158779,-6.016440796,-2.363262258,0.293451535,1.290489495,1.06092678,1.240443248,1.882628759,13.63121658,32.22155143,1.503402573,16.09283136,-2.808179977,,1.035375371
5953,10.89034475,5.221152361,7.26074896,8.370319001,0.732407243,8.862690707,10.47156727,30.94871795,17.66129448,34.36795188,1.323315239,40.56492321,6.696263411,82.05128205,0.686696224
3954,5.335516168,3.742315308,5.66227397,5.908883079,0.696803547,7.902123362,8.913147369,90.24392481,3.620168982,4.924567346,2.722344083,24.91218656,7.689902832,34.86540907,0.517260758
2004,7.517521374,3.92127311,3.468640203,3.314644539,1.274934952,5.357554011,6.678029454,36.95,19.54878501,41.96980249,1.438822388,64.52607092,-3.445279162,-14.71764887,0.820055201
6384,5.919305416,4.406485015,6.626442445,9.342733031,0.564220303,12.30946786,11.52805305,471.8737344,3.651907325,4.927350543,4.02812296,27.17418829,13.6177019,304.5237779,0.784989785
4752,14.54239955,8.854658681,8.585929873,11.40752968,0.96937225,8.306590458,11.69219523,15554.40984,0.113966465,0.187172191,5.341286849,9.167843668,4.47876121,4.394539201,1.06199307
3909,47.70322764,32.41503254,27.93447241,3.142632886,0.969231404,,5.650486193,6.138019255,24.22744494,35.65405402,2.833334017,4.838129571,-53.29560606,,1.27033463
4678,5.038596856,2.417048121,2.787805333,3.616718733,1.165202014,4.719277548,5.285636865,28.62386204,13.48688871,28.22155138,1.041313076,126.4456904,3.372176319,77.65492214,0.718937499
4386,21.19356345,8.933172938,5.480167979,6.656865699,1.686835904,6.246851196,8.069092262,71.3548466,27.70055495,60.41006562,2.022209071,5.3772363,26.96455716,64.15059853,1.225988005
7713,4.937263559,4.258464735,8.5144477,9.766782654,0.556867594,11.80495397,13.3789841,254.5678596,0.996575124,0.541914798,6.800113185,26.86409148,3.276203447,-4.027054639,0.603784846
6088,30.46825061,21.90036223,16.71381504,21.41779042,1.374220848,18.41367421,22.34573141,9743.089965,0.110331805,0.083758191,2.943432218,4.028997402,17.32652001,33.15116442,4.231360047
3996,4.055682633,2.504294893,2.428399892,3.135376986,1.056620649,2.997842845,3.152389548,10.89625775,16.18980127,26.2192348,3.604200685,0.160739626,3.814831413,-50.79643629,1.51738262
7613,2.408810027,1.196466887,0.859094065,3.058471593,1.361202409,4.626050551,6.230936368,9.815964523,19.98345056,40.2320671,2.133215094,41.34300602,-4.241616333,3.422497372,0.797534844
3907,3.883495146,2.569593148,4.787357657,3.439460841,1.661710755,5.135951662,4.740878457,49.33333333,12.13418986,16.61272923,3.391489362,5.609492988,15.0227212,10.44776119,1.117060131
9262,11.46010154,7.64399159,4.70950616,5.667045864,1.467771639,11.0756648,11.75251638,74.11492943,16.12043971,21.7258159,2.064902714,83.34928976,10.05547798,11.20788084,1.093680062
7176,45.7409802,32.46144692,43.41091786,57.44865402,0.795924006,43.39856435,57.5873788,34843.22388,0.133176083,0.138584292,3.32964163,0.285036853,8.603034928,7.662981776,0.801037913
4373,21.28047531,12.88549808,16.41769,22.65898637,0.584515771,21.23053551,28.47406845,54.51269036,23.10507381,48.57201393,1.878083685,11.26818275,16.42429007,20.89384217,2.365577262
8132,5.482702409,2.857439538,0.994582458,1.264513525,2.957997146,2.181206996,2.297252127,44.06593407,5.176808201,3.182394494,1.453523862,50.5071545,-8.947921512,,1.090645491
7782,9.377707206,4.910286888,3.545362589,7.034837887,1.370624116,4.883519191,8.307222644,22.89393741,34.04097785,65.01174586,2.301942874,2.128976688,14.01787383,8.243478333,1.090473446
6507,15.50499819,8.968519227,10.15274864,13.2060428,0.859085469,13.47712967,15.70541334,95.36363636,10.79557349,27.56679854,2.011933361,46.27413296,16.06612311,57.14571058,1.639407289
6458,10.98281065,7.877925103,13.73563722,17.51951583,0.658884041,16.16524866,20.53679502,356.6785714,2.847159312,13.95158116,3.131087847,34.078533,9.74529773,15.76446041,1.245268993
4428,11.43301588,8.902100641,10.63542863,15.1531055,0.886632969,19.77888164,21.35082914,,0,0,3.512705858,2.055307943,14.87431874,99.61527041,2.204220449
6339,2.478703216,1.25230187,1.835259346,2.00034615,0.707390865,4.136489509,6.538901906,3.097938144,21.61266071,40.61394929,2.211155231,43.67031993,30.06969999,-44.44444444,0.647382381
3744,17.24177117,3.694561355,1.679627879,2.091929844,2.275008564,0.918844079,2.403176274,944.8293839,0.545146703,2.54408949,1.183613994,3.424559778,-7.303746993,1136.449902,1.290956292
6276,-42.85091426,-28.38529505,-35.41394339,-6.807076648,0.715733861,-8.328268184,-3.242357597,-56.60491341,10.82013376,16.33425417,3.325741314,0.127401674,-10.80028029,-25.01445382,0.886133687
7608,20.0361612,15.62363486,8.21596892,11.4580248,2.114388772,9.916494134,12.0605457,,,,4.538217848,2.580816234,22.28197976,51.32860294,2.044122711
4628,6.306873777,5.396481534,10.108157,11.72485915,0.567328199,8.667633924,12.25999133,319.1025641,1.569809425,1.834637965,6.037816932,8.559197652,5.212969479,2.970378951,0.764823174
6677,7.909412657,6.434584802,9.356981828,13.20503851,0.707388285,22.27609363,24.54454692,555.3574928,0.609721078,1.771210223,3.410890115,45.30958626,13.44960384,25.98178809,0.884944072
9412,7.926974289,5.535504469,15.44281084,22.2185401,0.305927735,31.16770799,36.99614455,17.8848406,13.67106744,11.91442233,3.272630946,40.88758258,1.517165551,3.552324267,1.119485548
3197,8.92907601,2.666908708,3.658414046,7.189478237,0.768238348,16.51703605,18.63152422,9.012322015,39.43196819,132.0221574,0.641327867,122.7337431,14.12609379,35.9872743,1.920356595
9204,1.637228511,0.419057686,1.970741921,1.67871213,0.98661774,3.833120586,3.661392376,3.360294118,28.17785412,130.6980346,0.790107622,58.12161215,4.629353831,-60.84814735,1.03788768
3223,25.49346203,11.67528244,3.930136849,3.806237731,3.423599272,4.247013761,4.423957872,108.2735043,9.201612859,,1.403227528,,2.103286259,8.852868804,1.838850962
9253,11.60391402,8.15088171,11.9236234,17.61532564,0.719246043,17.00969425,17.91653747,,,,3.115096531,0.017689733,17.75330413,125.1296191,1.138061889
4772,5.031086124,2.586128181,3.686310196,1.705306256,0.704633376,1.671762335,1.817874555,3699.276596,0.021523487,0.041872061,2.07602222,0.254271037,4.936021023,-52.24104447,1.284250725
4431,25.20742131,17.9823955,14.81451694,21.46536839,1.182877639,20.51726836,24.77827844,31671.81333,0.930450846,1.304290437,2.788938611,9.860435706,31.96745191,36.89399672,5.922906325
5137,43.78356595,20.96570269,15.75872276,13.55508334,1.352595102,18.02735799,18.32124606,55.29304237,24.10957027,50.1065475,2.209471809,0.840517185,32.45968549,122.9272835,7.849577039
9417,18.70934056,1.910780581,21.00253355,-10.1523911,0.301432664,-7.871740302,0.542840695,-1.464756587,77.53666111,724.4945903,1.911944921,735.1207565,14.34312724,-42.27918379,1.051931231
6273,8.172408482,7.501403059,19.73771253,24.01768446,0.377614517,22.18119246,28.34891202,2570.891892,0.246338599,3.867123101,10.48254558,24.82610159,1.961066996,-3.047506447,1.692150102
7084,4.354063274,1.858518951,1.109786549,3.006509721,0.929478218,6.128590781,8.597049024,19.4866635,30.19432249,47.42097492,1.278914662,113.1690772,6.13287371,76.37072802,0.848337995
6798,-6.248930564,-3.165522502,-3.920834114,-0.455765749,0.827552356,4.95723294,4.428627916,-0.990950226,27.06816448,47.2673762,1.991289722,50.49108518,3.286617084,82.38133548,0.756960516
6185,11.84643138,7.9070588,2.506203529,2.054445022,1.842210509,5.870077315,6.788404112,14.53311862,1.275658268,1.67980282,2.353699364,4.696779737,24.67745031,133.9790438,1.29895115
2175,14.51425432,8.973085968,9.932405828,10.39506497,0.818010401,15.45806536,16.65080719,62.73267327,10.52129605,18.82541896,1.61167153,2.508506097,12.93053934,-23.38573156,1.63165296
2186,10.14270668,7.814377089,5.126558751,7.374910284,1.550800909,3.663538405,7.525573475,,,,4.375115539,3.631393574,3.391043735,8.134188549,1.443852172
3929,11.70499786,7.163229117,5.852649651,4.714528317,1.505722379,9.501370206,10.49149137,8.842295526,7.702351267,43.69782482,2.482722239,1.653468343,-20.8246073,,1.433953597
6526,5.770325292,4.643242989,10.3959477,13.26013738,1.055768972,17.96112128,21.8723314,,0.954718399,0.90626505,4.038566084,16.29963662,-14.78490007,-29.59729654,2.057642481
3634,-1.405170884,-0.952465117,-13.37986519,-7.748535622,1.164730603,-12.54119541,-7.738053451,,0,0,4.883264065,0,2.067436332,-1.620653559,2.002014275
8158,7.438632131,3.00136612,3.369354987,3.24041384,0.853271512,2.984066558,3.8651644,36.39655172,4.487704918,15.82190621,1.301015486,24.15777891,1.577946175,-4.609127881,0.916874639
6143,4.986688172,2.876661696,5.602442536,5.225140247,0.531847691,10.1586159,9.775107978,9.503386005,24.02911075,41.65442273,2.866740847,35.56633267,9.371776076,88.8739345,0.732844067
4464,5.719533564,5.006112166,9.796483715,13.56251522,0.467736898,13.44427198,16.89538827,1344629.667,0.321966287,0.99489101,7.033432174,40.04705969,-0.442018706,12.69672182,0.675457863
9434,20.61746664,3.512980684,7.945435062,14.66368924,0.413883639,21.57715,26.09361145,9.413802237,37.02695192,273.0449367,0.710827881,112.0695816,7.56651625,12.68917688,1.350737602
9984,32.29718107,8.156737687,15.66191112,10.07480654,0.157922607,16.43750366,22.04129849,1.254892453,42.4460225,215.0128137,0.748545074,32.44225059,7.211603641,42.30469992,0.933175
3371,18.36548049,11.03389054,11.46212004,17.76303455,0.925437055,17.68756873,21.77007958,,0,0,2.785479525,1.39162867,10.889146,6.355745725,1.685591176
2321,-14.63609568,-10.55481948,-9.854905294,3.35976202,0.741077,8.037518213,6.773555124,413,0,0,6.507437957,0,-7.410217928,,3.320177871
3671,14.60904695,6.281654243,8.276633976,10.68938393,0.831534924,7.751250244,11.31700981,63.62254102,27.14241085,63.1242566,1.54947003,26.66228321,27.62327993,11.78780799,1.449885405
3733,13.71491312,11.01019391,14.44985579,19.83308903,0.870768186,17.01971724,21.91120148,,0,0,3.187402344,43.25949971,10.07937541,15.29686641,1.57146594
2385,2.881533665,2.547094856,-4.345560947,-2.836733743,0.704186872,0.817607961,-2.455876354,,0,0,8.724351159,0.159427449,-6.008074506,77.45271776,0.758815486
2768,11.86214854,3.622975297,4.408350912,3.063695704,0.816837891,5.820623386,4.822182926,2.90052435,37.47990152,131.5021528,1.59817082,36.11711987,3.937011135,-8.99622445,0.900495827
4972,9.85061635,6.916364213,9.192055094,13.3255386,0.909825592,13.87731437,18.3769745,47.43463737,7.640405633,9.221942231,2.514753063,49.68895346,15.2851355,65.77822815,0.771756924
7413,3.438643292,1.346477811,0.960362233,1.330759386,1.650249448,1.849117446,1.981201592,12.8724111,28.70391895,88.86835307,2.129809105,17.89321491,1.373154451,173.3424612,1.158526321
4597,-50,-40.83916084,-204.1958042,-200.2331002,0.24465355,-194.8717949,-192.3076923,-61.35714286,4.428904429,5.422374429,6.057692308,6.449771689,35.75949367,13.31987891,3.742515684
6197,18.67395521,6.043054624,2.881362098,5.106413941,1.891793305,5.3705388,7.367846618,24.45296167,33.22396108,73.75242462,1.393703604,75,1.698991409,27.18376223,1.279122932
9867,14.29435059,7.084975119,3.856429498,6.162620518,1.318970286,4.547055055,6.393702062,72.37501571,13.29354015,41.81955623,2.177352397,9.221083391,11.30713933,7.362451349,0.722125369
3040,17.33977504,8.757816074,11.62331748,14.39631616,0.798238882,16.01558547,16.01052525,,0.369833765,0.732241262,1.857475186,5.518230543,6.213049554,39.18786693,1.947291309
5871,-0.31779661,-0.228789323,-0.139648551,0.333604872,1.652447037,1.1598588,1.741727763,43,0.031776295,0.044138418,2.673142302,8.042019774,13.49887729,-81.14035088,0.770415578
7320,-12.07452353,-1.699966549,-9.367566529,24.16520312,0.247383609,21.96259529,27.61117987,71.75230252,7.7079868,52.82873223,1.731819846,4.923840303,25.1290433,30.64858524,1.508847566
4284,12.76733857,6.747316748,4.837996755,8.048457851,1.397709686,9.341641526,10.78138682,66.32575362,16.77358649,31.73914398,2.274056313,9.026297367,8.217193798,51.72861668,1.168716454
8152,9.370899225,6.103497675,8.518760939,8.465087965,1.050056283,8.753585554,9.95489257,110.1477609,16.15262223,30.29624822,2.548591068,22.94292534,13.93480651,43.01171113,0.761046226
1768,12.75747934,8.884795617,3.295830198,4.867346608,1.23040339,5.692386637,5.396840187,,0.044734715,0.165159439,2.847008363,16.95237675,-6.076453216,196.7027281,0.780372494
7902,2.913639656,2.714489832,8.696203028,8.334849976,0.252218465,9.971916314,14.11984161,,0,0,13.43839278,23.08653205,13.53281613,47.36876669,0.39316721
8729,16.33788138,0.468192891,3.13571059,9.710271819,0.110558463,25.9926772,,,9.226837126,332.9372083,2.502587749,15.63208299,-21.2595711,58.27165459,1.019691195
6758,14.00414072,3.245678704,8.810637966,10.84908587,0.373398854,17.45721099,19.7476064,19.92266047,11.89534871,20.25559476,0.697458683,24.8827439,-0.489249175,20.2577582,1.401607084
6942,3.147783783,1.278343836,1.140332526,3.26760399,1.058629432,3.270869464,5.357029437,10.62040277,31.03492295,58.56104803,1.538994354,27.24173192,-7.435349624,-55.05344004,1.251794983
2979,5.019044854,2.641643824,26.98726849,30.55549927,0.09898962,37.47296301,41.02075208,8.190959838,43.62514015,82.88647137,0.70085835,0.012915164,70.84496288,11.54878715,1.073244493
9003,10.83935489,2.60490397,7.668955226,12.94416417,0.396806567,16.65149327,21.41673911,11.45366445,57.16936234,246.3785477,0.983022272,295.5600736,8.19844541,30.5668715,1.040763169
3571,1.894384709,1.410322161,4.050491294,-1.492948676,0.518688242,3.441006831,5.177576038,-175.7772567,3.517723938,3.912679129,2.643708369,41.98507108,-6.224154184,-143.8661471,0.687803507
7850,6.925108897,2.710042307,1.968824285,2.162923398,2.063814124,3.703065434,4.323192208,8.544978952,35.29468172,95.54547222,1.188616807,86.87657928,2.784637212,38.57023352,0.932268804
4344,-46.71826478,-19.51318914,-22.95206266,-14.10705612,,0.135342162,-1.924901071,-20.19588776,32.54104193,77.90940794,1.739584262,2.055636268,,,2.596900544
9622,10.82068649,8.354067787,5.272548588,6.755383834,1.661073967,6.257466374,7.237119269,770.5970649,0.120888263,0.156581682,3.265656986,28.79081438,11.40605169,39.42810749,1.071637804
4487,21.24177947,5.722994743,8.334868397,9.620544016,0.819044147,11.45222188,13.86526363,24.10303444,21.74609113,80.71397803,1.479584976,11.26022046,30.33826209,39.64894429,1.675610168
4838,13.13645485,6.600653862,1.393391494,4.251807507,1.706619072,5.885203315,7.324521739,372.748938,0.422815032,0.424123462,1.456105642,15.05130769,27.83697255,41.95433911,0.981749037
8739,19.10943982,12.8216424,28.95027015,43.40610872,0.37767436,32.10938361,44.8616165,109.3472222,21.67444282,30.25039544,3.333875814,10.11430447,1.716016151,-9.682230125,1.515173584
4499,-16.28581133,-7.99190249,-5.784300346,-4.172251993,1.314022067,-5.76344873,-3.564652818,-39.89974398,30.30035942,56.27367371,3.092889347,5.055453342,4.534869048,-227.6769223,2.322401497
4192,-0.651976872,-0.416999711,-0.354547417,-0.222610921,1.169249182,2.218224477,3.059153674,-0.986333605,20.10105822,31.42789959,2.490001896,7.923113532,20.22037083,97.90097324,2.851332907
7466,10.445523,6.368279063,3.634005374,4.818537869,1.659627775,4.69285843,5.880534074,80.80974693,17.47237734,29.92118341,2.988354377,23.03392705,8.559653211,5.279220321,0.861785365
5620,-11.92980797,-7.729186898,-14.97034549,-8.402239375,0.848286338,-10.23414055,-7.668174895,-23.51520631,12.54180545,11.55876345,4.23305114,2.024722877,-10.52556617,-88.30614905,
7080,32.23550069,20.03855092,16.37526654,22.54755441,1.440807461,17.49449883,23.42563158,488.8423199,9.434106543,15.17640418,2.984495209,9.450323944,24.43682231,23.43133094,1.921643683
7030,13.12493738,5.744102429,3.094485723,6.180431007,1.610886912,7.259373132,8.873516099,167,5.016223801,18.3648933,1.01148188,42.57088468,10.25423729,98.44606947,1.650628328
9684,7.528923062,6.079873126,7.523435622,12.50546985,0.783745728,13.02194721,15.11343396,167,0.370770857,1.231015521,5.114533848,8.280863169,-8.934624969,24.63834884,2.198592201
3817,11.44294757,6.851578293,6.544355542,15.3864037,1.04512184,7.704825929,15.75449949,7942,0.136059711,0.227235838,2.31424623,0.548612238,9.532095491,14.96815287,1.463602417
2980,17.82128151,8.049931627,6.358184038,11.64437189,0.978552769,9.521705183,14.28917614,16.41968154,39.84755667,228.0928494,3.534997279,6.142314488,10.20697144,40.47355395,2.147298993
8163,6.324931016,2.271271253,1.371996724,3.969867946,1.652310403,5.799324854,7.329289069,20.38012964,38.70776738,103.3074733,1.617467869,67.18725575,12.03744468,24.1739099,1.69155108
2937,10.65945288,5.688432676,1.800124928,4.29436911,2.077049095,2.968779376,6.063544639,75.87547649,18.84939233,43.46383456,2.247417409,35.32607961,1.588176624,-35.15349149,1.991687655
6923,7.091493583,4.596687589,6.291444664,9.616830041,0.699054579,15.67552717,18.18943609,116.9546539,5.946465138,22.02629391,4.285425479,48.48937624,7.867958518,37.35844826,0.7591037
3468,6.619443397,3.261961161,39.25681606,46.93603269,0.086259423,49.32269688,56.79759308,6.083804987,47.25007168,95.88378267,0.660753417,0.354880461,48.23159305,29.97084576,1.043837254
9206,-4.402515723,-0.769418661,4.482517483,2.867132867,1.773166901,6.564102564,4.2004662,26.73913043,12.7259404,257.884929,2.130775255,126.9974377,7.199080437,1251.648352,1.192267841
2975,17.45736073,4.486280128,6.051251366,10.57576422,0.633418219,6.037565368,10.68632945,5.925466,69.86248221,302.1637356,9.07789448,0.422757155,23.82869252,32.39099533,1.113864204
3083,-113.9667292,-28.82346108,-10.38480257,-5.812614392,2.454765681,-8.765642065,-5.617024374,-29.89181846,32.11131759,59.70327031,1.455315487,14.78478802,-7.593303986,-188.3554995,1.81519657
3393,27.59493181,14.72179411,8.824622632,12.27424571,1.532706211,11.71234067,14.51076367,155.2665869,21.82426547,26.58342125,2.196310737,2.981104417,13.49029553,19.99679577,1.909770108
8850,13.66866953,7.100538947,10.41943875,14.00303891,0.702066621,12.83683438,17.00718523,79.96078431,20.703514,39.70872675,1.648292397,78.82403433,-0.184226762,6.967441555,1.032199171
8979,5.547613189,2.547138056,34.68589943,44.09616453,0.072677221,54.28132381,63.04902116,4.131069039,52.34803541,114.0129217,0.550128105,0.946033598,-0.743644597,-3.552433808,1.08266039
7849,12.7843615,10.39358333,16.91257437,21.57400004,0.636350263,15.8422063,22.422789,,0,0,5.546362275,0.371430261,-5.105773802,-24.86507061,1.289530966
8043,14.13391328,7.296005026,2.79698793,2.026772939,2.618536398,2.160224896,2.786898778,11.53916449,24.75802136,66.4191382,2.216439882,37.40534571,6.230421841,-1.570155902,0.800232651
4109,5.733821952,4.225607246,7.966820988,11.95712081,0.608129509,19.16060406,19.70623898,111.2564103,9.15438452,13.30219878,3.049775143,59.56828745,19.18807068,59.34630922,1.00924017
4888,-8.708255845,-5.156186774,-14.65166514,-9.390276133,0.20807242,-5.61797519,-5.777278791,-22.10828025,14.15479563,24.53012251,13.42952895,2.073899021,256.6197016,88.13021176,2.813814045
7096,7.244442127,2.53271477,14.39980591,15.62081611,0.379790592,15.3220301,20.39131449,348.1772047,6.904249671,17.3499695,1.19787103,43.97372147,7.979306729,1.147766821,2.486698663
4599,-24.73716642,-24.04589329,,,0,,,,0,0,83.3490624,2.464087466,,5.035973995,2.653936444
9795,9.864927636,8.811252824,16.97291821,23.85403038,0.528014183,21.09616994,26.73809227,4661.061652,0.463316437,0.450602229,3.623961323,58.31964938,4.953667262,7.65063986,1.392581474
5858,11.21221161,4.084801579,6.055895136,7.54932759,1.024551096,12.71931565,13.78833623,7.356732329,44.51989685,224.0110312,1.596092542,93.40481198,22.56863799,62.68116671,1.044010646
2932,24.76607605,11.38672769,6.444761041,6.639036394,1.877001668,6.569097267,9.351120321,49.28846154,22.63615561,49.23352578,1.490121366,96.48616365,8.500354225,-11.65687987,1.566061331
4019,13.54317808,8.487907361,5.456481996,7.551969054,1.652151467,5.102454364,8.572711587,389.8281461,3.670547821,5.856671226,1.877085253,10.65706995,41.74452444,28.99662377,3.313190494
2997,9.451472435,2.488044132,2.928148604,4.786967939,0.946351788,3.96315113,5.906949778,8.194692917,61.5073953,233.6515835,2.036739946,35.19253179,-6.172167329,11.32695304,1.124204217
5584,7.456379281,5.462417804,5.631046235,6.555754467,0.998238726,5.9636107,6.930836231,55.92511013,8.773798829,11.97652288,4.1367907,2.032480483,5.436435772,,
3071,5.086600101,2.24108369,0.459894474,0.859764375,5.030286938,1.136152624,1.385504949,42.13952445,10.01060995,22.72113701,1.616378234,5.178086685,8.178826974,8.102706145,0.996388143
9816,5.629094451,2.522198636,0.558520858,0.611417413,1.538050968,3.457675759,2.274654577,3.015577508,36.85650144,82.68043999,3.349939414,60.68608191,1.407214939,-4.165660468,0.90124641
6196,24.00475782,20.80690429,23.23499779,31.17196666,0.85581697,22.3101352,32.06241973,,0,0,6.965550459,5.653140964,11.99486021,-6.498966919,3.562976485
2305,3.844122838,3.026752333,3.529068843,6.367326305,0.822334106,14.29452743,16.82468018,140.8747564,2.461740158,3.126529864,4.570058833,31.06676671,-7.500526924,-30.60526796,1.097368384
3550,5.858466368,4.761249462,3.672637189,5.799351085,1.296591659,4.347410932,7.035890993,352.4256259,0,0,5.212975945,6.840669802,11.63748077,31.05342424,1.166521011
9778,1.700479558,0.87285791,1.677946868,2.478002738,0.489227593,5.781040452,7.021939886,12.06617751,24.31999758,37.22506225,0.83358968,137.2095746,-2.267188568,-36.87912899,1.092619619
7270,3.821821709,2.038895132,7.214662799,8.90266964,0.946389838,11.22163029,13.86538329,87.80425174,10.42292373,15.21449304,2.527773091,39.1173089,-0.365387915,-13.46239218,0.846288272
9632,6.561906188,5.530367347,8.185565124,16.42500496,0.698176072,13.29793491,18.77953201,,0.00759103,0.009006929,5.401406517,49.93183756,-2.189130058,1.141435811,1.043903007
9256,9.672737317,7.76970044,7.491302153,10.97130575,1.200346838,8.559310213,11.40472831,,0,0.178761792,4.937807629,5.846457556,7.491549713,14.58374093,1.152451357
3448,-38.6702087,-6.538524891,-3.790447904,-4.071118047,1.139449663,-2.084787299,-0.538622858,-3.689284738,65.74818798,467.7516632,0.89712273,322.9524984,-21.93860898,-747.3174233,
4120,2.365088259,1.516971517,5.483217178,8.17387767,0.575817491,12.271213,15.02959791,48.92083145,16.23979717,24.11917705,1.97460779,53.58865176,-13.05991811,-15.14934439,0.627876684
7649,15.48623209,7.320018292,4.452083267,4.80721265,1.8210667,5.465607481,6.797639597,55.12939841,15.30367311,32.37645374,1.342936819,42.4426251,15.06968512,14.10816653,1.584572094
9932,4.749202247,3.974043272,3.875931475,4.843338485,1.163795621,4.998961288,5.650444649,,0,6.481559709,4.400287633,28.42574807,6.0658821,5.02158942,0.732842889
9307,5.748240418,4.313862191,8.164307014,12.16034492,0.505669832,16.56667241,20.34294221,34.29314023,12.9935032,15.39482775,4.585480714,68.40228694,3.54331594,5.704177189,0.813018242
6403,7.909215956,3.089618116,1.644458138,5.699761226,1.034646265,5.880767157,6.366017099,185,7.599309154,49.12556494,1.573872237,21.77245038,20.02403624,203.2786885,0.902863565
7711,16.59811204,10.49352431,14.52937135,21.30798651,0.740208661,17.5189665,22.74542235,113.7021567,12.86014603,25.39741744,2.39038191,32.96580694,10.13085757,27.13321585,3.661668035
9342,17.48129017,12.0201748,4.62365767,6.757893855,3.70345855,7.744665652,8.863868594,240.0252207,0,15.7482795,2.063689041,0.398781433,5.29212402,75.55963438,3.654757266
3436,-2.031539873,-1.041698065,-2.868162179,-0.793321454,0.356134291,25.56911661,27.44696951,-1.199704688,31.35803739,61.15505577,3.211293959,114.7041991,3.290563488,-109.2587317,0.870607203
6817,5.833118307,2.210123674,2.457301249,5.401714744,0.945302516,10.978029,13.47337527,3.346380471,39.12047221,103.2495807,1.096526851,102.5625726,2.233674589,41.15036393,0.831749984
1776,1.755162242,0.968385075,0.553768611,0.749411414,1.153606335,1.714361508,2.695891501,,0.390609106,2.389380531,1.910058133,43.61356932,-2.44557306,-77.26358149,0.945459597
3501,1.776666025,0.583305256,0.639367885,2.865704116,1.1197115,3.327575841,5.050052008,7.8,24.43354111,72.9074466,1.289278505,100.6221538,1.268868745,-9.027567404,0.770435428
1514,11.54367685,11.13712259,40.87100546,0.321512081,0.341087332,45.32346064,1.558846454,,0.216889868,0.067799029,53.60353535,17.55994862,-28.80133185,,1.543936234
4203,8.986761711,6.252603057,6.326019693,10.11802227,0.709649102,12.79903404,14.70110541,92.6036036,7.343613115,12.95274399,2.80625991,44.72635823,6.093982253,12.14270129,0.99604065
4005,10.80973368,2.830788212,1.48069222,5.52837549,0.706826212,6.697128974,10.84441777,4.523435783,40.3515744,135.6015275,1.524080455,84.28890196,6.513893333,,0.85960996
8053,11.91469351,4.761777436,7.763305666,4.840254081,0.638673645,9.802196047,7.872668628,2.971801115,32.53018336,101.8903672,1.555699587,27.30812901,4.548985867,-17.9720319,0.930753633
5802,11.23391871,5.792942184,4.140592663,6.852082434,1.062739908,9.070109785,11.27191846,10.77895055,17.46814063,35.01633343,1.802932448,48.97978252,6.290863071,41.49935133,0.863270698
1911,10.62384963,4.147149025,4.703963746,7.440761659,0.937108226,7.675241017,9.019759858,12.79382772,29.91661846,76.63810825,2.321409775,32.13648279,10.41691622,-13.29115876,0.939448899
6302,4.538439646,2.342776785,2.899761079,4.825467883,0.826793099,6.526032425,8.523162377,13.69202128,19.91114154,38.57196926,1.921248498,54.75364768,-0.396311918,-6.569634496,0.857943809
5713,5.150246216,3.09780742,1.034739429,5.999379922,0.522723157,12.68862797,10.24063795,5.297074144,18.77572409,34.31870304,1.93849514,36.59562549,10.23669769,-2.906970839,0.62297572
5232,4.491412783,2.431245025,4.104526918,4.261271729,0.618810904,12.43022805,14.56086392,9.088435374,24.08838934,48.4845472,1.243617301,100.3615946,-1.364931551,28.95752896,0.787759485
4506,64.95908048,14.82512887,5.925803346,5.621915995,0.483400501,11.6199302,12.0311309,2.620004674,42.31676641,152.7941515,1.052222956,27.52435405,26.79124359,,1.161789252
8830,10.14050506,3.270502804,18.89899718,26.77041605,0.151369783,24.85203192,34.15338988,13.31026031,57.89957846,185.2457928,1.414709132,209.9275082,4.810104868,6.615672169,1.0690745
5110,7.035387108,3.450777159,4.173691305,7.521243748,0.861861691,10.6977195,14.03864428,11.81186573,27.85266711,56.78555469,1.787917789,65.1402078,-0.395674073,3.235123549,0.930164645
4008,4.285774875,2.855891247,4.039411537,7.259556417,1.062284721,9.833232817,11.14717661,37.45804196,13.327728,19.1608703,1.977344521,54.79896514,3.20660764,12.41343127,0.796645812
9303,8.04975856,4.828497182,10.37549509,6.797381565,0.441161677,16.35022079,12.24831694,28.64052288,18.55758934,32.76037205,1.641723489,69.44290728,4.731372623,-0.326029267,0.862314399
4234,2.036353327,1.08242676,0.805422385,-0.116863157,0.782187665,2.114216347,2.479029327,-0.77654098,16.07237739,22.47472439,1.694115914,35.14159748,6.935563018,82.36383029,0.586634098
4053,4.464453198,2.954869948,3.208628244,6.349848332,0.98620575,5.237613751,7.745197169,37.68,12.93065988,19.53667229,4.169308814,1.706996811,9.338148585,-34.80968858,1.400249032
8934,16.38418632,7.67358724,13.7263264,20.62535135,0.507183219,18.16930622,23.40318297,23.51381215,42.37499427,117.9616401,6.889922364,23.76944907,29.18064807,20.8953528,0.950886245
7883,1.400803104,0.808941561,2.021575051,0.822005219,0.782750563,5.2831546,4.931824454,10.75272583,7.721426431,12.94918228,1.506042595,62.78957512,-1.183806122,-47.52740958,0.699357148
7040,12.25122545,2.237239074,6.02961154,9.34526134,0.384929543,11.93173334,14.33098704,,0,0,4.946456261,230.0678978,2.621792499,7.89029673,0.978231832
8137,5.43248086,2.866413116,1.750238213,2.513952472,1.455598717,1.680028084,2.852823808,19.28021978,9.43294871,15.97980127,2.117777835,4.463267633,-15.98490412,-43.54890605,0.818721628
5985,14.87665463,6.574158704,-1.202690022,5.38473569,1.060171445,2.058179543,9.386925242,9.922190202,25.88450353,34.98796631,1.327214806,56.43802647,24.16498369,,0.717603237
6736,24.61561832,22.05840863,158.9766867,0.012300238,0.2168177,-17.41075107,3.015449855,0.05617362,4.880624914,6.608178519,3.193122591,2.951209451,7.880107741,-99.57385183,3.134188556
9989,11.54968429,6.998903578,3.835068364,5.549562179,1.850926085,6.251473227,7.71927549,271.3231707,8.869112347,18.15448273,1.686888652,50.6857289,6.655431065,8.53721004,1.500126896
8945,4.363302521,3.224339667,2.638678477,8.541180183,0.814467367,-2.445334621,9.43302515,4918.761589,3.590769714,4.056003642,4.227018823,3.045651194,3.876799064,13.64228217,1.149443083
2180,32.58164495,14.58036857,4.843809198,8.156069447,2.074623176,6.375107985,8.953435935,193.4077482,7.56654945,20.31758959,1.772881665,11.30286738,9.37543154,9.517261047,1.326671154
2587,6.742206575,4.00015329,5.17209016,9.169786375,0.802347589,10.96751967,14.04376025,39.74279939,3.584285949,6.041267557,1.266371766,44.50863977,1.100505963,-6.875055501,1.015977977
9229,-33.15923863,-7.243180205,-3.491092995,4.208182367,0.744416037,-0.675573671,9.431612319,1.36977887,57.01500862,342.1541318,1.779186005,321.5645311,31.77500373,-50.96745822,1.255073639
5990,1.976451671,1.511702008,-4.548803867,7.193071695,0.393771272,9.085282369,12.19344947,42.74917791,8.074937333,9.386225941,5.699049216,71.17701651,-10.45696942,-12.01442291,0.594392238
3945,17.54609027,5.555182825,3.535298597,3.274230393,1.808340437,3.756481381,4.245984263,13.08695652,21.01979202,61.83513456,1.382952692,44.98834499,2.764839587,-12.75362319,0.908536243
3998,-0.172580237,-0.151677255,-0.195703225,3.415567335,0.748369581,16.70490842,18.47731401,,0,0,4.378314796,1.044427658,-0.82013036,-68.8422494,0.962899057
6554,22.38523426,14.08786299,6.093906094,8.085248085,2.428629195,6.853146853,8.651348651,,0.134028295,0.354945575,2.39982766,9.417889257,13.58650427,46.26506024,1.920227793
4263,-5.901331178,-5.727905925,-64.45177845,-64.68396589,0.098142057,-51.82294142,-62.96145904,,0,0,35.43456408,0,35.14859433,17.94646282,2.311194312
7480,8.447198909,5.402093058,3.83839252,5.196340662,1.616263649,4.922039568,5.696615111,459.972855,2.471350808,7.007468946,2.573722809,23.84676987,-8.439214644,-13.03987236,1.268493686
9987,8.553813971,3.127853328,1.437403748,1.546947606,2.049036997,1.531030621,2.049582658,905.5121951,0.161424848,5.300865227,1.242941539,32.78041307,0.563965618,6.451427916,0.953843757
6785,11.69470627,7.915718531,8.284414574,12.88193222,0.867366578,17.81848835,21.02787089,85.15067841,6.171412325,6.416904798,1.985964337,64.38587712,20.18528277,27.40020093,0.934685748
7269,13.82665805,6.852961389,7.142291861,10.71760935,0.991405982,12.4441024,15.00686419,46.86720216,12.64400015,25.13030774,1.577903937,58.01673702,8.728623284,27.62332682,0.967284408
6405,2.380840726,1.940454319,9.397420056,12.1409226,0.824884905,12.18251408,15.02531588,352.8299421,1.735842117,19.4664026,5.399292398,44.12034706,7.256380367,28.11855632,1.66990573
9360,21.46341463,7.959871721,5.785729232,7.308014229,1.671344262,8.54258213,10.57752668,48.17241379,16.50357701,49.24611973,1.481815902,97.09534368,11.3986014,36.55913978,1.222015292
5805,19.61414791,8.299655551,4.793115336,8.274966157,1.32406691,6.828329031,9.915833551,38.36842105,27.68086107,61.84749997,1.126872292,63.92737183,11.20035156,53.47368421,1.492797171
8887,56.25283469,37.1460227,-12.14052414,3.706971955,0.339501292,1.918404027,4.223493027,5.876952782,27.11479952,372.4100127,5.156806598,17.09193967,13.72131045,-32.6830151,0.581468995
4582,-375.4751423,-123.5015189,-365.2507403,-339.5934533,0.29599365,-335.596659,-339.5934533,-29.71352961,51.26294309,155.8520172,2.963540549,0,-46.68997502,-14.54008438,2.055202458
3963,6.178897477,5.34686246,16.68393017,27.76676789,0.70153402,20.85235039,29.78574955,,0,72.41943091,7.356197133,1.122357172,9.68352331,5.675872989,2.595494872
1724,3.898195876,2.464358452,2.307398932,3.356216629,0.99074249,3.823417239,5.415713196,20.70588235,15.10183299,23.88853093,2.113279888,43.84664948,-10.44317309,-46.0949464,0.692233776
3988,10.76303859,5.103874532,3.013473542,5.019046915,1.934974096,5.213892954,6.656997669,55.11339481,24.45407612,46.15874356,2.472429546,8.566245574,13.34217468,2.968011529,1.276582323
6869,9.648407852,6.726161487,10.55140836,17.63024361,0.79216283,18.88318526,25.30419174,29.94156928,9.730664935,15.3147209,2.970226174,28.07626958,10.21277979,16.01355809,2.961039309
3804,12.72333879,8.642641039,12.47729663,18.642698,0.702033064,24.35782741,28.77319122,504.9273412,2.623278801,3.262810882,1.873823104,39.03699977,8.651781315,13.21309145,2.018162758
3826,18.28025458,15.08607703,12.23339419,5.693986071,0.979782171,-1.19990044,8.83210012,,0,0.335160012,5.216726865,2.982437664,-1.377535859,-17.33764791,0.920971591
2480,10.34556923,8.621041364,19.84666377,32.16473447,0.378035661,32.88936215,43.29750889,,0,0,14.81264481,9.313098213,-4.292230155,-7.643944066,1.297121829
3771,20.54097996,13.83974948,8.463070398,11.55953764,1.539943063,9.579948115,12.35528838,280.670412,7.400231637,9.793333775,2.652245868,23.90094131,11.19653605,10.86716918,1.80038375
4396,27.88366216,12.2754744,5.411055185,8.236089884,2.284312991,7.18045677,9.203431847,71.18815376,14.53576746,63.06651621,1.765292962,9.723207288,22.28004419,32.77664869,2.607014599
3766,8.402387011,6.054052822,3.097582233,4.729435456,1.506810112,4.11607777,5.858805348,,0.302450599,0.558566407,3.976186869,7.227292211,1.592631002,-13.34223197,0.827921779
3741,15.60971171,12.09583839,13.05443126,17.41810153,0.929618826,14.77063962,17.88034816,2012.635241,0.386579615,3.924927296,4.087372437,1.877010528,20.63193631,22.21489962,2.141744218
7527,-9.773333527,-8.722779819,-18.79723392,-33.27131957,0.270997159,-28.10920151,-29.29506004,-305.8447122,1.686240903,0.460194446,9.755949884,0,-40.57067858,4.269342775,1.377112382
2317,34.39396273,21.57097597,10.13979742,14.43297736,1.580707359,11.71954413,14.98307841,1097.181818,2.994359014,4.774372401,2.372804898,4.068997382,8.683389654,24.2433601,2.856320168
3179,16.76661888,9.413960316,3.837515512,6.45076085,3.081116044,4.591038317,6.836053656,113.5430357,24.8164847,57.27250233,2.509147104,5.505069141,7.814103486,1.596050609,1.799819596
8795,8.909637017,0.697538584,4.367103082,-14.1097932,0.171148337,7.361082994,,,1.121276245,17.06138153,14.38025182,28.72144357,3.454928459,-807.234632,1.019167979
4055,17.96613114,14.19644853,12.41037434,18.43493934,1.2419838,14.49117872,18.70825481,,0,0,4.929570563,0.514407707,14.7270981,21.27140964,2.545296339
4958,5.346080244,4.480431665,9.416967141,11.5871828,0.497635225,15.57248792,18.96319478,387.0909091,0.882087108,1.52525056,5.132913558,29.99740521,2.582176007,-9.133589415,0.963192811
8123,5.006459073,2.859916534,3.224987952,2.409284635,1.017329145,3.466819367,3.791083344,11.31595983,18.34719596,32.57147872,1.521725778,29.03553817,-2.292403535,21.81530932,0.634806869
9812,-23.11280792,-0.624739741,-0.031358175,0.918556805,1.382289542,2.277843765,2.984388714,1.388097187,67.50557416,2384.489913,0.769768992,1758.114617,-5.533891584,-27.39758257,1.106382084
7236,20.46210721,10.21992902,2.66901121,4.595095299,1.58780095,6.332778598,8.146450215,17.97788698,22.06470673,38.89710413,1.919163828,58.18648593,0.363042752,68.16823719,0.737370913
6548,-66.18348128,-10.46552597,-20.62662694,-2.998399346,1.027620567,-3.071381008,-2.997271179,-24.8112914,13.43749723,84.97808415,1.342300775,0.032121716,39.23449346,60.46834805,1.69381855
2668,14.52514394,8.234359944,3.086137559,4.389841057,2.08019366,5.539688067,6.668493149,101.9260127,11.13988057,8.226205968,1.664205574,50.28432641,3.891956254,23.66894965,1.408398551
7239,11.71167428,6.515960521,3.962592066,3.372881,1.601699386,4.763589984,5.364864013,24.00498753,8.388230127,11.73556294,1.81760459,36.95575405,-2.578282078,33.58312517,0.772749986
8159,6.587923194,3.783189051,3.201097623,3.740822854,1.28084912,2.775859562,3.986606818,62.85496183,6.412922571,12.93477345,2.25590217,5.436247263,-4.730741597,-23.51137947,0.759510347
7989,5.748965623,4.701908072,7.600795948,10.34993366,0.637560408,9.890551814,13.12739621,4831.861993,0.259372228,0.317131258,4.755431323,31.08676348,2.935805562,1.150502154,0.758305793
6322,11.25978071,7.871813259,10.94890406,14.4191555,0.750349687,13.47248538,16.94646903,739.1991701,2.634028072,3.884219949,2.613112488,24.24155265,0.943079263,1.291442629,1.083901295
6395,8.888521867,3.990587291,5.235823817,5.308789992,0.810897603,4.257218644,8.15847681,6.413066021,31.84444168,70.92941354,2.058570416,39.84824712,19.88919383,-21.97737499,0.845633145
1968,9.567925674,7.012690552,7.760006366,10.37479112,0.815776747,9.040343757,11.55407018,83.04458599,9.097474787,11.92933372,4.62343025,17.77830566,-2.854757543,29.73134328,0.90054529
6342,3.362568817,2.196373189,7.34191073,11.55845627,0.690639972,6.929551539,12.92866299,178.9119212,7.531169344,10.89984457,2.491469137,22.25914806,-11.17098483,-36.59548616,0.7190756
5233,3.55401305,1.601817805,6.407265465,8.674599323,0.649031516,13.33087878,15.47102238,18.07298931,29.68121683,64.7029855,1.044745258,115.121971,1.130574596,37.68372587,0.830082838
8835,2.636955689,0.865066399,0.907880977,2.039167221,0.908827786,2.818709003,4.071204487,2.41011236,37.7152193,107.3106883,1.030352792,154.6865024,2.364733359,-29.55665025,0.776505748
6470,0.345123851,0.193728747,-3.711354831,0.489409428,0.932938505,6.428818413,6.922660898,3.631578947,21.34694612,36.59040934,2.517908507,70.11984681,0.664917354,-76.92307692,0.571101708
9040,2.729494899,1.852883032,3.933023383,3.162718816,0.790956529,6.963650214,6.413228275,27.19696298,19.36415812,26.48149107,3.253627083,79.61554875,1.074948018,-2.210682374,0.608691553
1979,9.409468231,5.189459411,3.992223365,6.505872301,1.032680178,5.09355133,7.357754189,59.70099668,5.033749553,13.82680527,2.087845194,9.281811243,-5.90824238,-1.647419408,0.969317555
4574,10.83587697,7.482166018,14.42863842,7.175238393,0.506693069,11.39596686,11.31780522,91.8,6.614785992,9.579713548,3.36110004,38.88236675,1.66878576,-27.14285714,1.523334446
1801,16.46559407,5.715812051,5.74801216,5.54348366,0.848306821,3.69813153,6.328917665,34.8974284,12.74264238,70.17899117,1.237271487,28.48631013,22.05070416,360.3839778,1.094108471
4994,5.675114684,4.172057826,5.481086902,7.692015954,0.92137695,10.23083665,11.98689639,2132.030548,0.527764324,0.516943965,2.066869493,54.44251391,10.06283598,46.30048645,0.723638443
1904,9.184495034,5.467625149,3.979699724,4.984462708,1.356062946,4.376581734,5.830247295,243.7905157,5.914114041,0.521604961,1.6780566,26.09704203,2.368235964,3.339032008,0.887073177
9941,16.45211574,1.953432217,0.75640303,1.258093156,2.404460388,0.677062722,1.29878558,3.182154986,70.63498174,564.6900256,1.072712318,21.29089038,4.818275207,-7.136475234,1.06155134
4626,14.82024589,7.947526846,9.057222082,18.54297958,0.588033293,23.4829006,26.6439795,30.23013699,33.6008374,57.30961214,2.579768893,65.68454173,13.58625626,21.22610415,1.857347022
2902,9.732395172,7.920442204,9.241747617,12.31587451,0.816123188,14.65291497,16.59761119,348.2323295,0.577411381,0.755974049,3.923185402,46.6024835,4.989048375,36.58100517,0.629401956
1758,4.874550424,3.720255362,3.190417137,3.798990152,1.201023273,5.727992884,6.001713952,326.2071006,1.195016635,1.565798118,3.416259745,21.84969425,7.635243983,224.0347258,0.645791925
6663,5.121535063,2.970434512,3.643580307,3.800257326,0.818049224,6.096596526,7.172171731,10.76428841,15.14790132,26.11756208,3.322020863,50.81351835,6.602648254,,0.731024208
6976,2.126759637,1.184253683,0.681822176,2.976821561,0.59232492,14.76959214,16.52481563,11.40740741,29.83331821,53.58287564,3.506610584,89.86938036,5.824012001,13.65313653,0.980010876
8166,56.44639842,18.54086,13.19946339,0.227470733,1.425050623,2.176920897,1.563618792,0.382397122,26.72752541,81.3701494,2.67290136,6.142860447,-11.86364698,-90.49703078,1.127438456
8225,16.9169945,8.864739797,3.615429236,5.12017031,1.990239836,5.269733078,6.094870213,60.69189114,22.65189388,34.66849401,2.164103243,67.54237412,6.501694294,-0.488108058,0.95328004
2676,8.81582939,6.326207452,5.189281475,7.401840203,1.201325945,5.221977266,8.089832673,779.5352324,0.170492754,0.178204846,3.297907694,2.398672873,11.39366876,41.91995218,1.836229609
1966,6.229807503,2.797338502,3.976414653,5.052407194,1.402808779,5.289798529,6.272427167,23.29486589,21.66244395,46.87815222,1.684100938,55.10859543,11.11816381,22.22041235,0.785460897
5923,-2.666534322,-1.744234657,1.862281335,1.275150148,0.599770883,0.906754534,2.983046476,5.890343412,20.439439,16.11184236,2.471496733,38.40531039,-6.29536835,-82.54826959,0.534042021
4242,-13.87769406,-4.319136173,-5.079809451,2.630212449,1.156852759,6.694060009,7.707764207,8.566176471,20.36592681,48.51936219,1.336409396,119.370948,-13.26322798,-51.4785506,0.677728876
1994,1.764591524,1.508626577,2.596305321,1.535638556,0.553703347,3.91868762,5.393343254,23.47156842,4.165114317,4.87179898,5.019715109,27.53167526,-21.79948193,-81.04954258,0.471324609
6325,2.24445546,1.82853385,8.082511339,4.91902206,0.695249689,4.332503134,8.329173776,846.985258,1.091732346,1.157155766,3.600379151,28.89753248,-17.38775401,-64.56733299,0.605006784
1762,7.549471697,3.854296042,1.861055425,3.305882862,1.346678993,2.917345717,3.946233613,46.02811245,11.3463713,32.55509967,1.820376919,33.9973131,10.87533581,-1.63920357,0.846450665
6155,-0.909314328,-0.675675676,-4.635427913,-1.144461239,0.623857743,2.951126467,2.288922479,-13.25,7.861577794,7.802899975,3.538542767,41.08503318,-2.051607445,58.91472868,0.480211822
5283,4.284731774,1.603562328,0.912093738,1.958758683,1.881124067,2.794731333,3.148150665,15.83516484,24.52446526,73.36313618,1.278688525,100.8184319,3.079768527,-19.27170868,0.753309699
6424,7.567636849,2.700439823,6.504466222,8.9290007,0.890382958,8.224970718,11.10159794,21.41036626,27.94021041,66.54474387,1.805029733,42.42679913,17.93828235,39.71264724,0.915812585
2445,6.61042671,1.961693335,2.806489151,4.704862299,0.605612978,9.929951856,18.02085472,5.287179487,54.5711031,177.3701125,1.145894486,182.462953,-0.679855871,-39.44199706,0.933690342
7885,1.932146808,1.588231615,2.171405523,1.882485825,0.610725058,4.200848106,5.883489428,376.0208333,0.662643178,0.131632788,4.221956503,27.44954515,-4.781941774,-48.75622625,0.459557477
6617,8.903031098,4.775982825,3.586434574,5.71634904,0.926041888,4.670618247,8.121060924,132.5,3.264350825,4.330140402,2.599629972,59.06213095,-0.702192255,-26.10329777,0.710798734
7921,13.37711882,10.13025705,13.73208506,13.64214539,0.77842598,14.71401542,17.9463883,2251.848165,0.521464548,0.294783621,3.450264965,12.1593398,1.368008395,-4.319516364,1.282789025
4974,-6.231980675,-5.640402774,2.313550478,5.024534293,0.359131177,15.67974422,14.97368947,113.15,0.862751244,8.657933698,8.088486888,49.31039558,3.526031491,-24.64202464,0.873471169
2531,5.609473633,2.880312906,4.467138875,5.679183221,0.792723935,7.576931454,9.008169444,29.42571429,19.4661915,25.211232,3.342908511,50.40615264,6.871810285,-7.395585128,0.838267525
7981,7.581140204,5.32511899,4.556660367,6.40562084,0.892173413,7.53964993,9.503656833,247.4603175,2.437579898,2.231259222,2.543184233,47.40037736,3.681551347,25.70553137,0.724229782
4914,6.598337066,3.629269111,5.813522275,6.510708661,0.934392714,9.36664238,10.05074016,20.90056022,23.18383974,40.53799158,1.928659409,49.29231708,16.97815658,544.0656021,0.914412341
5458,5.743243243,3.005857001,2.752066116,4.239669421,1.293218618,5.016528926,5.504132231,256.5,0,0,2.176646707,33.08699324,-0.664970035,31.20204604,0.801426021
1969,23.39429229,12.61863746,7.23993282,8.465627874,1.130755272,7.433298136,9.328173431,120.1115242,11.51220036,31.09626497,1.885096893,13.23920119,5.034868425,35.2901767,1.550539385
9087,2.587307177,1.972560488,1.85734682,0.951704214,0.833565813,5.299325552,5.227944441,5.345110707,10.01078571,10.42286914,2.391919952,66.93879517,1.895358465,-53.79455585,0.479414761
8007,7.293930781,2.906202118,1.657090251,2.261303874,1.569126547,0.139678105,3.970244331,20.74757282,21.58583705,72.26634342,1.487018124,26.94365491,4.863515313,21.97488584,0.972633685
8233,-1.821520758,-0.60858888,-1.663992526,10.86926498,0.372691212,15.98147734,17.8087617,6.905419355,30.78748118,92.14765145,0.671296706,168.7769154,-1.22790582,-6.933430718,1.075857449
7590,1.560871064,0.846156972,0.981013909,1.080364904,0.856304273,5.775486012,5.027224593,2.096327462,23.74915361,43.80908964,1.599087188,49.61697283,1.791763084,,0.748908629
6338,5.960817584,3.831567385,7.978617247,11.13041381,0.438101782,1.470483717,13.0789906,33.7688933,25.88674176,40.17879346,2.323268878,18.08297688,-54.41824444,-70.65941906,0.877620363
9259,15.21386635,8.029700458,5.036036564,11.43553957,1.147618236,10.82527565,15.00687508,93.99052718,4.628869839,8.239504115,1.298552093,64.45818608,1.831512112,0.693175902,1.12361935
4331,-0.431010038,-0.144952414,-0.212831499,4.545072671,,4.908438718,8.622476126,3.958536585,44.79601762,133.1991153,0.829363246,160.3640901,,,0.914255841
7510,6.942505083,4.449538404,2.633585896,3.450700738,1.567487425,3.119893032,4.359926707,183.3684211,2.347233562,3.221381152,2.388544601,10.28882193,-0.384786148,-4.101293697,0.815478167
7875,7.272727273,4.204776423,3.649336218,4.038247851,1.086064533,5.359962571,6.734311948,57.54166667,8.247586382,19.5440813,1.686318972,63.52650371,7.985727367,78.42377261,0.665072952
6150,4.929890018,3.364529171,6.004574739,8.82335321,0.627738148,5.82082048,12.40507887,27.23445882,19.78432492,22.36057806,3.378711717,34.21665067,-10.49944963,-32.18860785,0.675275034
4502,1.628329231,0.792555261,2.355708798,13.69717373,0.312125202,22.5245119,30.31591267,3.356275672,35.7135538,69.98215162,1.005853133,28.38046374,7.453253723,18.0872864,1.000599138
4248,6.389605934,4.554271991,5.320793653,6.839169051,0.819167369,11.06038405,13.4789216,93.79038516,10.02630199,14.06681876,3.044848694,53.47113307,-7.265346504,4.855536829,0.893071739
6432,15.12290368,12.55702185,12.54860532,16.72910637,1.015536147,13.14119067,18.13444364,,,,4.91773827,15.52411266,5.653050696,1.467302049,1.708513912
4025,7.643163589,4.992917308,7.809038283,7.523167449,0.676748217,9.21695214,10.78209496,197.375,1.926796948,2.949542996,2.674080717,41.43583287,7.865659369,18.32146871,0.825811374
5918,2.082514735,1.403929757,0.838926174,-1.63590604,0.388602725,4.219798658,1.958892617,-19.5,7.867304486,13.67387033,2.076369808,38.79117069,2.19478738,-162.2009569,0.560097533
9982,4.960835509,3.174322385,2.524620916,3.03579803,1.304378855,3.062372987,3.509457558,10.4972973,10.33865991,16.15727231,1.719233013,62.19935494,5.503603648,47.90555979,0.725399289
2293,-4.966946589,-1.386774935,-1.763055339,-1.53967801,2.149367805,0.423741923,0.542529503,-8.500609325,39.77221199,151.2553688,0.89733888,118.3055566,-0.433743257,-399.5366458,1.191734804
6013,10.48797984,5.806369492,6.874789132,8.952706055,0.780014706,8.008017941,10.2321366,1230.272727,6.171940633,0.781724208,1.960857369,17.25587213,1.337436145,32.28739003,1.156049427
1419,8.129179198,3.016185998,0.735993467,2.048631341,2.208126935,1.891772111,3.28707231,9.414187643,20.65935733,61.33383946,1.507014296,54.53324379,-18.93813097,-67.31548423,1.749831017
6838,17.36496783,8.425678502,4.807610057,4.949217731,0.529195926,9.992888299,11.21454753,4.735228148,32.97225335,70.00981115,2.625228372,69.22029504,38.33043844,,0.956770923
9127,2.961910826,2.166004508,38.89218363,16.47874246,0.439504957,25.26149312,30.27556609,27.85333877,11.94708003,24.24010237,5.856027556,69.5161276,-13.35693848,2.027573529,0.521736786
6181,,-21.9716574,-14.36289873,-0.951204063,1.398839768,4.493574841,5.288594402,-1.254900647,94.88750631,,0.977790557,,5.546732761,-171.5010813,2.28645562
7740,13.68974869,11.09047017,13.82492271,19.55895664,0.817086875,18.07196342,23.70020336,218.9342105,1.084435056,1.338594592,4.561132976,23.66984437,-3.847414524,-13.3520804,1.761898141
6768,2.544692432,1.308424743,2.439259629,4.55585659,0.95363956,6.618968707,8.362925358,5.159880834,27.29999678,57.40181741,1.785021686,48.54622519,6.967605185,5.182186235,0.819194231
9644,9.877410021,7.347869178,6.990905472,10.31227454,1.02175292,10.00967368,11.84196657,269.64653,2.752502308,4.980950243,3.583693046,20.54665312,14.16352166,48.58530428,1.624445014
1828,10.68807128,5.795279449,5.101370262,7.549442217,1.100189725,7.44432964,8.98879068,138.3796697,3.096589792,5.713655744,1.833834644,38.08555008,-1.948584206,43.32787169,0.937440127
7619,5.882277882,2.971886902,2.118144077,2.9509543,1.36875912,2.56590562,3.89046758,51.06416197,13.7702819,29.85077654,1.313598962,74.66309915,-0.776340889,-23.60228586,0.679391083
7218,7.050426682,3.864061766,4.419142602,6.682314404,0.933589394,11.14488195,12.96305927,75.44292887,10.1059793,30.1388719,2.041325244,72.69105487,-4.867129079,-26.1755663,0.514897692
1450,17.88663435,12.87569101,12.8298202,18.95114214,1.194059814,14.58051578,19.36924919,2116.685455,0,0,3.26759209,11.86201314,15.0769055,44.78066701,1.299786212
9743,15.91132351,10.75459847,5.589338009,7.795042062,1.950896903,6.09389864,7.97597508,,0.744728578,1.101818665,2.71683084,2.039028276,16.72525428,62.38522485,1.622353469
4113,9.259959998,5.633571217,4.938189108,6.304710992,0.993672402,10.63147344,11.27297026,314.5,5.765119874,5.540840045,1.959188602,70.04162387,4.854012071,75.54125219,0.948144122
7610,13.57264132,6.201848237,1.375050175,2.499916524,2.817891446,2.443065162,3.657449516,31.84706992,27.72907502,80.45717422,1.963867772,28.8179149,3.636242864,-31.63459844,1.122551934
4679,1.256186129,0.263451823,-1.144717448,0.071355432,2.724781356,0.629837958,1.698461312,0.353631895,22.97391505,101.0682622,0.643366104,145.4430252,-6.768756996,,1.55272036
4027,2.637885612,1.756749109,4.345407898,6.326138831,0.65168894,10.84737248,12.06559377,27.546875,14.18756013,19.93711226,2.996641276,40.2430526,5.178042383,51.59071367,0.671911097
6266,13.34234549,7.552080568,9.995904161,13.46021712,0.737377714,11.51697295,16.21026333,56.47125974,17.13993774,30.28132037,2.626953594,29.43479999,-1.216902211,-19.40922737,1.060114661
6775,-37.65032638,-14.56930539,-8.305166441,-8.428735939,1.487449149,-7.099344468,-7.110933132,-30.32396541,35.40601802,82.87098151,1.804305675,15.37141988,1.088171858,11.92429305,1.795071489
7277,2.530973451,1.345882353,-2.210787467,1.729302582,0.992422101,6.6194983,7.551226684,3.577946768,14.97035294,23.44070796,1.485428153,76.15929204,-3.960535837,4.208194906,0.611253371
9401,5.972457337,4.311698332,10.79788542,4.710597492,0.284045175,7.413818539,9.085566757,187.8235294,1.098659466,1.752676037,1.848736587,29.295125,3.14245934,28.49094567,0.794043213
4687,18.10555761,13.04642601,7.730700832,10.74458771,1.610882478,8.647869734,11.15160071,800.0888516,1.906496321,3.232445675,3.383776584,4.387719737,11.88960415,25.33911601,2.350173797
6762,10.41626159,5.294493868,7.581664781,8.962511894,0.633863751,17.73584615,17.86252396,18.29007775,17.1795737,38.6353864,1.672212006,61.29494964,4.797335965,27.97321452,1.3169607
7046,6.43373915,5.202451365,5.059388733,7.36454371,1.043457401,6.599801933,8.211795052,,0.03407927,0.055499171,4.903972364,0.086734431,7.048574163,-26.81790904,1.183190709
3172,5.379353234,3.922457771,3.112502174,3.955833768,1.287297146,4.025386889,5.407755173,113.75,10.40698334,13.61940299,4.53053783,48.95833333,-11.52988232,-17.27272727,0.812356549
6803,14.27768409,4.697179843,0.516977279,2.444472811,1.381292427,4.435792698,5.597395966,1.944162437,38.93666204,123.2715008,1.541839122,52.07982012,-0.025523226,-10.09389671,0.878746158
4397,25.28180215,9.178894737,7.367098924,5.481399984,1.205681739,5.52820372,5.716657823,1173.182609,0,0,1.290650753,0.556430323,11.3238529,,2.768053057
2485,8.485412066,2.61949189,4.132078097,7.624171034,0.781353046,10.7591708,14.5387933,9.235955056,44.19764605,140.8462164,0.990337373,152.0516099,14.45936621,14.24600417,1.098075943
3625,17.41418251,9.538411137,7.476344368,11.17736158,1.485432369,10.63005084,11.3762969,61.24530152,22.38020345,40.69014478,2.610082132,1.504362604,32.19684775,213.2711405,1.788599609
3762,18.64209108,4.279849835,6.258811442,10.77813957,0.665228226,10.87367725,14.77877734,142.0813101,5.313657601,17.91029288,1.26682418,24.73535582,21.72273444,18.66837424,1.466381039
3089,20.79353283,14.41560275,9.124623847,12.9729064,1.422240875,11.44782023,13.58487787,299.1795003,9.056526187,3.944491784,3.153148491,11.36786623,13.91708275,112.1065647,0.972980984
6629,-0.074033823,-0.019972185,-1.217107363,0.738072464,1.377738942,2.786552589,3.608054676,2.299182219,44.3723656,144.568669,1.252638734,53.16682182,4.115231813,-63.96474853,0.87412791
3787,1.485354106,1.420068853,-68.41387654,-68.8109115,0.20670434,-69.16329803,-66.85598241,,0,0,12.50699724,0.438667658,-21.06637361,-82.40463237,0.782329049
6678,7.216807655,5.788801568,10.14129611,13.12747682,0.560088557,8.527878033,14.13350718,,0,0,4.787029531,9.758043314,-3.675539445,-29.3356939,0.875691731
1965,21.6375484,14.29088233,8.618600784,11.4396009,1.076660422,9.513006295,11.92540682,566.5294118,0.08108479,1.926527529,2.355780916,7.792992728,14.25198133,66.25237355,1.028142193
6246,13.74252786,8.179570062,11.0798714,16.27760331,0.681605212,13.20912298,17.45047028,1159.620007,6.063708658,40.75064824,2.497713142,26.39361087,12.14118442,35.70908363,0.987638336
9335,4.4195962,0.590389126,0.60720844,2.214720705,1.22442477,2.510598776,3.21367021,1.468907599,72.30198769,541.2457245,1.211569036,485.4577197,4.880610376,18.22758789,
3449,12.15813194,8.009183634,12.00070225,15.06011027,0.695054275,17.00210436,19.65657102,50.93164748,17.15914362,26.04798961,2.658019426,69.34573813,18.07413903,78.42832241,1.366152296
5248,17.41051217,1.155885358,2.629635552,18.44724555,0.482842021,16.10913376,21.16859379,11.18655744,42.7503821,643.9272224,1.126107907,530.1488039,-26.98645639,6.314738649,1.164493514
3627,-0.97315219,-0.553967884,-0.564963824,0.705202867,0.980583994,3.69586388,5.283067683,1.975314292,28.40215062,49.89389438,2.370947403,3.06756906,-6.81059475,-19.7065196,0.773723905
2962,-164.795401,-40.51274049,-88.53798202,-42.92201942,0.417248285,-36.41174597,-27.15664017,-43.33067107,64.05024025,219.8634139,1.308043526,118.5101131,-28.20674063,-202.581887,1.187434785
3401,-18.91682005,-7.689169223,-7.728716194,-7.844980114,0.878951242,6.918250253,-0.781027001,-6.659265513,36.47764192,90.02267153,1.843112973,63.58182383,4.686509263,-462.4171123,0.824750358
6333,13.99292014,10.80538878,12.47778167,19.93802062,0.723529419,18.88642963,23.08677975,325.6335882,1.382345382,1.736902444,4.142356428,26.74007987,4.546576524,24.74348557,1.35482963
3302,5.169558609,4.096794084,11.124208,12.05555476,0.386234233,13.11633122,14.2646585,994.2326551,0.187915145,0.237121598,6.328974828,16.50074229,6.855831559,17.21862804,1.13242285
6763,5.695060364,4.656277173,11.97035862,9.904854306,0.505693366,14.66699305,14.64969708,270.4112195,0.537680092,7.647662668,7.580366889,16.46476858,10.28889842,75.52757624,0.824886576
7217,3.497955261,2.69472794,4.659037448,5.970721996,0.644146804,10.55600294,14.05282516,27.26204586,5.577064936,12.35433652,3.834901853,57.49129212,9.253142229,-39.14052179,0.713482028
1815,4.199971351,1.302520635,1.852372052,1.869118489,0.848420961,1.349978932,2.452542757,4.60106383,24.87938801,152.5569403,1.144568865,53.40065893,0.832307474,260.7924922,0.842902456
2477,16.26235908,15.24925427,48.84602836,73.62647973,0.307881717,49.85281056,73.77456151,,0,0,15.88830426,0.03343477,7.968863483,8.948585854,2.754673207
3985,7.687317887,3.325875857,4.009040914,8.646984161,1.107072748,11.34643487,11.53682448,20.32072326,40.42466874,89.78206624,2.481218665,7.514555946,0.364642094,,2.344944975
8207,-2.812497406,-1.078455124,1.223926349,2.010888767,1.510008979,3.68931851,4.136091081,5.675847659,29.12440132,119.7359988,1.510910973,92.56274178,6.64706361,35.13403507,2.008542637
4198,0.184313087,0.130215756,4.620687181,7.680768437,1.432194427,8.551287455,11.97079794,239.2173184,3.666110085,4.348372181,2.813432277,0.798738726,7.718282188,-21.57268921,1.629591517
9846,4.87392424,2.967972531,2.2798919,3.688443364,1.35319162,5.261612714,6.444682237,48.46924425,10.44557396,17.15343912,0.45439246,107.3971319,0.954624321,-4.326211137,0.637098969
7037,6.097560976,1.054751175,0.606762645,3.4861272,1.796017436,5.25677092,6.337911633,11.9245283,53.44711861,308.9800443,0.943009119,119.4567627,13.18598989,225.7731959,1.23447543
1905,6.940763367,4.279046327,3.159419241,4.700627125,1.181718109,7.114622556,7.000603615,14864.70667,0.823155251,2.028434834,2.433972507,22.26572251,17.37015682,114.0091796,0.717470041
2751,11.54037886,7.063579847,4.388481564,5.703963447,1.864598193,4.785888853,6.730421847,223.6666667,7.586101682,11.84571286,2.602030457,14.2385344,26.92183201,-6.022408964,1.921364955
5945,4.300785656,3.952587378,11.47172385,13.91330201,0.338268087,16.96572782,20.83170839,7366.903226,0.056353017,0.077385807,14.49393674,25.8081055,10.01640453,47.0858834,0.50899795
6776,9.610316265,4.616149742,4.536489152,3.281334051,1.113862869,10.09144701,11.25336202,9.838709677,20.27760195,37.16114458,1.103705546,84.04555723,3.642445642,-13.92285983,0.716455465
6627,8.321082915,3.34881075,8.067763195,20.65635681,0.474578444,51.21417836,53.8010111,33.80896577,28.88464772,71.77221009,2.041436676,170.7603038,12.49760029,25.33075384,0.973972511
6637,8.796600904,6.122500182,7.892095693,9.960938476,0.794771245,10.34029227,12.83865296,58.57071076,6.636846433,5.070747031,3.082727372,27.36371279,8.33373939,14.16088069,0.697171497
5133,16.5977519,6.646227535,2.033854941,3.157010283,1.234011099,3.966202608,5.781049595,104.8729367,3.901986637,7.440302537,1.383154575,8.961588178,25.75954339,0.26534934,1.261593078
7362,5.793698531,1.411554496,1.677577641,0.656254784,0.919272783,5.7845423,4.197341417,0.672821503,61.62224928,252.927348,1.397215318,265.4566363,3.787616334,-78.68136398,0.965590162
3915,12.51101895,7.078914545,5.604341476,5.560983034,1.346214668,6.420627854,8.238635027,678.3630435,0.900396152,1.591327773,2.420472646,3.441023523,13.54445472,7.441399888,1.364131428
4543,9.34597946,6.995377908,11.28944933,17.27726408,0.566245377,20.4842637,25.52387589,88.80059524,11.70191529,29.20860628,3.002494138,31.49923093,12.39967327,33.40338013,2.507825863
6337,2.075684835,1.899961225,7.247114732,7.467752885,0.372498815,2.427019688,9.453496266,440,2.345870492,1.913301327,11.15107914,12.9906806,-31.63940132,-74.58116696,0.607299068
5074,2.178255046,0.61284394,0.558826736,6.948533421,0.271341396,14.8457093,19.36539091,2.067315491,61.3333157,224.6422445,1.399719963,185.0177409,19.71412721,7.507380852,0.870504631
2404,94.17233038,13.58558665,4.174061246,2.625433076,1.804113364,8.564284164,5.011367573,4.804445759,51.10364765,398.1332984,0.955763863,198.7371909,13.77630396,204.9049902,2.477351541
4255,32.26453573,5.209630106,3.611947608,4.080783603,1.604945395,5.711639887,5.249613615,6359.870968,0,0,1.069189586,24.48854318,11.54187489,,2.345899864
3521,3.316022008,2.68130069,9.672161691,17.24138976,0.327369199,27.554848,32.69324859,43.18019727,9.862023288,9.574109724,3.381887668,85.84720483,4.635346279,81.10070431,0.847192012
6769,-3.789047745,-3.459016198,-7.206316676,-7.389659271,0.463775815,-7.526422586,-5.783611767,,0,0,15.09984358,1.530250332,0.548013964,-1323.365687,0.938794512
6481,3.883550872,2.145702253,4.220941259,6.718404285,0.46221009,15.87022342,16.82512352,9.294591484,28.057557,50.78195253,2.833243663,62.33464584,7.94973444,10.56053658,1.386456831
7544,9.22705314,6.634248003,2.532652655,9.374792813,2.774905712,7.014519658,9.441092621,,,,5.850114416,8.623188406,8.393819619,41.68336673,0.911893676
7501,-2.658442446,-2.124267965,-4.003096486,-3.052964882,0.585232959,-0.940097846,-1.088802482,,0,0,4.335188059,24.56954995,0.220575782,-226.8775361,0.821853842
4231,9.054135455,6.544080364,6.858351214,5.74321121,0.833228042,10.38364854,11.75168698,80.76083796,4.580504701,4.583304306,3.411536317,38.99968037,3.078524187,-11.29358551,0.461017321
3626,15.64996549,9.628869046,8.748143652,12.07898728,1.055252989,12.8293979,15.50148945,118.0410256,7.800541528,11.62985767,2.082631682,23.59173902,4.131663886,2.958103474,2.083301003
4098,0.802191352,0.293024585,2.566076469,1.834744675,0.539862852,9.699769053,10.98280729,2.75,46.6623785,116.8460184,1.436223974,122.2070045,-1.999245568,,0.757644904
9746,14.00960395,11.48956113,14.48799655,19.3384925,0.64623412,18.59576405,24.7316594,,0.184437692,0.901407412,2.861899831,15.64375052,10.97727968,4.101373573,1.819788708
3479,8.616780045,2.942484802,6.401162005,9.991892987,0.588940945,11.51195784,12.92224024,16.80681818,42.55976407,173.6864959,1.075886049,125.1266464,62.0139554,28.38541667,1.146866866
4891,-31.00790255,-29.98905865,,,,,,,0,0,30.41586472,0,,,3.287195683
6809,6.695752287,4.830249162,4.671512661,7.091217951,0.75921538,8.602299214,10.47683009,43.25301205,5.092525135,9.056939142,4.541248495,21.37591145,3.712049822,18.52096401,0.639016466
1885,16.41826066,5.851695496,4.511426081,6.240468179,1.155749071,4.727783292,7.229961994,44.44612069,17.01383894,42.2981623,1.422947897,30.70410902,16.42405197,19.67850511,0.983415216
1882,6.061863856,3.702560598,3.26051748,3.976298637,1.378692489,4.443215485,5.78313253,75.11940299,7.361029971,13.09824587,1.973652182,42.78315166,7.212434355,-8.656987296,1.103922816
3204,4.686940966,1.89115057,3.749069887,3.262549368,0.50053001,5.23152653,5.901207716,4.672131148,33.64515663,83.38461538,1.346442886,142.7119857,-5.146859221,-17.15116279,0.718729387
4045,5.943447171,4.416042614,7.865715412,8.736877126,0.572402909,13.08837301,15.91564394,58.11885246,7.544663703,10.1541842,2.333586626,60.07690589,-3.151664141,-0.379346681,0.862202207
5973,1.171604235,0.661255303,-0.035559896,-0.426779507,0.937924782,2.73357723,1.986366497,-3.032218821,25.01680882,47.13858393,1.428308007,71.32337153,2.703818094,-123.8088195,0.593858022
7472,5.711408987,3.899880954,3.901191934,5.335901432,1.004431995,4.496856293,5.992159923,,0,0,2.508911367,9.448409026,10.95228078,11.17610561,0.770651177
4441,23.49604316,11.33125346,22.30282965,32.03663978,0.576210302,30.08327612,38.41566484,1523.29661,2.706907865,3.202769363,1.645502646,3.810455547,16.60432647,8.050287094,2.26340488
9001,10.31274571,3.243659308,8.12892641,11.81466472,0.363134745,16.58566404,20.29579024,11.92344574,44.40633973,144.1257836,0.403067469,254.440513,-0.708058947,0.975854041,0.970718548
8841,1.796867205,1.567504526,13.5872871,10.78923358,0.112678952,-1.072080292,19.94373479,109.1538462,0.976535301,0.942831488,7.408222491,53.40616582,-4.104994532,-37.92650919,0.616872957
3433,14.36674526,10.52485354,14.84759639,22.62912356,0.674829678,24.88429127,28.71236009,681.7777778,4.680799662,13.37741356,2.958685029,61.74913846,16.03937092,33.42030876,1.398162241
1860,11.52802088,4.271675625,4.293109649,4.540952952,0.653431215,4.605555849,6.062785834,12.75862069,27.74900062,84.19148694,1.38768887,71.82221157,12.29380171,48.76033058,0.904171838
4100,-27.61750697,-6.064493211,-11.24830265,-2.04629425,0.606728872,-1.841033252,1.218934538,-1.443207127,55.05802021,242.6709805,1.278903811,94.05050777,20.70976595,-649.1525424,0.896334566
4816,16.08049713,12.89925647,23.42714903,32.16509977,0.57014749,27.23332937,32.94061645,,0.055503194,2.72196765,3.759071544,5.586234807,13.74106075,38.82040746,3.517215154
9605,8.198654026,4.679718488,8.738786808,19.53957826,0.411229137,18.42353909,21.94617668,252.9208633,4.100388449,6.751410401,2.761629974,37.03885641,5.005690274,19.81051699,0.911450128
3361,7.033164499,5.360881328,3.073739112,7.071131275,0.997365693,7.819102865,12.35602653,148.0397493,3.439516879,4.18686089,2.375489742,61.98563332,1.055283296,-15.208671,0.775961037
1946,11.44258216,4.95876681,3.972823159,5.920299964,0.865909407,7.019699889,9.885004023,8.546616942,28.91588429,55.965015,1.550448894,93.34333602,7.159212696,0.829666876,0.851435561
6643,10.07293693,6.964547876,8.655473333,12.18762618,0.866697816,11.28529733,14.86014386,735.8921162,2.366419164,2.765660654,3.181615442,31.3918464,3.430829521,25.07015049,0.801609635
9036,1.307376787,1.070583726,1.018755676,1.800945281,0.416443025,7.303357948,8.918330708,12.91749084,3.020212965,3.604821176,3.827752047,69.03985999,0.645854328,-40.7908752,0.375373275
4093,6.85352377,3.718201598,3.699024108,5.501292094,1.031290034,5.384358498,7.597063461,44.78807018,11.3720001,18.00954742,1.79112308,59.35906361,-1.748421432,-8.626789045,0.766660742
4409,5.688423059,1.759453008,2.878033313,3.38723817,0.778139015,7.964486225,8.682595639,4.704663212,42.11635378,129.5569319,1.553728393,116.5173892,5.96292197,135.538262,0.899457337
9602,9.906125332,7.262844022,14.35356552,18.82366641,0.526047645,,,,,,2.457019275,48.10678971,15.16487797,4.954780861,
8142,13.28919092,4.74423041,1.761714284,3.023326545,2.811510277,3.395611884,4.157122123,45.13218391,19.97843532,55.96213045,1.153204737,76.11372481,5.389000467,4.762540021,1.064342955
9533,6.125862523,3.620093178,3.880123779,4.70846481,0.878610905,11.35699151,10.67636164,28.84033613,21.27918394,36.71882318,1.560564621,66.64116826,3.637526956,-8.065956307,0.94103498
8129,9.361673956,3.325793264,1.30682024,1.238002101,2.029758754,1.093385227,1.638332691,408.673913,2.94131889,2.982697318,1.294659535,33.82025929,2.829461669,-2.001772403,1.030866667
7422,0.386536465,0.26066842,0.384334679,-2.652696511,0.709948737,-1.430359185,-1.56757445,-16.27330366,22.81853881,33.83684658,3.128992668,39.4234463,-10.93039913,-263.7202611,0.711889033
5727,4.332247557,2.01146223,4.187740239,6.60979612,0.704836672,13.36233057,15.09879291,17.87537994,42.22080713,92.47557003,1.59430727,89.26110063,13.48145503,4.476816486,1.169621514
5707,12.79508034,1.299106738,-1.154696001,4.455637657,1.21565456,0.944031299,6.471207837,3.725827815,74.0460629,2742.758478,3.250694444,830.6741766,-3.467810371,,0.982237133
7446,6.740333234,2.885152811,1.244966085,1.505103052,1.922676986,1.92158118,1.986895598,122.3500118,4.393997064,10.6084903,1.35403996,30.84456476,7.112116069,52.35946933,0.762045242
9506,17.31767873,3.127845656,6.911685531,10.59891596,0.486190132,15.90982989,18.50605994,10.81194076,61.40450648,346.7797894,0.991564402,382.0896401,-6.135999798,-13.01142235,0.909682113
5484,4.184649226,3.433255769,4.760223779,5.901460378,0.615417868,9.249502316,9.98104644,,0.002112767,0,4.402234997,34.38990433,-0.74586543,-1.088972883,0.626999061
2329,15.57967172,12.61930213,18.30538896,5.872696231,0.450892439,-1.565030863,7.92365276,335.375,0.418989081,1.707377426,5.101136657,13.18533706,-13.50461008,0.149309444,0.93420024
5301,6.307050553,3.023795504,6.217178598,8.004087193,0.493992582,14.64701511,18.09573941,9.111737751,31.53397497,65.77375156,2.042422234,91.22717193,-7.755759553,33.32989478,0.78025264
9729,6.417495217,4.797676194,3.164997125,5.487421594,1.306745545,7.912158457,8.892485054,328.24,2.323805846,7.214546479,2.432125427,43.09007031,8.189723778,1.521712236,0.866914727
8071,5.232627257,3.150860973,1.126736634,1.929818904,1.904584948,1.207798035,2.286845919,19.99660049,14.61150485,21.3271411,3.060145333,14.28359547,-6.303325245,-31.43351724,0.581360203
3167,11.86061689,5.15870246,3.785495437,6.917143772,1.148437703,12.4830583,14.23637066,40.97810219,30.90707728,58.26958671,0.892387386,122.6663386,5.169904066,8.57400722,1.151517288
9173,6.975598199,1.760490115,2.575853298,3.664857306,0.656831148,11.44598487,12.17104506,3.790487083,49.24166667,195.1104857,1.358333089,232.5523241,-2.164752901,-10.09185653,1.007843934
9761,7.550480902,3.484011649,5.813795798,8.215589578,0.516731021,14.36524635,17.80188719,12.60654562,38.05233684,102.9779133,1.485605618,120.7188362,7.114640108,51.32211514,0.734067972
6995,10.01246536,6.193853706,4.50231519,5.737946443,1.198571789,7.558689247,9.094485639,824.2093023,2.165020687,3.163796049,2.176590765,39.10167175,-0.945862293,22.96509611,0.710527832
3577,4.922179287,2.368472917,2.172615426,2.925367047,0.974492238,5.759449019,5.775821367,29.01576218,14.18727465,28.18933745,1.919825277,65.0222933,8.56537806,877.0083102,0.624439329
4430,14.74370794,7.946437365,7.615741066,10.49135354,1.083457314,9.125634709,12.50414556,70.41324703,22.19993866,30.94940916,1.852648028,57.47789157,22.21821443,11.54508548,1.121385501
2989,6.399869091,3.129524119,46.32675158,56.6243219,0.068422814,57.2467383,67.52667623,5.492044622,48.1477938,98.46211934,0.673945203,19.90251313,21.8932951,19.94715939,1.025316269
1766,12.18383414,7.123062532,4.303403884,6.071077897,1.6692238,5.460669867,6.656393192,,0.004808155,1.50727845,2.260610887,31.28724271,7.571112122,70.72403743,1.19867103
8766,20.8660776,3.391255465,13.92138598,17.44694206,0.245187779,9.941504576,,,2.003144314,4.444967079,0.874879609,11.07097462,7.065329157,85.23080284,1.197785888
3437,5.29684074,3.364133544,4.434502727,6.032614811,0.893683578,8.870419134,9.661766355,103.4711147,10.73570728,15.91447256,2.518259796,48.06133866,9.933382077,28.37296259,0.676544016
1892,12.19043768,4.55068581,1.891884334,2.172940321,1.390955947,1.511549863,2.391073326,43.16666667,11.19181933,19.65025776,1.32567075,40.81168503,12.28588027,2.574257426,0.814196654
3708,4.998474912,2.793919159,3.804852321,4.144514768,0.68934425,12.7056962,11.17616034,19.3546798,21.0272075,40.26994052,1.563896156,81.90356362,9.573840979,70.97476066,0.679458353
4043,9.687914575,5.321215354,6.816916516,8.735458634,0.734972423,12.62821615,14.49370834,32.86074561,23.24388344,62.63806425,2.568810353,65.86979045,0.316675926,16.89289336,0.846265863
6360,5.169168999,2.965458902,9.482686058,12.14070206,0.76693394,11.00206104,12.98641291,149.4127363,6.498794265,11.1712083,2.400346512,22.08538036,-4.225344892,12.72826417,0.735134921
3415,19.29459025,8.134112704,5.094043237,8.242155704,1.80352662,8.474199145,10.58157104,35.56379304,38.6137674,91.59411075,1.447369202,39.9841084,17.45218029,32.81034445,1.826484169
7815,-26.59480002,-3.280571616,3.79021869,-0.424852164,0.635319184,14.79391172,9.28722926,-0.391467003,59.26090537,479.5464195,0.672241344,467.9920962,8.377043837,96.50298593,0.926589417
7359,29.12208463,6.259927796,3.705144913,3.046652586,1.670142182,6.195282081,8.856908324,5.750144153,45.41196261,211.2629828,0.987247357,5.537398355,6.099009854,,1.562813779
6772,2.63720371,1.66282897,6.748296336,9.90293223,0.860111747,10.38454005,14.18666243,41.71473819,12.53496479,14.05579337,3.062217791,44.86628252,0.687173813,-17.51574254,1.066988531
9501,-19.80549208,-4.967867804,2.368116603,3.442577673,0.46043419,6.335436541,8.838993238,3.367561512,44.6209323,202.2515441,0.519583953,265.924835,-1.561028153,-15.92357373,0.793305988
2760,17.40874616,5.28680203,4.101599508,5.757952482,1.34836999,3.510507027,6.248295814,45.47080292,27.05139594,72.76279225,1.932658669,9.024048808,-10.91408386,-19.24946529,1.243649049
8035,27.1198555,19.15969689,22.37786482,28.67783258,0.956850082,25.76366361,31.23852592,,0.814895462,2.343455643,2.656276137,23.80896169,32.83431493,52.83278979,3.801770782
1945,6.732722463,4.262543833,4.282212575,3.938158944,0.628358818,5.462035971,6.917988246,12.01351351,18.15212665,25.63607933,2.046706883,40.53809169,-23.44942182,-32.63450366,0.702789395
9531,11.81549582,5.288328972,2.813741913,5.047464568,0.680229768,13.13178163,15.22006334,4.264949048,34.66313264,69.86923961,1.716004549,84.25294098,-0.961944396,-38.70795417,0.989252417
3067,3.7924399,1.130342623,1.046467527,2.510788361,1.468280691,3.893974102,4.688789069,6.204341751,55.13089957,185.1006587,2.166216086,121.483051,-2.829753899,-21.95333165,1.446968946
9285,2.741265148,1.501969753,16.26992962,25.08958273,0.090153211,64.37268527,72.45946636,3.067452788,44.53849451,81.28780389,1.71487661,157.4240596,0.766780121,13.86685007,0.792946312
9701,9.12228737,3.502336932,5.823765054,8.351037334,0.5556952,12.48674164,13.86809891,14.5022342,43.43866394,103.7646111,2.569213997,122.1921474,2.617648381,21.72119766,1.070423903
7721,11.39096442,6.018536675,6.588031223,8.423243712,0.803624325,9.323503903,10.49262793,35.97037037,25.46374368,55.72269781,2.335411471,24.02147558,22.22787601,75.37016974,1.182358411
6335,1.597183184,0.894678518,4.669717783,11.93346503,0.4962818,9.421401206,14.02604094,6794.623077,0.199532767,0.213549965,4.156830978,33.05509391,-20.53854726,43.62804719,0.587053598
7173,10.30547715,0.539328269,21.44336946,28.58705685,0.020472326,19.0249906,,,2.932187818,60.38199363,0.271057433,18.47651507,18.36472083,20.43785107,0.972500824
9193,1.542293125,1.172015235,16.9770729,-4.249224123,0.398846964,9.021236238,9.225401766,-9.189425097,9.915467106,11.78667001,3.257218787,55.64028929,-3.793356752,-238.9914213,0.449105266
7139,8.039585848,2.48435133,1.714829088,2.534421853,1.203189976,3.149293697,4.139318789,8.13344842,24.96836843,73.76246553,1.167253881,92.75790181,2.40120731,-23.20052557,0.865351703
7719,7.268336584,3.116187681,1.806632538,0.856916919,0.933306562,-0.767390428,1.778273393,4.340505961,22.22264742,88.04908797,2.317312675,54.03567348,3.520065846,-77.5133132,0.902488843
9023,8.813041761,3.093899265,13.17895604,21.31858216,0.200367,31.67161969,38.99718512,7.325918436,53.2803965,149.6786592,1.863485932,215.4242187,4.769220098,13.86215115,1.165876958
4186,14.64323983,9.945062811,14.06789886,19.99206848,0.768051042,19.91022196,23.70764759,282.0654762,7.898488482,11.62983717,2.909959072,48.39053909,17.94482649,43.19775172,2.352460952
4635,7.478654112,4.359458609,2.521044311,2.79878648,0.906232454,6.172285604,5.967183694,33.58974359,13.61543909,23.39441801,1.817509323,43.58610914,6.566185511,70.35110533,0.62433052
7235,8.978433667,5.989787422,4.177684649,5.035127479,1.055366374,8.720824845,9.149039804,97.27600681,0.869694391,1.116928711,2.747660721,39.86414038,1.973674264,22.69775721,0.531484444
5981,11.43246559,4.763256823,5.164871872,5.694561535,0.719116932,7.522229469,8.824979719,12.92418773,27.77657895,62.75044296,1.165022576,81.34114761,-2.123585185,-8.25217837,0.799521296
8070,21.82286205,5.411795302,3.060127835,3.20578087,0.855152732,1.544204989,4.098082471,8.334558824,16.22120034,62.28906473,1.119918481,42.37296215,8.745329007,,0.964917439
7729,12.36549012,9.018127014,17.03136833,19.74437669,0.643450681,19.2567792,23.16818792,147.1386139,8.361158064,8.73422274,3.608143524,30.81239689,11.77160677,13.86430678,1.607455678
8040,2.255124833,1.697496742,1.468017338,1.078884194,1.129966903,3.43485919,3.298629385,18.59396727,4.84449756,6.435916181,3.486677645,22.38344921,2.623973257,-28.47179361,0.501780436
5423,6.544460218,4.67339316,6.488562467,9.20817076,1.078299865,7.685410451,11.29186749,1074.642857,0.013267021,0.136243676,2.483140968,48.9524481,-11.01916447,-20.89281489,0.849111803
8804,9.962201197,2.59068429,12.4063921,20.17863991,0.218002704,15.57336289,25.30226345,6.179184411,59.26770566,227.9076653,4.220529311,170.0656826,2.342341565,20.20057486,1.058533776
5445,15.51724138,11.24098755,13.14033877,17.77148184,1.022639897,15.44198661,20.5332171,176.8433735,6.162454786,7.600281492,2.604324394,50.58309038,3.737895173,38.14588235,0.881953572
9633,8.506518949,4.569221142,16.53174451,1.296122846,0.687726791,2.849354652,3.151261213,2.539750202,21.38326711,35.79424351,2.167922069,103.1575854,7.608328925,-4.182949776,0.718088703
9672,11.0399497,8.31707433,25.05258718,36.91235338,0.336504888,42.09191468,52.44163325,207.1068847,13.88605546,18.43212503,1.298663281,89.77702359,3.250908733,10.68428475,1.421262578
1720,11.59738279,4.243026383,2.262066801,3.015975356,1.081051479,3.540299994,3.451263735,23.76612903,9.793122316,44.83298076,1.471313451,23.26068776,2.610604135,8.398724865,0.934374376
9005,10.31480419,3.164305343,7.552458291,9.809370974,0.394307738,15.38141445,18.01710173,11.4299757,48.08562935,160.9296174,0.638437908,219.1240074,1.653660224,9.042726937,1.03552296
3289,11.22200244,2.831473579,6.74284383,12.23723182,0.365716006,13.65007941,17.08717979,10.05320668,54.20064492,234.295166,2.223333618,149.2184451,4.283951636,17.07100026,0.960228789
8957,8.138605549,4.117679034,35.26230308,38.73884388,0.110017886,70.53399618,46.06413153,11.78695929,43.59228597,85.3512734,0.495435946,69.95365127,21.72330551,5.038483582,1.268868718
7971,9.020522,4.526087138,3.317598312,4.140612436,1.122402608,6.126252259,7.382531289,61.64788732,11.09486612,21.81242975,1.609657825,55.89851392,3.160925149,-12.09078128,0.781862304
2737,16.47689486,7.171300763,1.325203773,2.411832922,3.452810258,1.819190791,2.466614968,5.656284761,12.45241645,133.8848471,1.773007583,0.447391225,13.75729748,3.47985348,0.898203067
8147,5.670041227,3.618502408,2.904316693,3.557788986,1.168460459,3.354911837,4.012369984,348.9638009,0.885444896,1.176663996,2.726606579,9.370607471,1.7024933,26.93853634,0.719686382
6898,3.108345927,2.655835398,7.719498062,-3.833084044,0.339456091,11.05452382,-0.752170935,-63.41898865,,,9.481797971,52.6530357,12.75007402,64.19156722,0.794188454
1921,3.305409817,1.769849279,42.8302314,11.34226689,0.359656561,12.76169573,15.04125065,26.22444216,15.58891801,25.71976787,1.986555312,77.48588601,3.984207383,23.73082192,0.75215742
6309,8.712738136,6.603743218,6.487480012,9.016268211,1.083553497,6.918422443,9.652828488,,0,0,3.289625303,18.28585299,13.9027483,13.80658144,1.084051098
3878,3.785592442,1.251979951,2.17820632,4.222815985,0.750152505,8.053554833,9.415659851,6.058333333,30.42072602,94.81039234,1.189152058,109.5853563,2.19636709,9.159159159,0.731291578
3946,8.19979727,3.676538136,2.963850045,4.262498122,1.045300827,6.521471862,7.89297537,14.37941628,33.12558927,75.50413009,1.672673234,102.8802812,3.823170674,16.17026557,0.739767127
7867,10.77463862,6.91560596,6.533858173,9.939057286,1.507339875,9.740843607,13.26313266,67.76839237,6.516257465,7.761424087,2.246127265,17.95052539,20.11702812,32.15898826,2.232597808
5967,8.011151285,6.169127842,10.36729242,13.19972575,0.511297786,11.52216881,15.2999321,49.97132599,12.29471834,34.70074843,6.329126499,27.67294156,0.169935541,-10.92294523,1.024428148
7640,-83.583353,-4.165125631,-4.218358232,-2.255992237,1.133896902,-0.462215417,0.293089702,-3.057628099,61.78999784,,0.828180506,,-5.869264454,22.09751034,1.133498069
7911,5.774920201,2.970155704,5.200819577,4.894526066,0.694462944,6.690493376,9.638408345,15.64099702,19.39598909,38.14460724,1.709724578,48.00701012,2.366216217,13.09482179,0.902262942
5975,7.711779141,4.564710067,3.785923848,7.66901876,1.01428841,12.30806707,14.40808635,89.80877743,13.78117202,21.86195374,1.604285424,75.08957391,5.253548667,27.857366,0.655000663
7231,7.656825204,3.676295736,2.124679818,1.763414391,1.036511149,4.494527793,5.86274575,7.086898396,24.41623987,43.13339937,1.619006385,59.59283845,-9.994850176,-49.22413793,0.681171986
3402,2.510146379,1.302862148,3.039504073,5.453520489,0.75846616,9.068186074,10.48984114,7.639995628,25.5925338,57.64325471,1.704882628,68.0815034,4.004063952,43.84692166,0.929587744
6616,-8.871769715,-4.593382801,-9.844713808,-2.63867984,0.682126661,7.466013015,7.664487826,-3.824222956,38.63494041,78.35948717,2.9537101,52.61418666,-6.967549139,64.44864974,0.86559621
7138,-37.00390732,-20.24012081,-12.11634858,-7.07535279,2.132364683,-5.909832925,-6.027554238,-45.86356425,17.82812155,23.26723521,2.80686585,0,-5.660190033,-16.98500054,1.230387061
3397,6.201201815,1.408123863,0.552142207,6.774833351,0.832186946,14.7273961,18.48352894,6.380617978,62.1548534,258.0441211,1.212834145,190.7125046,15.63944264,28.23371675,1.840894536
9337,23.83404575,6.453831729,8.136254366,13.17299124,0.923560425,13.06340228,15.8595214,17.46216476,35.58625793,131.4202997,1.276876694,3.10672148,25.71759097,55.69548967,2.226243341
2009,3.07988307,2.429530798,4.312924713,4.997429953,0.570015997,6.835810665,7.78066911,35.45923884,6.153760284,7.801038015,4.834765065,32.13907945,0.313771764,23.39576569,0.740301835
6363,8.451282417,4.09527681,4.702835805,6.29934914,0.796579811,5.645021445,9.401047387,26.71078431,21.0645125,44.86586824,2.174460335,35.74883538,6.655734067,-20.13776931,0.982633393
8077,5.658676155,2.375452942,4.014834311,4.493424301,0.665602469,5.773596843,6.378647182,8.069392211,37.58933923,88.69175854,1.373535445,55.29589017,0.573262002,11.88381877,0.751928877
4728,6.501937545,5.04550273,3.770706791,10.39546349,0.875990793,9.842247678,12.00594188,,0,0,3.388141692,22.78740516,43.78029958,,0.874189449
8923,16.30221915,5.451534237,15.58235469,23.58199718,0.324142494,16.59151659,25.35162887,9.30417688,59.4092407,167.1082686,5.135979203,32.06185436,15.20484616,16.71577662,1.187834418
3451,6.726169225,3.187838785,39.00206468,47.92763834,0.082107989,54.2690731,60.78703388,5.346853639,47.9110248,101.0896981,0.839983464,2.376586269,2.499631217,3.631958649,1.132241367
6588,-5.605410206,-1.749280396,5.18835471,3.50973878,1.525504923,4.495141442,6.540640494,14.53840632,11.72875327,24.46434519,1.235317002,41.22136698,5.270234523,27.73257647,1.074639978
9444,-29.15047821,-2.83879219,-0.483628351,0.257171089,0.717532895,-1.768265086,2.528764175,0.274695187,67.26250629,637.0991853,0.580905962,739.9496231,2.003789161,-86.16606752,1.060299506
8920,4.559779506,2.270749692,3.44787972,16.52176213,0.482594934,18.27771963,23.65416771,38.83024757,29.34779641,52.44620497,1.551944229,128.2744454,15.16978618,48.65375799,0.73558966
4754,6.06130568,4.542859836,6.363214916,7.220198203,1.057179216,6.14143781,9.117166373,137.6635709,8.152673195,9.606529791,3.784549496,26.7666013,3.00399334,5.187885106,0.860887119
5956,4.815029619,3.187325347,2.194629144,3.276693454,1.039142622,5.257801383,6.004517904,24.88423473,8.880719924,19.91815076,2.660586547,21.06589745,5.481017671,54.52876808,0.545641549
4042,4.123514406,2.569581209,5.454577941,9.30107901,0.812595831,11.08482182,13.76871153,35.95274446,13.9726723,25.18806447,2.262065471,50.45737568,5.741816157,23.86940023,0.812879696
9960,20.66341113,12.02330156,7.177573449,9.420485002,1.516304665,8.660023853,10.55797074,190.8051948,4.576685134,20.9737216,1.536510768,34.19621421,10.81914561,50.54821191,1.371619941
8181,8.3702703,5.477267165,12.86195852,10.71734193,0.433263556,15.83180205,16.82389237,9.472698191,24.72442129,37.78345715,1.233320903,106.6263455,2.057549745,5.141589616,0.59313602
1835,10.80391762,7.135292985,7.225630285,9.700871994,0.916565394,9.125476307,11.42621681,493.202446,5.887445631,12.4567751,2.486409387,18.80623141,12.83203659,32.12309103,0.91395261
5332,0.824276819,0.528919162,1.679747782,6.691936272,0.903208432,10.43848195,11.52564552,152.4528302,9.218796841,4.733512549,1.623046858,50.0536115,3.156842531,13.35843057,1.159839276
3297,7.911837856,5.680264802,4.191925177,6.24647403,1.313059121,5.815929995,6.755410967,79.24938004,14.08423164,29.67961097,5.575552458,16.31861442,12.68889803,63.94197936,0.78744428
4746,10.63855547,8.498620165,25.79315477,30.09712773,0.368932512,29.60776949,32.81204105,,0,0,1.428784129,13.13137146,6.11896236,12.45363099,1.349201931
4439,24.17533629,14.26857038,8.367945246,11.32649413,1.888333166,9.607503624,12.08578104,229.2779751,9.165662991,19.58494588,2.213986143,2.545442632,21.53907394,42.27619547,2.120257575
4767,12.25032741,8.52211324,6.366812303,12.10672302,1.256527346,4.630904318,12.48891699,417.2327519,4.312306617,6.129505596,3.158485587,2.163514879,1.595263747,7.28385969,1.197966136
6315,9.114849408,6.722788397,15.18543516,16.54347891,0.625157581,16.9622342,21.8213715,96.86564991,12.09295457,28.75231191,2.812462882,39.91258287,5.958586893,2.14148767,1.601636446
3329,10.23033376,7.984303207,5.624794008,8.294050863,1.428987726,7.708292701,10.87790205,,0.144166214,0.213304792,4.111652318,23.25798879,3.476238805,6.573535974,2.047827862
4553,12.49468318,4.554577835,7.31372836,8.95359677,0.575931029,13.07079516,16.69607156,14.28580209,49.05941299,136.1445011,2.812244852,98.13430444,13.8899857,31.70330916,0.915576327
2481,7.489514668,6.540385153,10.58291193,12.57395251,0.648306097,9.623004703,13.82937062,,0,0,4.982023485,18.37562313,-1.583197566,-19.83427512,0.793993273
5271,-5.693242548,-1.535292265,-1.891170815,0.876497207,0.764696081,0.074382939,5.298013755,1.119535885,58.2125366,215.8664495,1.158922305,203.948658,-18.82775416,-83.10840327,0.946401752
8151,4.302603891,3.000612434,3.672064674,5.880508155,0.817678639,7.149173554,9.502184576,101.7237807,6.706566931,12.46596791,1.802771646,45.94178963,-7.086823682,-43.11946147,1.156828267
6505,9.921489867,4.864903579,5.249266139,5.880756802,0.754206938,6.852660401,7.624756407,31.78666667,16.51596269,49.1546467,1.744722802,18.90450977,26.13254512,156.6200215,0.728006966
4976,6.094293645,4.927093554,13.53394243,15.02128934,0.418367316,19.62922504,22.464589,152.2990435,6.143440081,7.35755437,4.475794357,38.62797098,10.5345301,19.19247779,0.6008999
6655,4.170480597,2.366950976,3.015352156,3.130195411,0.852473574,4.216178736,4.884753467,13.47623653,20.4212243,30.79106017,2.606067209,35.73935712,5.881222992,-22.81337128,0.714087439
6330,-29.61574352,-6.201369165,0.726740527,0.795782675,0.971337457,2.834324016,1.743673833,1.742519685,18.11143134,103.7375858,1.337120424,17.35986136,6.61976421,-67.03411292,0.931483229
4970,10.26539406,3.856453394,8.480537954,10.61425061,0.61460817,17.31540153,19.39997414,19.26760563,43.20014524,108.6786678,1.138983532,151.8344005,20.99449243,16.82322801,1.26190817
6369,9.559919798,5.422705666,6.01746205,6.834342031,0.880338894,5.162549195,8.244865562,35.02542373,20.39164795,26.24029613,1.968322464,46.2392679,12.43237213,33.71077321,0.845455525
9306,5.964033713,3.270757159,5.123506802,4.252754799,0.607282167,9.591610345,9.266224845,20.02605637,31.24865435,56.92520432,1.500058898,92.81840296,4.702949537,9.870154701,0.68379058
5901,6.824904906,3.788235,2.427600172,3.589422839,0.774442904,8.984126021,9.665957013,7.773004695,19.2458483,31.96685303,2.10402093,52.53707444,-2.960775795,-2.183032022,0.745488277
5936,8.043781192,4.014957713,3.797765234,6.234298257,1.052554419,5.756819601,8.198666193,10.33467034,24.3576993,45.67343724,1.902946818,59.17035929,-2.868718222,-12.11995548,0.772890468
2875,13.3069544,10.7620786,12.38514578,14.86918834,0.870689862,15.7537431,18.17100079,371.8029557,0.571617774,0.676860796,5.003015007,38.15503998,3.800921448,13.43292555,1.642835911
5310,5.605645649,4.634655178,11.83182143,14.60304401,0.39972134,16.67713092,24.02736582,103.7692308,5.319888734,6.434440102,4.30576424,49.33891334,-13.00359746,-44.8216623,1.029962695
9686,11.08375176,6.210054611,1.983398281,3.003954925,0.936696493,6.367743183,7.306679348,16.31368372,24.38040284,37.93233522,1.950188309,62.19837445,11.76216692,8.560835512,0.798984755
5105,12.17122445,8.445292918,10.69281235,16.36363025,0.806175699,17.50730767,22.34003392,96.67428004,12.25984005,17.66869029,2.801271642,53.70250967,5.229429848,3.585831179,1.192378011
9351,5.290482981,2.837811336,3.205128205,3.290598291,0.706059844,9.182336182,9.49002849,7.21875,31.52775054,58.1514387,0.929612697,104.4861248,1.161483702,17.85714286,0.648953047
3101,4.663307938,1.474265902,0.47460856,3.945909315,0.689150539,6.75162073,9.32417447,7.631989001,43.35876232,132.6349635,1.668506737,151.8176047,1.874886848,85.13618677,0.75884331
7282,8.838147892,5.25256862,3.428200468,6.46679839,1.147970143,8.64457189,11.4913408,25.05850091,13.51563296,23.37249482,2.359249388,62.33457729,-1.055823555,-6.473887471,0.729303215
4058,26.86788718,16.600428,22.35487855,33.07945657,0.867112896,32.87361054,38.20502264,1607,0,0,2.02359882,1.261751608,54.41830896,38.17712812,4.986101865
3116,3.814536677,1.55887073,0.855534029,3.69841031,1.757926202,6.003987273,6.564569562,37.78097229,18.00670606,43.73876894,1.725713121,70.90004917,0.030353829,-20.60571441,0.876839491
6201,4.096531358,2.136676833,6.42139602,5.516986113,0.398886375,11.29120702,13.44982012,16.26735961,20.44769378,37.34555077,1.91669646,31.3441676,6.568367724,-7.101518574,0.873880948
7203,10.2870007,3.948219764,9.919675172,9.983170369,0.522946249,13.55730818,14.66965552,25.14582798,41.44478579,117.266208,1.259713218,44.30574401,6.522580777,-10.4120263,0.97069581
8015,14.16105367,5.265688997,3.516215548,4.891872099,1.460539349,5.444330742,6.3719173,8.030988248,28.29585196,89.73359428,1.659782634,45.15777352,1.183337292,7.60807642,0.983836076
6463,5.168424864,2.886431169,4.606377342,5.82615562,0.661618731,11.8637464,12.09440294,33.47761194,13.24461322,16.24046493,2.337595948,42.46123068,-0.691313186,-10.4733775,0.58288642
6696,-17.56346248,-10.92193052,-12.68320088,-7.438747834,0.87812168,0.30188788,0.655428014,-29.67816092,26.87730926,43.22116974,4.799517148,3.33327634,18.09269682,-784.6212121,3.739737979
3997,3.189465032,1.416527516,1.125947014,5.142012066,1.460025597,8.672372932,9.122391517,23.52603459,26.89280775,60.55206765,1.474269706,21.95296986,10.03880193,,5.023445488
8704,19.91729841,2.760223492,33.85463211,49.40422997,0.109908819,50.12660113,52.17456062,737.1111111,0.896197132,7.000918907,1.148595686,1.09120147,32.92417343,50.36264733,1.055981202
9365,8.110590141,3.442384789,1.607410723,1.522039631,1.548619526,3.1518279,2.496330983,3.998374523,35.07117331,110.1208802,0.968447602,68.94084402,10.91627236,26.78700108,0.742558316
3358,4.267530113,3.277293869,1.263540255,2.339569766,0.70805334,4.88890776,3.08420246,8540.5,0.158804783,24.42805306,2.252200087,82.20911319,2.651161254,-3.204601479,1.594721358
2342,-16.16648585,-8.031827175,-8.378557809,-1.959527343,1.339229663,-1.224071185,-0.49495868,-6.961482777,26.8615984,60.58064409,2.0472923,43.14813559,-0.598710219,-346.8843851,0.811332188
7818,21.5080336,17.77111779,14.85569829,20.78566659,1.190553046,15.00907427,21.65220607,2485.358449,1.826215973,2.428456385,4.526644824,8.990561377,9.607106534,9.04240215,3.111811817
5258,-5.050552832,-1.893015412,-5.547915989,-4.101887636,0.467930865,10.68545786,12.02667127,-18.24421464,6.063700499,79.68852582,1.14758466,20.87334239,18.6179778,-164.9336844,1.063341122
9715,11.94393406,6.813504885,3.015040615,3.726762609,1.844974597,4.865783865,5.419463668,237.4067797,8.414589584,12.35524164,2.493920728,12.72609275,3.768073528,22.63176326,0.954167193
9247,19.16705394,8.653662209,10.35153946,19.04481033,0.780247595,22.10687743,26.42697046,46.41067762,37.93590748,88.34094202,1.434952062,122.9367705,27.80314452,199.2057188,1.02178706
3093,24.9018376,12.44554339,6.525094142,9.831882626,2.093931103,8.815358973,11.57067309,90.1509434,28.3449115,56.71430815,1.726731657,31.79676457,15.13966878,18.38453915,2.239821605
4704,26.42848394,8.176194469,12.5090585,20.93490927,0.671041658,23.43215549,30.73873848,,0,0,1.19466818,3.672260159,1.227268393,20.1010248,2.701779315
6069,7.377123193,3.78014851,9.702516793,15.96807615,0.80845447,14.37669685,16.84868718,67.40853617,26.05487492,143.5643968,2.171998976,3.528585926,9.130662766,25.34099567,1.292426421
4369,15.25673168,11.6663016,23.09257458,24.71290354,0.565903825,23.53531304,32.74156388,39.20806983,8.728124918,11.41429945,3.057798289,47.65016307,26.32665019,12.28548719,2.503749972
4840,-9.698277344,-8.51422408,-29.70358545,-14.38785081,0.267697169,-12.33530185,-13.5762947,-16.85117579,9.337162106,10.63565944,7.998264541,2.741157847,48.176998,-9360.912788,0.89009806
6382,7.765376046,5.888080127,5.975557412,8.070866915,0.922086637,9.126315631,10.64597082,5063.74727,0.420550911,3.918212449,3.215269403,39.68924979,8.715857527,16.53687655,0.667691185
5136,33.15983701,2.780877007,19.49903305,20.19942935,0.167521396,24.67147431,20.25569419,30.58183935,5.152282441,58.13684049,1.093673905,2.199627946,37.81733337,93.61075315,1.423789782
5026,-21.7376032,-7.471880348,-6.020251906,-1.082353435,1.170516096,1.613274694,2.495104156,-2.112515371,33.45070968,120.0886989,1.680200344,23.47501425,29.55406564,-260.4764005,2.614317705
3047,23.67382433,5.643926461,4.60212065,7.020260562,1.243347388,8.841502757,11.08838744,31.51849558,53.6824184,225.1744688,1.004548066,125.2151749,21.81367116,85.50059978,0.945328184
4416,4.497787746,3.567093976,0.851259582,2.997198069,1.140455372,4.601086673,6.116381487,638.1506849,0.402116247,0.925242275,4.108581726,2.462994935,-2.43277005,-23.77485069,2.693360532
9830,8.526619848,5.127849119,4.962145712,7.129354493,1.101350177,6.609111901,8.871932834,36.92071197,25.83136638,42.9525589,2.519380932,72.69613212,8.480327024,14.20491516,0.910451122
3286,15.5794409,2.173130222,2.684386854,4.112325998,1.467094707,5.15555199,7.021170242,5.618210151,62.06086987,577.6242656,1.320544069,184.8706948,-5.889608991,-21.5629773,1.288060251
7313,1.689503531,1.196902624,1.874210122,3.451143722,1.048314325,5.567691753,6.558975406,21.74145007,1.331510803,2.12208173,2.798408954,30.61674225,4.25638367,3.470052083,0.710103633
3608,3.818930538,2.177332323,2.270102044,2.589101356,1.059636038,-1.334051531,5.811413352,16.83268482,25.72501205,45.12036729,2.264336459,7.444548484,6.691314509,164.2638974,0.814771025
6464,-72.92021061,-17.8071714,-38.67004596,-8.872087862,0.427950328,-6.155762705,-3.519624268,-3.741545894,62.61324823,256.400702,1.014055485,97.81017956,-8.013593077,-632.3024055,0.839950998
6371,8.830299065,6.175338483,7.923909267,8.186093491,0.732013823,12.06513057,13.35205396,77.47457627,7.331431186,9.680920673,3.092760579,45.30041184,4.640346011,7.487184311,0.804795578
8052,10.90152502,4.736172918,3.773235845,4.84302985,1.272315124,4.011325338,5.092380332,401.4,0.079465989,0.530443332,1.558789603,5.610810069,9.53278768,15.03630111,0.940636913
4890,-25.1232303,-15.93105892,15.16181539,17.46719002,0.565674548,24.84701205,19.3390773,218.4820276,3.610689527,4.711542823,2.888263669,2.770602644,101.494955,,4.401595207
2767,35.39045764,18.36528453,7.93777253,10.80444726,1.4247232,9.29499719,12.20648594,121.512,11.2578699,18.50438169,2.608927904,19.92210321,-0.945583168,28.68762179,1.524321548
1840,-1.572472111,-0.759800522,-0.296517415,-0.355220075,1.16119155,-0.135096227,0.777029808,-1.670368931,11.40872345,58.85994066,1.536794395,81.02403961,-5.47458453,-162.9913581,0.743145822
6217,-5.444327362,-0.527911175,-0.736310548,-0.225689057,1.189237247,1.30053319,1.70395238,-0.3125,41.30990089,414.9279944,0.887706915,252.230418,-2.738372891,-120.0501253,0.972634035
6101,23.92959919,11.82269492,10.14979844,20.53141671,0.876752918,18.41617711,22.59265811,64.67155425,9.336559157,18.73539279,2.682856174,29.4751737,27.97993518,85.39722573,1.016856839
2418,12.81307105,3.40236053,6.52301799,13.05150831,0.580466867,13.94349819,19.12169095,6.25163827,55.60019409,209.386757,1.382871027,240.3203268,15.0287198,28.7623161,0.907256417
8025,-1.570846472,-0.763977472,-3.925857301,-3.436311714,0.339249915,-1.342795223,-2.317475798,-2.895008441,27.67017616,57.8652215,0.662234572,90.53387463,-1.196312516,-49.35396689,0.680096499
8039,5.537708429,2.180460186,0.45983273,0.487070209,3.694885153,1.11673663,1.063863877,10.48275862,29.87591856,103.8549793,1.209745405,99.03625516,6.325275549,744.4444444,1.128094989
6332,19.7010563,9.536640173,4.789743958,6.578087406,0.695719304,6.636980644,9.231155959,58.33757962,11.26045525,18.45133837,2.321323193,47.84603647,12.10096212,35.34801241,0.800452819
6596,-40.38016184,-22.67696291,-29.37367826,-18.77157356,0.608563161,-21.8865751,-17.9012735,-34.77258567,30.94279098,51.70051291,6.465227536,0,-27.15749177,-585.5212652,11.62971673
2978,3.562095563,1.014507476,1.316688379,3.389467209,1.472008723,3.057797902,3.662277623,5.643443044,53.89635655,364.6417959,1.657958601,7.26118373,47.70922095,76.81263969,1.68326786
4540,9.65357983,6.247469745,17.90682136,22.15767589,0.405749725,26.31134279,28.32577736,77.46332046,15.24505793,45.0552522,4.77620209,42.67313522,20.05237164,100.4495954,0.992866095
6551,27.18993147,12.00133874,2.799351211,4.802134486,3.785074553,4.641026615,6.18650832,139.9215311,3.497699391,9.93380319,1.400974177,5.458647904,11.47372755,39.2645224,2.023880977
3391,4.872005663,2.589228881,2.941571849,4.345626075,1.300190065,5.279111531,6.461737851,25.11434263,12.65105605,23.80477724,1.240780107,35.81854719,35.35573804,31.25432687,1.178010637
6351,8.166313559,5.861956216,12.90516912,15.0636222,0.551389452,13.36066296,17.91119339,78.25954198,12.61890821,15.85381356,3.16156884,29.55614407,8.668508199,14.64996645,0.842587216
5386,1.319819305,0.9907675,1.781554972,2.724510174,0.429773959,8.603805921,4.586884847,23.97727273,8.190816796,7.553862819,1.345701675,86.19971373,7.00458232,79.63701095,0.432275474
7937,3.877581121,3.771987718,7.99677874,9.700020133,0.35777312,9.003422589,10.78719549,,0,0,32.91423571,9.235988201,24.75511127,44.07894737,0.531890498
8157,14.39441978,7.839848038,4.849231145,6.59658264,1.212083459,5.670496525,7.969428981,73.65909091,11.77580699,19.7413715,2.227498374,4.470513633,-21.29893637,0.652173913,0.955424676
9409,7.618793308,6.067824962,7.966832893,6.080739132,0.60010926,8.430950206,9.005542252,,0.532920627,4.566608624,2.135472736,33.0177629,5.247841818,59.70983952,0.660053909
9413,9.46078817,6.508255379,3.872636152,4.998812862,1.056747712,5.674518888,7.717037674,199.7435897,4.445932509,5.520923464,2.134837826,22.57629985,4.879296305,-11.84791219,0.953238333
6466,8.197876149,6.146220516,5.867860412,5.849831683,0.65656407,5.254903255,9.686710568,78.07758847,2.940906373,0.858326446,2.862529462,47.86045479,-9.240742084,-42.02708436,0.619877306
7074,-234.7241337,-19.48085717,-10.01488531,-8.491551462,1.991522148,-8.0719651,-7.754017078,-644.4601449,4.229364852,50.95946203,1.099160207,205.2364808,-17.11628511,51.06685594,2.863478891
6897,-4.713274327,-3.352012568,-1.012238784,0.047977879,0.906833766,3.441102753,3.369657974,0.353350421,18.75687499,31.86529561,2.377652212,46.13811988,-2.391329055,-95.76676405,0.707830831
7352,19.92293091,6.732506557,2.734447043,4.536053538,2.120541119,3.869894541,5.780128587,30.33325935,36.56341508,106.2699102,1.835635658,2.466431009,26.49580341,72.67717331,4.459457898
5363,8.193997176,5.601631517,9.802028783,14.10298236,0.543896792,15.17286117,17.31719706,217.5845975,5.626443801,8.230292276,4.707749873,23.95995849,6.402478775,41.49742836,0.568459366
9418,19.31209068,7.25338938,4.711737464,8.204237618,1.596679106,8.375596812,11.25924674,40.75063613,26.57920872,91.8715602,2.159739365,24.99410686,19.48071026,11.01483433,2.030604265
5741,9.613174502,2.88018837,2.801314803,5.456551536,1.060031755,7.555109679,9.272002571,5.321648277,36.03616885,135.2509445,1.247733086,138.1347592,11.87301253,75.29430685,0.893088892
4208,8.954902785,4.08712799,-0.989313931,3.706845904,0.588385952,10.26947301,9.339115287,10.43063584,38.18272342,89.86160536,1.812557215,56.36544487,3.96487249,-19.64285714,0.76801318
3937,16.60966705,11.82199495,13.5372889,20.74707904,0.859549142,17.25494241,23.85437035,76.57121239,5.177356797,5.649531436,3.727708027,2.09027754,6.703196996,22.68629045,2.25990368
3858,-5.01859729,-3.484968451,2.200740361,2.331551572,1.152395428,4.743102391,5.297829872,51.00317125,1.895796406,40.39793861,3.439570997,3.858436893,18.9649379,34.83588805,1.442267712
6662,-22.38440524,-19.50129933,-39.97580064,-13.55123546,0.607876761,-7.850465777,-7.42119022,,0,0,9.208765248,0.038592872,21.60116683,31.93477837,2.309185246
8057,16.97567614,6.846675852,2.914954533,3.604456246,2.069917401,3.550162436,4.18299684,151.8625,1.672221682,8.710381584,1.425946988,15.06350286,21.26897892,30.74687904,1.155728993
6059,15.23767075,6.986921439,7.04764777,0.716398863,0.936123873,0.838216286,2.675365673,1.830226108,40.62473479,84.91743166,1.9387663,58.5296109,0.911666239,-64.60176691,0.734323501
1867,8.467330743,4.82427539,3.815549495,5.628577472,1.002066602,5.563658973,6.931895828,77.84751773,7.578525544,15.18322589,1.914218319,49.21017807,-9.312886614,9.956620557,0.658075057
9914,3.091424151,1.901891028,1.366838859,0.701092225,1.205060783,0.916812909,0.99189652,22.82550336,0.913275228,1.25931911,1.875727102,6.996897626,-13.06934021,-52.22385511,0.82497067
9888,3.404728155,1.146106089,1.844917967,3.523832835,0.967792106,3.282300195,4.706142514,14.2965796,23.39079246,81.86736271,1.328792986,45.98810982,-3.51620114,-14.9787185,0.830435178
7621,2.419954645,1.049360725,1.017049945,5.360807834,1.237485097,7.780858434,8.4422187,18.56318321,22.59990831,45.15838176,2.255135699,48.34004506,1.026772338,-18.92630869,2.400197684
3798,18.34610096,13.73731431,12.39112323,19.874271,1.071889588,16.87495266,20.59380444,,0,0,3.914590747,1.63032803,27.17202851,49.26052332,2.276419935
4235,4.464387141,2.043256733,3.824259232,7.882061013,0.530591698,12.32910037,16.250669,3.6,41.67879796,102.3589875,1.005596173,57.80955725,1.266259361,-42.7764041,0.840556763
3979,22.53287817,10.91130416,6.83561512,11.38479285,1.088916275,6.974723391,14.96066035,620.7681041,2.531944148,20.35703895,1.398828295,9.95890786,12.85541113,-42.39026442,2.359225664
6728,5.581187211,3.325316881,6.643337155,10.55919167,0.657597078,12.64809861,14.86081916,42.4368,14.26830764,19.47105811,2.683195072,34.42149777,-3.803305057,-10.90695331,1.080535743
6615,-14.10633706,-2.929671583,-1.900134912,1.629553275,1.728736054,2.906668284,4.170140521,3.418124006,43.12742781,399.3366301,0.993483361,234.0851526,0.494329304,5.18590998,0.906567248
7604,-15.52609402,-1.238577633,-1.302794457,1.869966269,1.226999361,3.495647751,4.700560497,4.275330243,72.6171836,1579.023354,0.741640492,1268.468975,-1.261805859,-32.84376811,1.247657483
1333,7.634741625,2.572917936,2.156900738,2.8167186,1.594414536,3.534202151,4.57524399,7.242431466,40.44473739,144.7312137,1.749893422,68.9165349,4.652974655,14.50214819,0.836839707
8746,-43.10778564,-32.26513732,2.451950229,3.850703286,1.460910392,2.463063116,3.9854561,,0,4.934106187,4.247299083,2.037135204,79.36034453,,0.605320213
5034,15.15717795,11.68038917,8.906284344,8.370474162,1.577959246,6.887381637,8.38335615,,0,0,3.9902011,0,31.4375745,138.559442,3.711802457
2597,9.498509592,4.348437009,4.199847199,4.424084189,1.082064605,6.685350176,7.211538551,67.01962449,7.33512635,16.02248529,1.334730156,73.94060736,24.12054117,31.94878387,1.452663811
8113,8.205938052,5.331448622,6.89889005,11.51884968,0.767528071,12.51168981,16.57646297,44.27978853,3.571685514,5.497385822,2.431086677,34.69815844,-4.420004024,-21.36238562,1.54446307
3566,13.42425319,9.662515783,5.250829687,7.651748126,1.913318849,7.094818889,8.42122254,325.7935205,5.756100821,7.997022366,2.991028493,36.79245528,17.43050625,68.62754743,1.539462423
6278,7.642691067,6.931815605,15.22220839,21.58097846,0.480830814,24.92966513,29.83692269,456.2105263,0.511326274,0.563764094,6.836252058,38.46721168,23.18284978,26.98505713,1.777030273
5949,-15.72843954,-6.326152323,-6.378524141,3.695859656,0.953600652,9.897438228,11.00940781,5.721388368,17.7367741,42.34031374,1.415536087,81.90347519,-1.502332286,11.6317379,0.679028196
3800,7.912140856,6.164344159,6.133987751,7.194077108,0.7508682,7.576241143,10.35367286,,0,0,3.692836249,0.647662237,-2.463123419,-17.81430775,1.180246955
3547,18.19266873,7.637303744,3.530276121,5.62198377,2.458740442,5.754705338,7.837196015,54.14191133,19.29196451,45.95500339,1.419667884,73.05319565,25.06668259,39.83998906,2.525930613
7128,2.623577806,1.62963596,1.199099575,2.126562539,1.337330401,1.695842451,3.228199904,338.2,1.362160314,2.192964354,2.027563504,34.12989943,-1.657226248,-12.38341969,0.831591499
4486,18.34068191,11.81555616,11.6906244,15.94395133,1.071732114,12.89211038,17.52956343,4709.134454,0.074074756,0.114982445,2.578862799,3.128450924,18.45346243,41.74345458,1.961011562
3557,-19.24486429,-1.656412267,0.920371414,1.780561557,1.640947369,4.279016206,5.025636728,4.394745846,69.0857499,,1.609644187,,5.242959787,118.4417401,2.001577036
7606,15.63945956,8.38436242,2.837452786,5.290570539,2.304585195,6.14472202,6.978331456,570.2857143,1.457163917,21.68107665,1.614002233,21.69429682,12.39377667,18.45697329,1.290774056
3222,-1.587175028,-0.839901796,-0.330476124,0.524092591,2.530170711,1.973414571,2.589023627,10.30816327,14.24668588,26.9221761,0.982816142,91.44569968,18.79628534,-15.50685848,0.939641657
8960,6.73146421,3.304783299,31.76813517,35.35526424,0.103987568,39.94510737,45.49933653,9.686101342,45.20143015,92.07012433,0.783606229,24.89100114,-0.31521047,3.215769681,1.283135911
2497,-6.475401289,-5.519133358,12.30047022,21.88585076,0.466614122,13.17638682,23.75271639,1133.443632,1.038581097,1.003046596,7.574025323,1.786175098,-4.279658749,-45.71276593,1.287531018
3103,69.15665746,7.205380446,-19.20956246,4.763825933,0.752977547,6.624423507,8.909034815,4.295292439,62.5972027,473.8775772,0.647990015,434.0291605,6.819276498,,0.955420032
3113,-58.52715397,-20.8295064,-25.69065374,-24.68425275,0.521567145,-23.94720845,-23.8048446,-9.763439237,42.4396582,134.8130815,1.292288357,74.2471634,-42.7676789,43.12877173,1.851353158
7254,9.852720273,5.846291501,5.467981935,7.460219624,1.181652302,12.72158535,13.61860079,316.3634576,1.292745737,1.532182626,2.148485579,56.77826413,2.168064068,-7.833513744,0.583292222
6061,15.39433981,12.12169239,8.803940361,12.92953112,1.267607409,12.48500387,16.3933415,345.5112067,4.441718829,7.583253996,3.611463682,25.9862381,21.6372348,11.70978619,1.586510309
6425,-178.4488808,-61.9389563,-188.4154135,-4.136712612,0.244084779,3.529354295,11.90780529,-0.323259957,52.06699604,150.0073253,2.243449651,152.794806,-2.771357102,-270.2177554,0.817984245
6396,9.969754864,3.973164981,8.010120835,11.99519955,0.575676414,10.92250489,15.95799563,30.75322122,27.19888711,61.52552965,2.500136074,70.00849509,-10.1968714,-6.602505976,1.005912615
2683,4.536359944,1.717595219,0.314331761,0.897797383,4.459729577,1.421539366,1.714731797,24.46187603,26.50993826,100.5998995,1.379758236,36.3757764,0.796604563,23.29001935,1.755043672
7596,8.211751204,6.199707198,3.899158847,4.077730812,1.628188455,3.422185239,4.670010421,,0.149983391,0.12846902,3.110803139,6.634494217,0.783139646,-5.637126227,1.673321306
7134,17.05593569,11.85915018,5.620677021,7.470929573,2.175180841,7.664652551,9.642206119,621.7690476,4.828421458,4.541410446,2.687653587,26.73789928,11.34297819,8.28541425,1.421014992
5075,16.38080462,13.10917698,21.9450038,30.31371215,0.67220933,19.80736771,30.93547164,662.3732283,9.827857292,12.2805734,6.326339092,14.14428063,16.13124079,26.7312264,2.385005535
7065,7.730697061,3.220888311,2.189689319,1.808634791,0.707140195,24.22345681,22.28475366,4.882844232,41.85477833,91.29290051,1.450257321,151.8566448,-0.704082349,-51.97577535,0.852245898
2992,15.46325327,3.714172904,2.506503345,4.38345374,1.489470891,0.946536914,4.821956653,6.825529982,58.2150793,242.3674229,1.67309908,28.02557171,-16.28463632,14.64243386,
3242,22.8773779,6.365752622,5.453574685,10.25930383,0.62082575,5.894835065,10.85208023,7.139424763,67.13096461,266.7706393,3.663710206,44.59615021,21.33953803,27.69253397,0.982683361
9235,-20.78362502,-7.379228535,-28.33117178,-10.64764164,0.939908872,-0.347548944,-1.667826652,-16.26773879,36.17307142,98.16109407,1.54675544,20.18276805,107.1518339,45.88250934,6.257924553
3984,18.98689608,16.56461745,31.19719005,42.89754945,0.487277287,33.96687819,45.94462763,,0,0,7.257452019,2.965137358,17.25620247,14.27644523,3.173481877
6925,2.537169761,1.711043242,3.826794883,4.969709936,0.55955265,7.55337357,9.468741555,27.67084639,13.99678444,27.82806897,3.629854463,24.89588477,-1.005462044,-31.97965632,0.87711924
4732,19.81205069,15.07659972,36.18115573,52.11159285,0.384562205,42.13668394,57.1942204,6023,0.836615824,1.155217332,2.827725753,48.15429668,6.572341864,10.76668438,2.681602647
2146,17.17968504,9.06007898,4.603384887,4.146384045,2.889393332,4.334319223,5.231889416,73.40909091,11.91631749,30.19806225,2.367078118,2.329303495,16.59462372,-13.59940081,1.667678142
3681,,-34.56007375,-32.18909298,-20.77788789,1.002787819,-3.313231841,-8.060892135,-22.78792632,75.30501264,,0.706599986,,-5.7758782,-765.2268667,1.440541735
7717,6.12238806,2.788730862,1.732276645,3.945260058,0.617497226,6.519856221,6.465722576,14.01538462,28.8798847,64.68955224,2.695132506,11.51940299,23.69626356,115.1121606,0.839025133
9956,9.508095227,3.538389977,1.598132099,2.714308286,1.888514988,4.846126388,5.506094671,24.00828157,27.94565151,79.24444548,0.804564533,141.5636754,5.7737421,1.523375941,0.864868443
7995,10.83645295,6.925404119,7.778683479,9.432235956,0.781165127,11.96413421,14.09678439,26.4953271,18.36099191,36.56782934,2.500403899,44.81153564,-2.641552216,-20.17457412,1.052062127
4442,17.53004768,8.786227263,5.457063101,8.715910609,1.813859929,8.620135443,10.95182858,62.47188102,24.66785081,49.33997183,1.557679638,8.766909198,4.175231671,12.2077603,1.782596832
9238,29.96273736,4.049442182,2.516713404,3.543643662,0.86519938,2.324433504,4.091462178,11.99023957,16.02218171,166.6647187,1.177163193,15.49957375,16.40394759,-29.61083008,1.392870152
3931,-1.834450174,-0.614147176,-0.439941889,1.200256352,1.521476355,0.284002538,2.263300533,2.904657774,44.43782907,132.735257,1.403796354,4.031457406,7.247526029,-40.98346088,1.552931263
6078,9.11956506,3.452466902,6.247535587,8.773328863,0.558047097,10.38651724,13.39099008,14.71843706,27.91301449,73.73120696,1.023552098,127.3730627,20.20418777,-20.97311128,2.952023495
2491,3.998029718,3.016974353,2.014977864,8.163349746,1.348377918,8.767429352,9.781124581,,0,0,3.937450929,0,-20.52285432,-52.5949063,1.138319836
9270,34.53081768,8.508490306,0.803787173,1.713739854,2.926757174,3.212046423,3.411384916,7.711044523,59.39184473,306.4423048,1.55116211,76.29323086,4.140308441,,1.173579433
4422,15.18699563,11.81364794,-11.90765686,-10.62258814,0.720120079,-10.06024393,-9.975132372,-73387,0,0,4.201147836,5.887562865,-12.14716531,-1592.819365,1.944112923
4494,6.320866575,4.866627655,12.82954064,18.36951587,0.346701565,20.63021384,25.89671604,37.06611195,15.97902956,17.81654826,2.542331855,4.79323924,1.026956666,-5.879302297,0.563779239
2656,-333.9948479,-224.1491613,-481.0657422,-354.1229959,0.224956685,-393.3246146,-347.6770942,-5573.242718,0.982694615,1.194857979,3.277952115,5.156777678,2.091546901,24.84416834,5.232515223
6058,23.7804878,10.80286723,8.00859015,14.23174593,1.414908954,11.70799762,16.54857824,53.09356725,17.18436132,37.82815118,2.347738693,8.280580897,7.661929996,13.28924382,1.851239694
3542,12.99554511,9.559440667,3.712965278,5.826447902,2.076822904,4.769750518,7.119213641,,0,0,3.305186375,8.296930847,-0.798247399,20.29901878,1.291302719
7048,5.308838267,1.507356699,3.067403785,2.294490582,0.511681288,6.266638467,6.25934848,,0,0,1.312241083,1.249533946,6.427741481,,1.368441764
9904,10.29773897,6.091101695,7.159934567,11.02302756,1.044215229,9.387190135,12.5078646,73,19.86228814,49.25005597,2.061643836,10.52160287,4.031941354,2.336448598,1.709035507
5290,29.62664049,20.86878962,12.40088266,16.19458877,0.749202356,14.75941269,19.91664425,195.4480107,7.538529665,14.7684396,2.900453878,30.92181267,5.657963466,9.834878546,1.181349733
7918,-28.41105354,-5.16889238,-0.109365107,1.145455592,2.540283667,2.647786796,3.539975825,2.235955056,40.56559309,,0.910202163,,2.308462399,-38.76923077,1.656277284
2769,-131.8376068,-14.18472326,-17.01386107,-3.745693454,1.238440167,-13.03982053,-2.884384264,-5.194444444,54.68705098,2558.333333,1.957542329,176.0752688,0.657284568,-2.297592998,1.360459174
6193,11.03538662,5.149057267,1.710687664,4.303449377,1.771831211,6.540111276,6.023599337,25.54166286,27.29618183,53.08810252,1.67432002,4.677931539,-3.038106293,-24.74140951,1.114560588
5071,17.01508098,10.89990972,8.353039199,11.78780939,1.570309427,8.714285029,12.55324644,,0,0.094224605,2.037299283,31.97720157,12.87288729,25.71817783,1.317333031
4490,90.61520793,10.44216335,4.900297286,12.17243518,1.315696291,10.87086768,12.71938494,27.14770541,39.70750476,,1.721038781,,8.602113007,,2.268684907
9416,21.24577921,14.98727209,11.59135297,16.58427098,1.407519666,13.80458504,19.01645932,829.1573754,6.4061817,9.081327219,3.44125657,20.82019741,9.804285756,20.68309769,2.403195423
4194,26.3865621,18.65520675,19.89870386,26.74367835,0.933629942,21.19484537,28.9317748,21438,0.124731408,0.47886614,3.218524831,3.165260708,21.18797811,20.20859033,5.280608531
3151,6.363713614,2.250973529,1.217415927,0.950580475,1.947091217,1.259390043,1.581191599,70.45679012,2.571252997,6.679066781,1.074428179,46.42300756,2.193943293,4.638797213,0.844438759
2467,-77.5315612,-31.86132273,37.28993285,-16.85315766,1.317089242,-15.06851363,-15.30850137,-48.00479148,11.32315453,22.72629811,2.119731286,0.170601056,-27.43886754,-4.933085069,2.164334845
3639,-0.610531405,-0.479874333,0.472211578,0.517449369,1.000353512,2.426767999,2.287577525,11.30542636,3.638507312,4.538218192,4.318387224,0.698576125,-18.46443139,,0.821168364
7593,8.027342653,2.057934509,1.50783494,3.152745784,1.276836794,6.08594261,7.409208543,6.38962536,40.02231018,121.2354725,0.94382317,137.1497951,12.84514961,-8.395306561,0.927973418
9159,9.387573012,5.704126635,4.408671942,8.956657612,1.381265054,10.04449684,13.65885892,53.50106512,22.62679306,34.17638142,3.81485829,1.803067735,-0.811062386,-30.79162435,2.096770223
6619,-30.45220238,-23.96931005,-343.3884298,-135.5371901,0.064718572,-100.8815427,-93.30578512,-20.67226891,15.66225675,19.89837051,0.450968947,28.8984438,-88.30804909,-388.5799404,0.400460327
7683,6.219041408,5.113027913,2.949639646,4.571520701,1.753161346,4.671107633,7.173062633,74.41316028,2.670032683,3.247594987,5.435791115,13.41879752,2.308778127,-36.18015089,2.067773061
3591,6.096372101,4.296374131,4.015618531,-1.95346644,0.614243428,2.688388462,4.844849795,-5.587171053,9.859543028,12.49459126,1.997582321,28.82404767,-7.11080723,-196.7806268,1.250595171
6727,23.61092339,10.29543731,4.516517905,8.825690251,1.528539393,7.602571106,10.6531491,82.09340977,18.00327206,29.16446245,1.820872801,14.15752212,-2.621276059,44.65302062,1.651073643
8931,7.555825297,2.320096943,6.224940674,11.83611316,0.376639091,7.679347593,13.83737837,4.775946108,57.92927754,188.6574188,2.495413005,89.2555262,5.01908359,-5.628377443,0.864749328
9271,55.76651803,37.88350907,25.39132996,20.39316196,1.772397461,20.34369791,21.32374705,69.33475818,19.67573165,28.96371193,2.452266645,26.89022062,32.88361609,36.2771762,3.325504439
6158,1.145192258,0.932954739,5.759456162,9.390325281,0.610425916,10.68631444,14.82673394,121.8227718,5.905296104,5.301488824,5.948033828,26.12190184,0.203197034,-26.81796048,0.65627379
6527,,,,,,,,,,,,,,,
1888,8.596320593,4.495427737,4.267770813,6.03733432,0.942385665,3.727649141,7.013485693,26.36363636,13.74276284,43.3292635,1.857071108,23.36568508,-8.907782589,-24.85965165,0.982268271
4512,2.571877457,1.990333879,0.827271511,-5.877119626,0.512064336,0.034495322,-1.21405047,-519.0430839,0.666546288,0.861300403,4.378008074,28.53805195,0.659513963,-134.153577,0.959443027
8125,3.400080767,2.350425896,3.702988565,5.666044496,0.636575323,12.13340199,14.62852116,23.79279279,1.027460219,1.486304136,1.962624083,75.02930255,0.975942635,-18.3868974,0.990914011
2813,13.09688548,7.691982878,7.436724256,9.795800484,1.155263242,9.852474193,12.64968392,107.2742283,23.63762735,39.69527582,1.964124635,60.64709173,5.401828833,6.888039641,1.181886812
3991,20.63646348,14.15653688,22.0700452,33.50794385,0.790060632,38.79044497,33.7272018,,0,0,2.970023401,1.642914701,3.953834344,3.16595071,2.115172793
4937,2.885425382,1.886475161,2.248455048,8.238096549,0.619276733,9.468091725,15.16985551,18.78383721,22.84997063,32.40188368,2.575995189,17.97351373,0.900378923,161.8465628,1.893230571
2918,8.985795072,4.05283334,2.283253433,3.182185577,1.850977009,6.183045165,6.311341855,18.01694915,27.68816184,61.3891881,1.155407538,141.224586,5.109072357,64.76970771,0.980495951
4718,16.18111613,10.03490087,6.669271743,10.12074682,1.463135302,11.16332479,13.94618835,402.9683243,1.971328236,3.752148217,1.9473764,38.87832269,6.700095315,22.84977545,1.931625153
5869,14.37103928,10.77942092,14.86857269,21.34552969,0.760887211,19.58991658,23.66467259,,0,0,3.134914836,57.98880555,8.101974272,2.735964542,1.341239223
6537,0.572737686,0.227790433,0.395413207,0.790826414,0.596955034,8.14551206,7.077896402,1.333333333,23.46241458,58.99198167,1.768442623,71.82130584,21.41142583,-13.04347826,1.142905699
4691,36.13333625,10.1140354,9.441593725,10.4956589,0.637272735,13.23301961,15.91227135,4.909107043,61.31232735,199.2915759,1.662990878,208.3601226,16.68917512,50.34149994,1.147680276
3199,8.567125645,2.50648337,1.554710541,2.541281794,1.683561851,3.595221342,4.146892825,32.96116505,33.59015031,100.7616179,1.264731647,121.3855422,4.311637204,21.16345468,1.097797986
7522,13.80429915,5.174077856,3.971233077,5.151443419,1.307304062,7.650513453,7.919921545,9.785867238,40.67085367,160.7258719,2.974477958,41.63963233,7.789604141,21.73681406,1.206082006
1807,5.198871499,3.080961722,2.205785563,2.911904615,1.128618516,3.247514824,4.511089253,71.38534781,8.251450784,7.090609316,1.960051943,45.97248018,5.266986406,-28.91826591,0.689422858
9927,13.65675131,9.172991088,4.116922488,6.963723739,1.671263057,4.980223207,8.000708095,93.50840942,8.493151385,10.43406174,2.730571414,18.8656327,6.765998391,-10.09139129,1.69028054
2735,6.364357779,3.014355111,1.413925565,2.305086565,2.131087657,3.09750412,3.844248469,60.48423385,12.13082445,16.52679137,1.922259879,17.98297613,0.524817596,13.84998159,0.845276341
7940,3.350971663,1.907942911,2.037014185,1.586216594,0.887007359,5.591933409,4.745351226,8.186338037,18.62437614,33.11272935,2.651667703,54.35230665,8.51883568,4.62682755,0.597523027
7079,16.57891496,12.72917953,17.13781794,24.52075445,1.038160634,17.22484939,25.56592032,9008.096552,0.532805651,0.498391186,4.533071444,3.114136028,15.90806228,2.619513023,1.742951974
2475,9.576420968,7.315116202,5.966644714,9.911364377,1.253644144,8.81774589,10.47043684,,0.210374164,0.816468839,3.951134624,37.83940706,3.729791858,-7.340639548,1.073560738
3068,-7.7570108,-2.210809553,2.910559246,2.344862236,1.401479118,2.05206468,4.773488666,10.93554696,41.58343531,153.9023817,1.627252127,179.0938357,3.240041899,-46.61510454,1.487725115
3772,4.362025165,1.359302703,6.022908759,13.7643704,0.311712391,3.937103341,15.1461345,2.32368013,48.8125649,294.7105917,7.419748595,10.41561227,-36.03477851,-16.78412375,1.002311871
4825,17.33274504,14.49018414,13.25369197,19.21795397,0.963026756,17.66906933,21.79812372,,0.625978322,0.50285829,6.266344991,8.454983309,5.676904309,38.12020399,3.591740147
2388,-16.43483398,-13.24884205,-27.76871797,-9.193794024,0.218358777,1.465973846,-9.04125433,-4.480683107,11.70556718,14.60170571,11.4754788,0.163670363,-5.200504091,-142.0893018,1.011859989
7551,7.394005595,4.849331643,4.0720799,6.394555295,1.370818667,5.632363834,7.543993896,506.4090602,5.937877324,7.139494537,3.552039401,39.72578169,1.024854334,13.32621515,0.655541398
2901,3.506881741,2.782543908,3.662639377,2.483644006,,4.476908276,11.49972533,6.34736636,1.117581019,0.263972251,2.221434938,1.607522537,,,3.95789043
4438,-198.1760898,-51.19354891,-84.89328702,-71.23028232,0.572349977,-61.91869428,-66.62812793,-160.0664546,57.4558745,222.4182692,2.441609604,0,20.39246804,30.80743102,2.899583487
7136,24.1236557,6.261395866,3.161458446,4.79654727,2.049630163,4.654107823,6.169912326,15.77459182,54.7599919,210.9771078,0.934566161,132.3878142,18.67935154,31.92971097,
7831,-86.52081863,-15.47198385,-11.18188252,-7.360226469,0.984840565,-6.121726822,-3.491389479,-20.8,31.95355881,168.7367678,0.742895805,245.5187015,-1.418604651,-192.9577465,0.981426615
2117,8.399983538,5.54860809,5.733035264,8.852465772,0.941183885,8.164295501,11.18688768,102.297619,16.09032913,19.02514645,1.469930332,29.33752212,5.290046859,50.43767507,1.012549419
2428,11.51853431,3.48164134,9.872030824,13.75893254,0.386708449,14.43358585,17.65863805,242.6569213,5.45806448,17.77511534,1.24445297,42.56593891,7.761147187,22.89989594,1.156632989
6091,5.493095751,4.203620831,4.804065627,6.128654705,0.767334842,5.983434244,7.813018448,,0.283434388,2.693292998,3.092787591,18.63457496,2.476827181,4.8150652,0.672570128
1407,14.26678445,3.469760447,11.33756614,18.48042328,0.343513948,13.72063492,24.24338624,8.011009174,63.31977119,258.8698101,2.248020975,123.5810512,-6.231395118,-17.68476621,1.186029766
9021,10.40155483,3.206249722,6.672291363,10.54847232,0.453490719,18.73831929,20.4640199,9.233868074,41.85441745,137.2899761,0.883697992,234.5751625,4.459937261,0.229764839,1.024514481
3823,-11.89653769,-7.447630531,-3.941847712,-44.386451,0.874200529,-46.04784706,-41.81402755,-123.9155244,13.56222371,77.83189539,3.975877414,4.859604954,134.2769744,-156.6726313,3.799889614
3241,12.27583657,4.025706317,4.462365591,8.918010753,0.934996387,6.142473118,9.791666667,15.61176471,53.9044501,164.3741912,1.564383172,86.83675356,12.61636267,19.54954955,1.05981141
6089,11.59153634,4.038218857,0.82602627,1.513188504,2.753730314,2.065065674,3.004903189,13.90789474,22.29233019,28.19687213,1.053276738,31.62373505,1.069255645,-0.844277674,1.087681313
5617,,,,,,,,,,,,,,,
3538,13.75205743,3.98433145,1.628983298,2.087254752,2.541231674,3.559123438,4.329782428,16.56432806,53.17776066,142.5646316,1.477769562,81.78543089,85.59873607,23.50739566,0.913121257
4482,32.3263338,16.46061489,13.86519484,21.51987483,1.259263968,18.01714894,23.79483397,495.3746672,0.441385393,0.866818867,1.648795245,1.748855221,19.30881022,25.75619902,3.624744559
7087,7.144626053,3.183799592,1.592713895,2.512450087,2.43549048,3.012696846,3.082237875,124.4444444,6.102742372,22.27587915,2.173975557,19.70034671,24.88233976,241.4634146,0.872422864
9610,-23.10512781,-10.63075519,-22.85764868,-23.04351018,1.021892528,-22.59836627,-23.01437866,-27.24968492,8.440068088,16.06608804,1.999937014,0.441572382,-3.537526245,30.06233973,0.962631571
3183,8.878003821,4.58071359,2.480094042,3.449692484,1.724724662,3.168140886,3.73424493,,0,0,1.857491513,18.58757448,5.639591845,6.906870441,1.296090328
4432,13.83008067,8.844856808,21.00512661,28.81571691,0.43298325,26.19231106,34.66097931,62.57281295,9.68435496,15.1427449,1.177288815,3.956347958,7.793985879,-17.0151068,1.654892815
6721,-361.6966521,-135.1400916,-289.5744815,-284.0350726,0.405788343,-282.4401647,-282.0190046,-289.8123662,23.07347587,61.75516739,1.852348157,0,2.868205903,-12.44033884,6.986065352
9419,17.59968891,6.325276056,3.3665113,2.081567321,2.245387987,2.754385669,2.202557479,76.5222369,23.69832077,65.93910991,1.503279875,27.94194909,-1.346868507,-43.83457602,1.230741209
5955,2.999052416,1.960723736,2.210766226,3.782176037,0.655175362,6.693437491,7.69661898,33.98789402,11.11200028,13.9675829,2.879736913,67.53479741,-2.882843268,42.90374421,0.881923803
5251,19.66027361,7.689298315,4.731622422,6.006106094,1.688885398,5.979807437,6.174132712,19.91045877,33.28218319,85.09707921,1.289594005,8.736851642,4.190885779,-36.15399898,
4440,15.88690476,10.99868417,8.734858265,11.65551691,1.270574588,9.991104907,13.62689201,,0,0,3.092279129,3.158417072,39.65567812,100.8205765,1.681531213
5866,26.04924078,10.85937646,7.22155996,7.808904121,1.595804339,8.296494975,8.948823656,14.59087394,41.50800122,99.56850859,3.621127184,2.647177389,2.61293556,,1.684986587
3664,-39.58882228,-16.26333598,-18.76237308,-11.71898407,1.023413445,-11.16330204,-9.953826165,-12.70575512,38.45334335,93.60457031,1.767617319,65.69537519,-8.600742004,-105.3396089,1.45247575
4199,-50.64456041,-15.19254645,-5.679938909,-5.596668133,1.121504616,-3.044196536,-2.183645516,-4.826842889,58.82627991,219.3955997,2.3866427,3.935555716,-5.44414584,-207.1452774,2.325071317
7898,5.283170797,2.313282275,2.728793529,2.01206317,0.639232807,6.201942999,7.515692865,2.26816609,42.36381799,94.24711461,0.946706953,131.1554979,0.583522438,,0.638482191
7564,14.71596872,12.23147096,12.33595992,17.81455164,0.877471901,14.75393075,20.04483945,739.2121212,1.110053138,1.19658246,5.466967713,24.25241312,3.228797588,5.405522188,2.271926776
3612,12.69081651,4.289453294,4.22972107,5.776827903,0.993888239,11.40014225,12.44692163,8.567624021,46.40129401,137.2833011,0.917512583,84.22865232,25.86037278,-3.561982014,1.08531606
2429,13.30466065,3.56504319,2.328116758,3.805521365,1.579450206,3.001582557,4.606646738,13.96258065,47.9600629,178.9858713,1.738039871,48.64441184,17.39037098,25.91342797,0.96275719
4839,4.634447482,3.13734465,0.829891736,2.653829618,0.809480872,7.504201571,7.19804057,,0.252738833,0.465943499,2.288621098,12.9699856,2.521737969,40.38594073,0.604246649
6580,25.74073124,19.18696584,12.11458201,18.00103403,1.053471485,16.20937267,19.28602292,,0.138201234,0.088072407,3.52295816,0.298446234,44.22449306,125.3996848,1.796628879
8281,-1.71623398,-1.016179089,0.387465433,2.796055913,1.204906111,5.272881809,5.162348416,66.73333333,4.084174069,5.260433782,1.963811441,32.29543214,3.370003259,66.63495838,0.667724134
4762,17.42528578,7.616616975,10.96748986,16.23708894,0.638665983,16.43670812,33.15149833,39.94161871,37.40001107,51.33821617,0.710405112,3.158703539,-4.451279119,-19.31863562,1.417716194
2798,45.08098226,6.28806324,2.150430292,0.981549943,2.525134514,2.922621636,2.48785768,6.355681393,35.0670966,235.4492175,1.506782435,143.6541907,7.411135557,-33.85226123,2.792937861
6298,6.130290849,2.523974103,2.426109978,5.707217569,0.542696642,3.927780912,8.845102209,8.429487179,40.00389427,101.4010404,1.982546133,42.95341688,-14.05498154,-34.47932237,0.97253697
6630,-7.362831133,-6.438022159,-6.940739882,-4.157485794,,0.146893966,-2.19761104,-179.25,0.423105884,0.483884196,7.630098888,2.927909456,,,1.810358544
7488,11.74470164,8.582328478,12.03509569,17.99466355,0.584141388,13.57630378,18.74320728,3332.648973,1.569212358,1.840182306,3.808625458,14.7755424,2.967275206,4.531343822,1.11400266
7460,9.845747638,5.367695338,3.148388025,4.285405872,1.088006977,4.642822875,5.126175398,71.46,16.84428506,40.50398369,2.270639783,11.65462294,0.639014773,15.70569626,0.673928833
1870,15.46340826,7.379697684,4.011400223,6.151429648,1.041366294,2.772585448,6.955273314,43.05970149,26.7785328,42.1346274,1.950354226,36.52345736,17.4213847,-9.038360483,0.904886523
2694,-12.79846352,-5.201202161,-2.608324186,1.998029069,1.440314733,2.962456063,3.877157228,7.543912848,36.78777173,112.5717985,1.460083593,92.64918547,3.138028094,-10.54533071,1.599971176
2267,7.57822243,5.033916954,9.112377247,11.02679099,0.588692409,16.90511784,17.02619461,63.0423341,12.09683484,17.09380421,2.394540408,50.44554214,-0.675043085,-13.09305994,1.256102402
7679,10.01317523,3.904122203,2.458976363,3.226948623,1.786035152,4.464372924,5.343450869,21.48780488,33.54075194,86.02431203,1.516288735,113.2870957,7.798916799,-3.592923582,1.003143401
6250,12.04017839,8.522790972,8.30019538,11.33375474,1.070056018,10.10573497,13.78921963,35.79491833,9.69405517,13.69482766,3.619061644,22.83332639,5.570317524,0.432834301,1.009506158
4792,12.74202347,9.793895561,12.66327544,18.15677184,1.029247141,11.59492094,19.5037511,377.206736,6.817060102,19.93332535,4.220156809,2.924228807,2.631290248,12.82964913,1.625908019
6392,9.227562818,7.844428344,10.98809679,13.39377235,0.763073799,13.6352149,17.80033809,895.4936015,4.886574422,4.456853302,7.518717285,42.01997328,-0.842659254,-20.41970812,0.826640557
9831,3.709705423,1.789989283,1.652047887,2.628556556,1.246430913,4.031505111,4.286804304,18.70729576,24.57395583,53.40884029,1.395925028,71.12414226,2.327876287,3.205514449,0.738115193
4351,2.114987418,1.229356064,3.125117844,3.248201972,0.365425055,-25.31897951,4.762307755,2.215420044,22.05925679,37.95080362,3.761203727,2.997216419,-0.421446804,18.279072,1.041068704
7426,-63.70723719,-26.34395109,-34.72124395,-9.074126741,0.734117625,-5.21359308,-6.078461837,-42.76212708,30.04388971,64.46945874,1.692938014,107.3244025,-7.629058941,-154.309977,0.817785343
7130,10.49674185,2.343499599,0.848135988,1.554055262,2.495446722,2.104251207,2.809276661,15.50842418,31.7978766,118.0000224,0.988911421,130.6916701,41.27823526,13.0962706,0.936288786
7951,4.28911357,3.255828899,2.889326524,7.947108726,0.734559241,9.323926593,12.59890062,63.20481928,3.375231279,7.424794022,3.299639971,31.42208478,-0.169811565,9.116301183,1.124946167
7272,1.422757406,0.554988245,0.635663362,4.080415026,0.891370073,6.317094566,7.583133632,8.446132484,35.97907933,92.23528975,1.499898837,44.58426585,-1.629389883,-42.37293803,0.974699705
6941,19.56126435,14.48456308,11.56977336,18.0004518,0.867362446,21.62181159,25.14482002,39.44518835,11.80419777,15.05884127,3.074933572,46.88090241,24.36582201,177.962973,1.008726613
2984,0.328521919,0.087997676,3.264224054,8.387380853,0.418993742,5.333265167,12.45102868,4.206341021,62.534913,296.4927518,3.051098329,155.4496927,4.113127807,-25.16323038,0.856456481
3598,0.315655691,0.118863828,0.835724401,0.450709413,0.956513629,-0.3253721,1.465557392,0.62837252,40.50213975,97.2605436,1.350344072,55.33090295,-5.886530392,-78.02814352,0.825316427
2820,17.56182091,11.44983797,7.133241153,8.202284988,1.335378224,12.53469206,16.39327616,100.9925181,14.13297718,19.55312837,0.932166758,116.7263653,10.86050575,-16.90349141,2.477187207
8190,0.27009942,0.112367609,0.350275132,0.768001893,2.046472768,1.867345128,2.339506538,8.428571429,26.55700863,62.47916786,0.748947122,127.3490029,-1.83767584,-25.23041475,0.843834739
7571,25.08978422,4.172849694,0.299500079,1.792847115,1.677376818,2.52587184,2.594982285,7.461302339,35.58650936,234.2371147,1.261455864,26.660057,0.920049831,148.2489192,1.113356767
6240,8.021825732,6.764460371,8.5714614,13.08353832,0.75945079,12.92529418,16.81757078,124.5378533,1.960250771,5.111890211,4.258842874,49.27629604,11.53773604,86.3678392,1.678763042
9265,6.650328618,2.167047806,0.9552461,1.301057594,2.383691273,1.065347517,1.649970536,139.8333333,0,0,1.203405761,37.6294976,4.761595321,-13.32644628,0.906321215
9305,7.594546451,2.65439046,3.820963397,4.671164825,0.501142592,7.033933912,9.112478683,4.947643979,46.19321855,137.4263497,0.667059928,171.9803371,25.43712798,8.49598163,0.910835826
1967,11.62499683,8.129332003,7.397142566,9.013350074,0.951678707,9.352104884,10.43827531,156.3341489,2.075745216,7.269176924,2.323514597,19.58590596,10.08843737,165.088926,0.940798244
9064,5.812724116,2.70248093,2.152271294,0.805981292,1.439399643,3.635453873,3.588480373,8.85723192,13.71233711,32.26866285,1.469550726,80.5000857,0.231430674,-64.53569646,1.031132216
8127,0.843249863,0.62659614,0.736341063,-1.036322724,0.822035211,0.15907308,-0.137828022,-23.61790905,3.571165402,4.193210742,2.259130068,38.69240133,-8.019871034,-176.6741118,0.615389077
5444,8.30743239,7.045070504,18.9186298,7.533220814,0.265770803,41.45767466,13.62053391,50.1027668,0.688232816,0.175941088,12.2744904,20.6464445,2.929428245,-26.66049526,0.832592575
7886,-58.56500264,-10.94611447,-2.112052067,1.261614084,1.991725242,1.69436783,2.911868446,2.660312254,42.35772398,190.2624419,1.61120939,101.3605104,4.607110609,329.0771738,0.976133087
5284,18.70567923,9.689567165,10.5458535,15.62305707,0.958527352,15.96426614,19.43483493,93.85592529,15.10405876,27.57943896,1.606236965,40.68655034,15.66138441,38.16179406,0.921249286
1780,15.26911923,11.52227729,8.430325774,10.92709584,1.13388597,7.658658005,11.86151807,,0,0.859516129,3.279210684,15.48851931,-5.147798356,-10.0837713,0.984416501
5285,23.58234421,11.34256631,8.391958407,11.67236769,1.283891669,10.38556457,13.30807926,148.2383117,10.87069448,22.01613092,1.385556948,66.22202371,12.7958343,50.16996221,1.275866676
9994,7.800090765,4.10803382,2.275167953,3.388401888,2.476252319,3.362803127,4.169476287,69.57692308,10.16701025,17.59416837,1.942989077,31.39323803,-0.106651698,-14.12974684,0.904035685
2212,8.892082952,4.38823537,3.118199218,4.66223893,1.459590881,6.956909633,8.11610227,41.59319728,11.12377371,22.54061377,1.333073141,80.7956841,5.379079589,17.86636851,1.149928059
6147,-16.47464435,-5.903965648,1.852210985,2.514359039,0.806004596,6.850481759,6.935617851,3.603270184,49.73701656,130.4586952,1.169046997,107.5283221,23.95039372,,0.99272218
9993,-1.563402518,-0.73051802,-2.551726828,-0.800522631,1.803011524,3.093859085,2.692135182,-14.15517241,27.54736672,43.81762871,0.678212184,134.6374523,0.654621115,-231.1501597,0.750168388
8051,6.944356673,3.007886678,1.51997768,1.847804606,1.757808589,2.144825101,2.779360079,45.85096154,4.4829179,25.95819641,1.600681597,11.82381193,1.826912833,-3.549757282,0.947438479
4168,31.25736357,19.4359345,15.20121939,14.57639752,1.374478312,15.66113387,14.84042769,67.98867837,24.5494196,39.4810002,3.901050873,3.507861154,9.887750257,60.23935205,2.637774434
7677,0.668299505,0.246432605,-1.754538653,-2.255303264,1.151271027,-3.110995329,-2.100043375,-36394.05556,0.067129061,0.185880811,1.509572082,0.355080833,4.749108001,-279.5464014,0.894981471
3153,16.98569282,8.107138959,6.070374574,7.945516459,1.060840806,6.262580401,8.674990541,1312.5,1.153708237,2.319200366,1.565681195,22.28065591,1.870124264,34.75359343,1.064052728
6506,7.288094933,4.338074634,6.500566293,8.361955427,0.696752668,10.30321588,12.25296151,14.78056733,15.36883051,25.82009422,2.466622027,37.39220171,0.825766903,-8.026294433,2.153169196
9324,4.051070366,1.805819703,3.731611529,4.680822738,0.355799655,11.36657126,11.80856021,3.732484076,36.28898821,81.27099933,1.686380715,104.8478449,11.47304998,32.93005671,0.783664923
7271,10.33544081,3.168919283,2.35780108,2.408643152,0.871105698,8.128376231,8.512869399,4.708074534,50.1426956,176.6684229,1.296483667,129.8296452,-1.490014399,19.93670886,0.825579894
9257,4.141181583,2.352072375,3.78402406,5.983884086,0.673116007,10.68814194,11.53271422,14.21797758,15.83265021,27.87579165,1.399244787,18.53216148,21.00020283,22.62684402,1.161091754
2354,15.80213252,8.967224715,6.327142147,8.036495392,1.461404177,8.361316381,9.435512061,,,,2.290326178,11.72777537,1.596760682,15.88966752,1.466012819
9882,9.628253713,6.258118414,7.309205146,10.02167902,0.934965788,9.619254086,12.03055833,671.3043478,18.89778209,35.68449247,1.305335985,67.62001111,5.063386093,6.659298149,0.959062817
2693,0.701753768,0.326199969,0.416526786,-1.490302033,0.929149864,-1.24504591,-1.105464092,-7.821303956,22.64598148,48.71828434,1.865141719,25.2814856,12.1992878,-1832.558365,0.688456597
4372,12.08627166,10.14084885,11.87204746,21.97412402,0.871333431,21.13403851,26.51476313,4899.379562,0,0,5.371822246,7.824447771,14.42608458,5.273269939,1.680048874
5451,5.971696806,4.402549043,6.475582846,6.662669097,0.786464926,7.997217692,8.893792574,161.5,0.382583555,5.027230404,5.37171948,29.67267053,2.207818315,15.5683142,0.795488243
5911,9.332176527,5.562661323,8.068746549,10.46445962,0.74511069,9.921690678,13.16700969,62.22761194,15.93025779,22.07744924,2.783826153,30.37004904,-2.869401984,4.57766351,0.867260915
6841,12.45297698,8.111265027,9.26807064,14.85124572,0.808544867,15.77549235,18.91665066,68.80065898,4.740597395,5.181295099,2.509368806,18.75192367,4.119581155,6.066262842,1.380290817
7186,8.158461636,0.42373418,20.91625768,31.26551871,0.016101442,34.60505743,,,9.764250092,198.6388974,0.272561585,13.0235473,11.61316151,51.07221754,0.993039733
7443,7.551921222,3.456885777,0.896408472,0.804817113,3.633446362,1.468258071,1.531579147,45.58816933,9.116269557,19.39865752,1.483688931,55.21295194,0.501388692,-0.327312179,1.20605219
8045,3.385363955,2.326856523,1.275599434,0.890336645,1.651178186,1.795963726,1.341838752,46.23657456,3.154215109,5.427190385,2.012118965,23.48324561,3.179475471,33.08434286,0.557359551
5101,10.22445511,5.274274905,8.534615319,13.48846399,0.661484066,14.36242013,19.44995745,16.96994703,29.46341,57.11634648,1.848081048,61.52832802,12.80781113,23.95966662,0.954296384
1452,13.41134271,7.714631999,3.094955066,9.50843986,1.750758642,9.551015961,14.5841528,412.946299,4.241382549,66.7476099,1.945644207,55.59316025,60.84799344,1228.105307,
2874,3.782303823,1.438066124,1.57610124,3.37838376,0.599749712,6.125212045,9.959144015,4.853546911,51.08361321,130.9014098,0.860325514,153.0749027,2.683142245,-13.88550548,0.94939231
6248,11.96879478,9.635051755,14.03158939,20.02541312,0.659578234,17.13501147,22.27086799,,0.125040644,0.087392973,4.750528712,20.43272368,11.06966121,24.91890055,0.96240452
6800,3.912281715,2.663939799,2.688094204,5.101105159,1.085679106,8.765262294,9.922301047,22.25263158,13.7772359,19.80977685,2.489842932,36.40424344,7.788542818,161.3102596,0.736248735
2540,1.613553609,1.384037593,6.784121285,1.280809451,0.184993298,9.668433251,8.435581031,4.822295723,0,0,8.1047004,26.44824989,-2.196695062,-72.92298471,0.900849211
1939,8.158857019,5.307638262,4.885858118,7.62488548,1.043971701,7.157361844,9.766993776,288.3214286,8.493425675,8.165028621,2.110266886,37.53105087,14.94376411,25.25989139,0.958435463
8008,4.363600945,2.603288977,2.561390469,4.00646065,1.033946649,5.351476516,6.783682571,18.32026144,18.77941775,31.47782891,1.691244578,23.50305598,52.41601673,43.01020408,0.977077698
7906,15.82757724,9.875307674,7.660042234,10.25340623,1.358377131,9.280713934,12.62185773,95.7972973,10.10341439,24.18716222,2.936745417,44.22849051,18.75096615,22.09782983,2.2144068
9955,9.360555977,6.948585255,3.153098894,3.444795228,0.865554022,4.589244863,4.911965233,106.6408276,13.91196604,18.00046534,4.418010982,19.55697616,-0.538849546,-20.48923311,0.758156286
7294,-14.46085897,-5.560720639,-7.538085576,0.167587745,1.279604673,2.090643111,4.457049335,0.322545847,31.30357757,67.97707889,1.582293535,86.88318611,-1.682941345,-93.29596413,0.731596143
5280,9.121896451,5.64857214,10.98347959,17.05310809,0.666752073,11.39215766,17.3578696,55.87950672,17.79482735,57.3881707,2.551365027,6.671411871,14.89239374,54.09904271,0.63324271
2884,14.79037188,2.912921526,3.203134697,7.252524935,1.060652879,11.66141029,11.47437915,14.23978673,52.35698434,315.2631207,1.58449394,101.5856701,16.72953766,78.05095161,1.12555371
9861,6.861101306,3.737262065,2.067205218,3.584928235,1.846989303,6.40722835,7.047995498,21.74731183,23.08690636,42.38439816,1.163762195,86.55282974,10.09059288,10.71575202,2.053351718
6488,6.120787489,5.081997316,9.478343848,10.85888373,0.497145447,15.41446928,18.18291445,61.78468208,5.66298543,2.944852504,5.120411118,27.06779107,9.947037715,22.18590891,0.589479611
3221,17.57493991,13.49298473,7.676979213,10.16725681,1.553006026,8.443280937,11.9799248,,0,0,3.991052608,26.98201372,8.465889285,0.276740652,2.102749028
5357,7.169055429,5.613164866,8.951308093,11.8901176,0.686521615,11.66923002,16.61439986,12533.98201,0.848265359,0.302075468,4.410485753,25.04971969,0.607125852,-3.265427934,0.957311311
5598,7.508203161,2.834257951,1.488424826,0.785039023,1.951590463,3.983944206,2.418905068,3.290926548,28.37529003,75.16868472,1.685270367,20.03188834,15.63438978,-74.79223358,3.31262321
2152,11.57433721,8.685530038,12.33200602,16.46139194,0.531367448,12.99731639,17.18111521,,0,0,9.766109911,3.256406659,1.757135071,-12.85610902,1.314300692
6576,6.031377399,2.1331378,2.722264642,4.01678012,1.576680171,7.003016636,6.628756697,6.118680885,36.06985489,138.3033247,2.307210847,98.43201984,8.461113943,23.24734989,
3690,-1.707905588,-0.882122374,-2.881594607,5.910471752,1.464199281,10.58908354,12.08778672,39.09207881,21.15216377,39.82987249,2.175563917,4.196647239,35.71376515,81.97960992,1.689513043
8074,10.54408971,3.994645992,1.938352003,2.982851584,1.826357012,2.638407077,3.449176456,71.31674208,2.436073496,5.768507218,1.236351132,41.73679236,0.345253898,7.042923119,0.950822953
8006,6.413619297,3.877849302,1.666233386,2.225977318,1.912539523,1.65485978,2.612679947,152.2222222,3.434710949,5.135524353,1.472246774,42.60659363,2.936945978,47.54981152,0.668339989
4334,6.725562198,4.368693449,4.120041605,4.224123921,1.191894287,4.442314405,5.137525522,56.56228536,13.58064004,20.90726675,2.386302146,1.830275516,31.73397245,106.2042591,1.180880419
6393,4.730827772,2.394919612,3.729124609,5.578626996,0.736542803,8.235797142,9.619461599,7.707208025,15.37044596,47.22225724,2.319571953,47.03613448,13.50212529,35.51948236,0.611337347
4531,5.058751717,2.429817489,5.922792173,8.044685352,0.58147714,13.73611846,14.55579059,16.22666667,30.85098585,65.71799176,1.577447023,91.42377537,16.98113208,8.081705151,0.728757135
1375,11.58822578,3.78419774,4.048299283,10.86464342,0.974726776,14.23373403,17.19044795,17.08050847,45.31266505,132.3386705,1.210376763,145.5118874,10.9410041,75.26086957,1.855707782
2673,5.765961176,4.238520686,36.0196969,-4.570732503,0.075641896,-3.974809619,-4.570732503,-0.925743772,21.53662365,27.34887269,1.520387739,0,-53.57895884,-117.4170257,0.574545202
1934,8.896715205,5.624395215,4.658947761,6.293059206,1.106175261,6.728900017,8.16977963,1079.066667,3.561060825,5.91059939,2.376066139,33.23196749,5.770836161,53.80083618,0.865830339
6482,2.756140905,2.35764085,6.479678481,9.900426433,0.623048976,9.305403248,12.77886353,,0.014525201,0.63315923,5.412805158,30.72345427,10.63354758,6.118959297,0.665816724
5013,11.58769627,7.937984985,7.774895518,9.131358985,0.884139106,9.866335207,11.66054186,81.75806452,9.390574727,14.3389971,2.351535836,24.83077773,4.769274323,40.02762431,0.701217045
2806,2.172947032,1.870696251,3.82566586,4.683500519,0.562988063,8.460740228,9.076444137,,0.003825555,0,4.782685512,56.18556701,4.716024341,15.33219761,0.750328806
7229,4.170949207,2.530164838,2.538320323,3.533783821,1.012448484,6.923046877,8.550160982,51.48780488,0.697116527,1.97730988,2.226806062,42.9712507,-17.13076852,-40.40651172,0.520584731
8747,28.9271106,3.171738182,23.77265139,29.41329299,0.071501247,18.52908212,31.29885279,,0.565465557,7.999680003,0.82693416,21.80459644,6.342607993,9.082254414,0.964525927
5892,34.61115635,5.509716098,3.79010196,8.08412218,1.961411055,7.552429182,10.85195246,22.74493598,46.06712891,444.2126252,1.544652354,58.69295029,92.26352025,74.95329635,2.235381289
7917,8.418203754,5.03163858,4.33276943,6.712442366,1.019837216,8.803529373,10.7287624,74.94814815,4.060392656,9.729030575,2.038786825,66.80108257,10.70838383,21.24625524,0.835248908
9986,5.456431874,4.760907072,7.297201693,10.78839029,0.571573048,9.047423326,12.48882368,,0.296105774,2.231086619,12.73726233,26.92786134,-10.34731583,-24.7047979,1.009256781
5845,21.25677742,6.716450692,6.317717671,9.961805285,1.15166749,8.574323798,13.99173747,79.875,5.807160114,0.389267343,1.07697772,6.200472682,4.68380253,14.51612903,1.753557503
1811,4.397782527,2.060349873,2.904027847,3.077241837,0.588051816,3.228907674,3.521465274,12.33554817,17.84717621,34.37703243,1.508623696,25.66405484,-0.262033279,11.73638279,0.665189727
7371,3.025744656,2.582838199,6.180145117,6.978042867,0.384773493,6.541500923,9.652054164,86.45535914,4.408123903,4.136194805,4.10987251,59.1982484,-1.602565299,10.48584501,0.697563503
7164,13.38288405,6.482631532,56.32415924,73.67829811,0.118751785,57.34220319,75.30365794,49.32549941,6.088502472,12.56923554,4.060863841,0.274847284,10.32960223,7.347262358,1.327277171
9474,5.163245239,3.478296135,4.0473564,6.096670447,0.861764017,13.68643475,14.88122058,245.25,3.795979614,4.962575001,1.355891126,24.40752112,4.936822369,100.6134969,1.091701638
7550,16.95062109,5.004495092,3.456633506,6.609488653,1.456199697,8.170696517,10.82877915,13.09780335,44.97564287,142.8975127,1.318616114,121.9041864,17.69619933,39.88158409,2.255583094
4205,9.624447305,6.443031477,6.228262653,6.889149334,0.789176766,9.368900765,11.50965061,184.5796178,5.298752684,4.431353893,1.961124048,40.21464152,10.03664863,46.06350806,0.881891063
4559,8.112345479,4.563490712,11.38036148,13.97025216,0.563833866,22.05353253,22.62286082,26.96850693,26.65541407,45.67692986,1.27696771,29.75373263,15.30016576,25.5328845,1.060880544
9028,15.64532295,9.076648456,4.856503182,6.882977212,2.043709955,8.71667918,10.31026156,133.8947368,15.23773462,22.83396657,1.578775746,52.37173959,5.038685338,57.52321981,1.10404907
6031,25.10173589,7.740883715,12.42822987,21.3147061,0.647454594,22.20166438,26.94042972,14.22137268,58.6671224,190.2426992,2.617805452,5.811089077,36.34077712,,2.725056725
8135,6.596578025,2.930492384,5.40960784,1.968938147,1.775626826,2.043067132,2.205789293,363,0.763149058,1.896516182,1.584270339,14.32007146,6.451488731,24.17331813,0.803643359
3679,19.84984985,10.3841018,15.21414538,22.22789784,0.698159274,23.83104126,27.70923379,171.4242424,12.20380698,27.08208208,1.293400752,8.288288288,9.467073853,4.798073361,1.618811058
3375,13.24073452,7.124279182,3.202594259,4.619376612,1.704663988,3.791747647,4.955002116,103.9340126,21.61335932,30.39671618,2.424270522,31.35279185,7.855059695,2.197741905,0.801679338
7965,7.269509542,5.449920562,6.561639477,8.168862656,0.782073007,8.589044552,10.64387664,186.15,1.210154481,1.918546324,3.967743435,15.55239931,4.505795623,24.32793455,1.10569801
6694,-30.63342405,-9.219213971,-9.910121637,-0.326655755,0.898082322,1.368107183,4.512201088,-0.455449741,44.87742546,149.1178325,1.806127628,26.61324462,-3.51375812,-110.7162679,0.748804645
3092,46.98082436,24.54928489,21.27611657,30.38319156,1.211835712,25.26098972,32.60811426,513.9365079,10.58637956,20.25952451,1.846394749,25.77720601,8.179538718,7.691540137,7.234764264
6279,5.438355623,3.761787563,9.318236236,0.768644642,0.403915785,3.19761915,5.001173581,2.667431644,11.87242988,17.16378044,3.718613244,48.34719194,6.112402929,,0.804596649
6947,15.23020338,9.615676264,12.82938011,13.23697487,0.640740403,12.37235768,15.4108005,1494.526885,0.182978039,0.580649113,2.502442975,15.37419352,5.901438282,12.4150464,1.98830105
4387,4.932909987,0.713382268,4.011867517,0.483245249,0.315506619,-10.62361251,2.397086165,4.718525766,3.080990296,36.38567743,1.720357482,0,3.248352923,-87.42131256,0.740573335
